14541 14541 13382
13 734
13 4409
13 5838
13 13753
16 464
16 925
16 1102
16 4409
16 6137
16 10258
16 11880
16 13890
22 734
22 4409
22 4454
22 8557
22 11273
25 4416
25 11273
25 11880
28 925
28 1372
28 4409
28 6137
28 11273
31 734
31 4217
31 4409
31 5838
31 10512
36 1261
39 4409
39 4454
39 6137
39 11880
40 1261
40 4409
40 4454
40 10512
40 11880
40 13753
43 11273
43 13753
45 464
45 1261
45 3452
45 10512
45 13836
46 1032
46 11273
54 4409
77 1372
77 4409
77 10512
81 4409
81 4454
81 11880
85 925
85 4409
85 6137
85 10512
87 1261
87 1269
104 925
104 1372
104 4409
104 11880
104 13890
106 4409
106 10512
106 13753
106 13836
107 734
107 1261
107 10512
107 11891
107 12141
107 12421
107 13753
107 13836
110 1351
110 8604
111 159
111 1372
111 4409
111 4454
111 6137
111 10512
113 734
113 4409
113 11891
114 925
114 1261
114 1372
114 4409
114 6137
114 10512
114 11273
114 11880
115 159
115 1372
115 4409
115 4523
115 6137
115 11273
117 12089
118 4409
119 4409
119 4454
119 4523
119 6137
119 10373
120 1372
120 4409
121 11273
122 925
122 1372
122 2594
122 4409
122 4454
122 6137
122 11880
124 4409
125 4409
129 4409
130 4409
132 925
132 4409
132 10512
132 11880
133 7376
133 12089
136 4409
137 4409
140 1261
140 1269
140 8604
142 1261
148 1269
148 8604
149 1372
149 4409
149 4416
149 10512
149 13890
149 14065
154 1372
154 4409
154 4454
154 4523
154 6137
157 4409
157 11545
158 4416
158 11273
158 11880
158 14065
161 12089
163 4409
164 1372
164 4409
164 4454
165 1372
165 4409
165 4454
165 11703
165 11880
166 4409
166 13753
166 13836
167 4409
171 3452
171 4416
171 13836
177 925
177 4409
177 11880
178 734
178 1172
178 1261
178 3452
178 4409
178 7330
178 8604
178 10512
178 10533
178 11891
178 12141
178 13753
181 1372
181 4409
184 5838
184 10512
184 11891
184 13836
185 1372
185 4409
186 734
186 1261
186 10512
186 11891
186 12141
187 4409
187 12421
187 13836
188 5838
188 10512
188 13753
188 13836
189 734
189 1172
189 1261
189 3452
189 4409
189 5838
189 10512
190 734
190 1261
190 10512
193 4409
196 637
196 1351
196 10512
196 11891
196 12421
196 13836
198 4409
204 490
204 1372
204 4454
204 6137
204 11880
205 734
205 5838
205 7330
205 12141
205 13753
205 13836
206 8604
206 13836
211 4409
211 11545
218 12514
220 10512
220 13349
220 13836
221 10512
221 11891
221 13836
222 1261
222 1372
222 4409
222 4454
222 6137
222 11880
222 11891
225 734
225 1261
225 3452
225 4409
225 10512
225 13836
226 734
226 10512
228 734
228 4409
228 5838
228 10512
228 11891
228 12141
228 13836
229 1261
229 4409
229 13836
230 734
230 1372
230 4409
230 5838
230 6317
230 10512
230 11891
230 13753
232 4409
232 4454
232 11880
232 13349
233 734
233 4409
233 5838
233 7330
233 8666
233 10512
233 11891
233 12141
233 13836
238 4409
241 4409
244 4409
244 6137
248 925
248 4409
248 4454
248 11880
248 13890
267 1032
267 2186
267 5359
267 11273
267 13753
268 3000
268 4409
285 925
285 4409
285 4523
285 6137
285 10512
285 11880
285 13890
286 11273
289 925
289 1372
289 4409
289 10512
289 13836
290 734
290 5838
290 10512
290 13753
290 13890
293 4409
296 1372
296 4454
296 8569
296 11880
297 1372
297 4409
297 4454
297 11880
298 925
298 4409
298 13890
299 159
299 734
299 4409
299 10512
299 11545
299 13349
299 13836
300 4409
300 13890
302 1372
302 4409
302 6137
302 10512
302 11880
302 11891
309 4409
312 4409
312 10512
312 13890
313 1351
313 1372
313 4409
313 4454
313 6137
313 11880
316 734
316 4409
316 10512
316 11545
319 4409
322 4409
325 4409
327 1372
327 4409
327 6137
327 13836
328 734
328 1261
328 1372
328 3452
328 4409
328 5838
328 10512
328 11880
328 12141
328 13349
328 13836
333 1127
333 11273
333 11619
333 13349
337 1261
337 1269
337 8604
338 1372
338 4409
338 6137
338 8557
338 11880
338 11891
340 734
340 1261
340 4409
340 10512
340 13753
340 13836
345 1269
345 10512
354 734
354 10512
354 13836
360 1372
360 4454
360 11703
361 11273
361 11880
363 1372
363 4409
363 6137
364 1261
365 734
365 4409
365 4454
365 11880
366 4409
367 1372
367 4409
367 4416
367 4454
369 1372
369 4409
369 4454
369 11880
375 4409
389 4416
389 11273
392 11273
393 734
393 1261
393 1372
393 3452
393 4409
393 5838
393 10512
393 11891
393 13836
395 4409
395 11273
395 13349
395 13890
396 4409
397 159
397 9957
397 12089
401 4409
403 4409
403 10512
405 925
405 4409
405 6137
405 11273
405 11880
405 13890
406 1372
406 4409
406 4454
406 4523
406 6137
406 11880
407 925
407 1261
407 1372
407 4409
407 6137
407 10512
407 11880
407 13349
408 4409
412 4409
414 4409
414 10512
415 4409
415 6137
418 1261
418 10512
418 11891
419 1372
419 4409
419 4454
419 11880
422 734
422 4409
422 5838
422 10512
422 11891
422 13349
422 13836
424 4409
424 11568
425 1372
425 4409
425 4454
425 6137
425 11880
426 4409
426 11273
426 11880
427 4409
428 925
428 1372
428 4409
429 734
429 4409
429 5838
429 8666
429 11273
436 4409
437 1372
437 4409
437 4454
437 11273
437 13890
441 4409
441 14065
448 637
448 7376
448 12089
448 13349
450 4409
450 10512
450 11891
450 13836
451 925
451 4409
451 11880
451 13349
451 13890
454 734
460 4409
461 1372
461 4409
461 4454
461 11880
462 326
462 925
462 1372
462 4409
462 6137
462 13349
470 4409
470 13890
471 4409
472 4409
473 1372
473 4409
473 4454
473 11880
476 4409
476 6137
476 8796
476 11891
476 13349
476 13753
476 13836
483 4409
484 4409
486 1261
486 4409
486 4454
486 4523
486 10512
486 11273
486 11880
487 4409
488 4409
489 4409
497 1372
497 4409
497 6137
497 11273
497 11880
501 734
501 4409
501 11891
501 13753
501 13836
503 4409
503 12089
504 1372
504 4409
504 4454
504 4523
504 6137
504 11880
504 13349
504 13461
506 4409
507 1372
507 4409
507 4454
507 11880
508 1372
508 4454
510 925
510 1372
510 4409
510 10258
510 11880
511 4409
511 10512
514 1372
514 4409
518 464
518 925
518 4409
518 4454
518 4523
518 6137
518 11880
518 13890
519 925
519 1372
519 4409
519 4454
519 4523
519 6137
519 11273
519 11880
519 13349
522 4409
524 4409
527 4409
529 4409
530 1372
530 4409
530 4454
530 13461
531 4409
532 1269
532 3893
534 4409
535 4409
536 4409
536 4454
536 11880
536 13349
538 4409
538 4454
539 4409
542 1261
544 4409
546 4409
546 13890
548 734
548 7330
548 11891
548 13836
550 734
550 10512
555 326
556 1372
556 4454
556 4523
556 6137
556 11880
563 734
563 4409
563 5838
563 10512
563 11545
563 11891
563 13753
563 13836
564 4409
564 6137
564 11273
564 13349
567 734
567 1261
567 3452
567 4409
567 7330
567 10512
567 11891
567 12141
567 13753
569 1372
569 4409
569 4454
569 6137
569 8796
575 734
575 4409
575 13349
577 734
577 1172
577 4409
577 10512
577 11891
577 12141
577 13836
577 13890
578 159
578 464
578 1372
578 4409
578 4957
578 8539
578 13349
584 159
584 1372
584 4409
586 4409
588 11703
589 1261
589 3452
589 4416
589 11880
589 13836
601 159
601 7130
601 11891
605 734
605 4409
605 5838
605 10512
605 13836
608 734
608 8666
608 10512
608 13349
608 13753
608 13836
611 159
611 734
611 1372
611 5838
611 10512
611 11273
611 13349
611 13836
612 4409
612 10512
615 1372
615 4454
615 4523
615 6137
615 11273
615 13890
617 734
617 5838
617 10512
617 13836
619 1372
619 4409
619 6137
621 925
621 1372
621 4409
621 4454
621 6137
621 11880
625 1372
625 4409
625 4454
625 11880
626 326
631 4409
631 10512
633 1372
633 11273
633 13349
634 4409
634 4416
634 11273
634 11880
635 4409
635 13836
636 4409
639 734
639 1271
639 4409
639 11891
639 13753
639 13836
642 4409
642 14065
643 1372
643 4454
643 11880
644 464
644 925
644 1372
644 4409
644 4454
644 11619
644 11880
644 13349
644 14065
646 4409
646 4454
646 13890
647 734
647 4409
647 10512
649 734
649 10512
649 11891
651 4409
651 4416
651 4454
651 8666
651 11273
651 11619
651 11880
651 12089
651 13349
652 734
652 10512
653 4409
654 734
654 4409
654 5838
654 10512
654 11880
654 11891
654 13836
656 1261
656 3452
656 13836
659 1269
659 1351
660 4409
661 4409
662 4409
662 4523
662 6137
663 4409
664 1271
664 4409
664 10512
664 11891
664 13753
664 13836
665 1372
665 4409
667 4409
667 6137
667 13890
668 1372
668 4409
668 4454
668 6137
668 11880
668 11891
673 8569
673 12089
673 13349
676 925
676 4409
676 4454
676 11880
682 925
682 4409
683 734
683 1261
683 5838
683 10512
683 13753
683 13836
684 2267
684 4217
684 4409
684 11891
685 734
685 4409
685 11891
687 734
687 4409
687 5838
687 6137
687 10512
690 734
690 10512
691 734
691 5838
691 10512
691 11891
691 12141
691 13836
693 734
693 1261
693 1372
693 4409
693 4454
693 10512
694 4409
694 11891
694 13753
695 734
695 4409
695 10512
696 734
696 1261
696 8604
696 10512
696 12141
696 13836
697 734
697 4409
697 10512
697 13753
697 13836
700 925
700 4409
700 6137
700 11880
701 1372
701 4409
701 4454
701 4523
701 14065
706 4409
706 6137
706 11545
710 734
710 4409
710 10512
710 11891
710 13753
714 734
714 1261
714 4409
714 10512
714 11891
717 4409
718 4409
718 4454
718 10512
718 11273
718 13349
718 14065
722 4409
723 4409
723 13890
724 1372
724 4409
724 4454
724 4523
724 13890
725 4409
727 4409
729 4409
729 4416
729 4454
729 4523
729 11273
729 11880
729 13349
730 1372
731 4409
731 5838
731 10512
731 13836
732 734
732 1372
732 4409
732 10512
732 11880
735 4409
735 4454
735 4523
737 4409
740 4409
743 4409
743 13890
749 1372
749 4409
750 4409
751 4409
753 4409
757 1372
757 4409
758 4409
758 4454
758 11880
764 4409
765 1372
765 4454
765 11880
785 4409
785 11545
790 11619
790 12089
792 1372
792 4409
792 4454
792 11880
798 3452
798 4409
798 11273
801 734
801 4409
801 5838
801 10512
809 4416
809 8666
809 11273
809 14428
811 159
811 734
811 1261
811 3000
811 3452
811 4409
811 11545
811 11891
811 13836
812 1372
812 4454
812 11880
812 13349
820 1372
820 4409
820 4523
820 6137
820 11880
824 4409
824 5838
824 10512
824 11891
824 13836
827 734
827 3452
827 4409
827 5838
827 10512
827 11880
827 11891
827 12421
827 13836
828 4409
832 925
832 4409
843 4409
845 1261
845 10512
845 11891
845 13836
848 1372
848 4409
848 4523
848 6137
848 13890
850 1372
850 4409
853 1372
853 4409
853 4454
854 3452
854 4416
854 8666
854 11273
854 11880
854 14065
864 734
864 10512
864 11891
867 4409
867 13349
867 13836
870 8666
870 10512
870 11273
870 13349
870 13753
870 13836
871 925
871 1372
871 4409
871 4454
871 6137
871 11880
878 1372
878 4409
878 11880
881 734
881 5838
881 10512
881 13836
882 734
882 4409
882 5838
882 10512
882 11273
887 4409
888 4409
888 13890
889 1372
889 4454
889 11880
890 4409
890 10512
891 1372
891 4454
891 11880
896 1372
896 4409
896 4454
896 4523
896 6137
896 13890
898 4409
898 13890
906 4409
906 10512
906 12421
906 13836
907 1372
907 4409
907 6137
907 8796
907 10512
913 4409
914 1372
914 3011
914 4409
914 10512
914 11891
917 4409
918 11273
918 13349
919 4409
920 5838
923 1261
923 8604
923 11891
923 13836
924 925
924 1372
924 4409
924 6137
924 11880
924 13349
924 13836
954 734
954 4409
954 11891
954 13753
957 1372
957 4409
957 9776
959 7330
959 10512
959 11891
959 13836
960 4409
960 7330
960 10512
960 11891
960 13836
962 151
965 4409
965 11880
967 4409
972 3274
972 4409
977 1372
977 4409
977 4454
977 11703
977 11880
977 13461
987 1261
987 10512
987 11891
987 12141
987 13753
988 734
988 4409
988 5838
988 10512
988 13836
989 734
989 1261
989 7330
989 10512
989 10533
989 11891
990 1372
990 4409
990 6137
991 1372
991 4409
991 11273
991 11545
995 1372
995 4409
998 11273
998 11619
998 13349
999 925
999 4409
1009 1372
1009 5838
1009 11891
1009 12141
1009 13836
1013 4409
1014 4409
1015 734
1015 5838
1015 10512
1015 11891
1015 13349
1015 13836
1016 4409
1016 11545
1024 7376
1024 12089
1029 1351
1029 11273
1029 13349
1033 734
1033 4409
1033 10512
1033 13753
1034 4409
1034 13890
1038 4409
1046 4409
1048 734
1048 4409
1055 1959
1055 6576
1055 9156
1055 9957
1055 11273
1055 12089
1055 13349
1056 734
1056 4409
1056 11891
1056 13836
1059 11273
1065 4409
1066 2206
1066 4409
1079 173
1079 464
1079 4409
1079 10258
1084 159
1084 6137
1084 11880
1085 1372
1085 4409
1085 4454
1085 6137
1085 11545
1085 13836
1088 464
1088 490
1088 1372
1088 4409
1088 4454
1088 6576
1088 11880
1097 925
1097 1934
1097 3274
1097 4409
1097 13890
1103 11891
1103 12141
1103 13836
1109 1372
1109 4409
1109 4416
1109 4454
1109 11273
1109 11619
1109 11880
1119 1256
1119 10373
1119 12089
1122 4416
1122 11273
1122 11880
1122 13349
1135 1372
1135 4409
1135 4454
1135 6137
1135 11880
1139 4409
1141 4416
1141 13349
1142 1372
1142 4409
1142 4454
1142 11273
1142 11880
1143 1261
1143 13836
1148 4409
1149 1372
1149 4409
1149 6137
1149 10512
1155 4409
1155 13349
1159 1372
1159 4409
1159 4454
1159 4523
1159 6137
1159 11880
1162 490
1162 1372
1162 4409
1162 6137
1162 10512
1162 11880
1162 13890
1163 490
1163 1261
1163 1372
1163 3452
1163 4409
1163 4454
1163 4523
1163 6137
1163 10512
1163 11273
1163 11880
1163 13890
1164 1372
1164 4409
1166 734
1166 4409
1166 11545
1167 1372
1167 6137
1174 1372
1174 4409
1174 4523
1174 6137
1174 13890
1190 1372
1190 11880
1192 1372
1192 4409
1198 734
1198 925
1198 4409
1198 4454
1198 4523
1198 10512
1198 11273
1198 11880
1198 13349
1198 13753
1200 4409
1202 734
1202 5838
1202 10512
1202 12421
1202 13461
1202 13753
1202 13836
1209 4409
1210 4409
1210 6137
1210 8557
1219 4409
1219 10512
1222 734
1222 4409
1222 4416
1222 10512
1222 13349
1223 6248
1223 7688
1223 8569
1224 5838
1224 10512
1224 13836
1235 159
1235 1372
1241 490
1241 1032
1241 1372
1241 4454
1241 6137
1241 11880
1250 374
1250 490
1250 1372
1250 4454
1250 4523
1250 6137
1250 11880
1250 13890
1251 490
1251 3217
1251 4454
1251 4523
1252 490
1252 1372
1252 4454
1252 11273
1252 11880
1253 1372
1253 4409
1255 1372
1255 4409
1255 4454
1255 11880
1264 1261
1265 3452
1265 11273
1268 734
1268 5838
1268 10512
1268 11891
1268 13836
1281 1261
1281 1269
1283 925
1283 4409
1283 13349
1291 4409
1294 4409
1300 4409
1300 4454
1300 11880
1312 4409
1312 11545
1316 1372
1316 4454
1316 11880
1318 4409
1320 4409
1320 4523
1320 6137
1320 11880
1320 13349
1323 1261
1323 3452
1323 4409
1323 5838
1323 10512
1323 13836
1331 4409
1333 4409
1333 13753
1333 13836
1334 4409
1340 4409
1344 4409
1345 4409
1345 11545
1346 464
1346 925
1346 4409
1346 4523
1346 6137
1346 10512
1346 11273
1346 11891
1347 4409
1347 4454
1347 13836
1357 1261
1357 1351
1357 3932
1357 5838
1357 6317
1357 10512
1357 11891
1357 13836
1359 1372
1359 4409
1359 4454
1359 6137
1364 4409
1368 1372
1368 4409
1368 4416
1368 6137
1368 11880
1370 1372
1370 4217
1370 4409
1370 10258
1370 13890
1371 1261
1371 4217
1371 11891
1374 4409
1375 4409
1376 4409
1386 1172
1386 1261
1386 3517
1386 13836
1387 11273
1387 13349
1388 1261
1388 1269
1388 3893
1388 8604
1388 10512
1390 4409
1396 734
1396 4409
1396 6137
1396 11891
1396 13836
1410 4409
1412 637
1412 9156
1412 11273
1414 464
1414 4409
1414 11273
1415 734
1415 925
1415 1372
1415 4409
1415 9776
1415 11273
1416 734
1416 4409
1416 10512
1419 4409
1427 11273
1437 1372
1437 4409
1437 4454
1437 4523
1437 11273
1437 11880
1444 326
1444 4409
1446 4409
1451 4409
1451 10512
1453 4409
1453 13890
1455 1372
1455 4454
1455 4523
1455 6137
1455 11880
1458 1372
1458 4454
1458 11880
1460 4409
1464 1372
1464 4409
1464 4454
1464 4523
1464 11880
1466 4409
1466 10512
1470 734
1470 10512
1470 13836
1481 4409
1484 1261
1484 10512
1484 12421
1484 13836
1486 4409
1486 4454
1486 10512
1486 11880
1486 13890
1493 4409
1494 734
1494 4409
1494 13349
1494 13836
1511 925
1511 4409
1519 1372
1519 4409
1519 13349
1523 4409
1524 734
1524 4409
1524 13890
1525 326
1525 1372
1525 4409
1525 6137
1525 11273
1525 11545
1526 925
1526 4409
1526 13890
1530 4409
1532 4409
1532 13349
1534 1372
1534 4409
1534 4454
1534 10512
1534 11880
1534 13836
1535 4416
1535 11880
1538 925
1538 1372
1538 4409
1538 4454
1538 11880
1541 1372
1541 7130
1541 11880
1541 13836
1542 326
1542 4409
1544 1372
1544 4409
1544 4454
1544 6137
1544 10512
1544 11880
1544 13349
1544 13461
1545 4409
1546 4409
1549 1372
1549 4409
1550 464
1550 925
1550 1372
1550 4409
1550 4454
1550 8666
1550 11880
1550 13349
1552 490
1552 1032
1552 1372
1552 4409
1552 4454
1552 11880
1552 13890
1553 1372
1553 4409
1553 4454
1553 11880
1556 11273
1556 11619
1556 13349
1562 4409
1569 4409
1569 4416
1569 11880
1570 464
1570 925
1570 4409
1570 6137
1570 11880
1570 13890
1572 4409
1575 1372
1575 4409
1575 4454
1575 4523
1575 6137
1579 734
1579 5838
1579 10512
1579 13836
1582 1261
1582 1269
1582 3893
1582 7330
1582 10512
1582 11891
1582 13836
1583 1372
1583 4454
1583 11880
1584 1372
1584 4409
1584 6137
1587 4409
1587 4454
1587 12089
1596 1372
1596 4409
1596 11880
1601 925
1601 4409
1601 11880
1601 13753
1601 13890
1603 4454
1603 6137
1603 11273
1603 11880
1607 4409
1636 4409
1638 4409
1642 4409
1643 4409
1644 4409
1645 4409
1648 1261
1648 4409
1648 10512
1648 11891
1648 13836
1648 13890
1650 4409
1651 1372
1652 1372
1652 4409
1652 4416
1652 4454
1652 11273
1652 11619
1652 11880
1652 13349
1656 925
1656 1372
1656 4409
1656 4454
1656 4523
1656 11880
1658 11273
1659 11273
1659 11880
1659 13349
1661 4409
1662 734
1662 925
1662 4409
1662 10512
1662 13349
1668 1372
1668 4409
1668 4454
1668 4523
1668 6137
1668 11273
1668 13349
1671 925
1671 4409
1671 6137
1671 11880
1671 13890
1674 457
1674 9423
1674 11619
1674 13349
1677 4409
1679 11880
1679 13349
1680 4409
1680 6137
1680 13890
1683 159
1683 1372
1683 4409
1683 4454
1683 11880
1686 734
1686 4409
1686 11891
1690 4409
1691 925
1691 4409
1691 13890
1692 4409
1696 1372
1696 4409
1696 4454
1696 11880
1697 925
1697 1372
1697 4409
1697 7449
1697 11880
1712 734
1712 1372
1712 3452
1712 6137
1712 10512
1712 11891
1713 10512
1713 13753
1720 5838
1720 10512
1720 11891
1720 13836
1726 925
1726 4409
1726 6137
1726 11880
1734 1372
1734 4454
1734 14065
1736 734
1736 4409
1736 10512
1739 734
1739 5838
1739 10512
1739 11891
1739 13349
1739 13836
1742 1372
1742 4409
1742 4454
1742 11273
1742 11880
1742 13349
1743 4409
1744 1372
1744 4409
1744 4454
1744 11545
1745 925
1745 4409
1745 13890
1746 4409
1748 734
1748 4409
1748 10512
1748 11891
1748 13349
1748 13753
1748 13836
1752 457
1752 464
1752 925
1752 1372
1752 4409
1752 6137
1752 9423
1752 11619
1752 11880
1753 159
1753 734
1753 1372
1753 4409
1753 6137
1753 8557
1753 11880
1753 13349
1753 13890
1754 1372
1754 2206
1754 4409
1767 4409
1767 6137
1769 159
1769 464
1769 2206
1769 4409
1769 6137
1769 11545
1769 11568
1769 13349
1772 151
1776 4409
1776 10512
1776 13836
1777 734
1777 4409
1777 11891
1778 4409
1778 6137
1781 734
1781 11891
1781 13836
1782 925
1782 1372
1782 4409
1782 4523
1782 6137
1782 11880
1785 1261
1785 3452
1787 4409
1795 1261
1795 1269
1801 326
1801 4409
1801 7376
1806 1372
1806 4409
1806 4454
1806 11880
1806 13349
1807 1261
1808 1261
1808 3452
1808 13836
1809 1261
1809 3452
1809 8557
1809 13836
1822 1372
1822 4409
1822 4454
1822 6137
1822 11880
1829 326
1830 925
1830 4409
1830 6137
1836 8712
1836 12089
1836 12204
1838 734
1838 4409
1838 10512
1842 12089
1843 1261
1843 11891
1843 13836
1846 1172
1846 1261
1846 8604
1846 10512
1846 12141
1846 13836
1848 4409
1848 6137
1848 10512
1848 11568
1849 11273
1850 4409
1850 10512
1852 4409
1854 4409
1857 1351
1857 11619
1857 13349
1859 4409
1862 4409
1864 734
1864 10512
1864 11891
1864 13836
1867 925
1867 4409
1867 11880
1868 734
1868 1372
1868 4409
1868 10512
1869 734
1869 11891
1870 734
1870 1261
1870 3452
1870 4409
1870 10512
1870 11891
1870 13753
1870 13836
1871 734
1871 4409
1871 10512
1873 4409
1873 13349
1881 734
1881 10502
1881 10512
1881 11891
1881 13836
1886 4409
1887 4409
1888 4409
1888 11545
1889 5838
1889 10512
1889 13836
1890 4409
1898 925
1898 4409
1898 4523
1898 6137
1898 11880
1900 326
1900 4409
1902 4409
1902 6137
1904 4409
1904 13349
1904 13836
1905 734
1905 10512
1905 12141
1905 13836
1910 4409
1911 13836
1913 4409
1913 6137
1913 11880
1916 734
1916 6317
1916 10512
1916 12141
1916 13836
1917 1261
1917 3932
1917 4409
1917 10512
1919 13890
1921 4409
1922 3893
1922 10512
1922 11891
1922 13753
1922 13836
1923 4409
1923 6137
1923 10512
1923 11273
1923 11880
1923 13890
1924 1372
1924 4409
1924 4454
1926 1372
1926 4409
1926 10512
1926 11891
1926 13836
1929 1261
1929 10512
1929 13836
1932 3452
1932 4409
1932 10258
1932 11273
1932 13890
1933 464
1933 734
1933 13890
1935 10512
1937 173
1937 1372
1937 4409
1937 6137
1937 11545
1937 11880
1937 13349
1938 1372
1938 4409
1938 13349
1939 925
1939 4409
1939 6137
1939 11273
1940 1261
1940 1269
1940 1351
1940 4409
1940 8604
1940 13836
1941 734
1941 4217
1941 4409
1941 5838
1941 10512
1941 11891
1941 13836
1944 4409
1944 11545
1946 4409
1949 1261
1949 1269
1949 4409
1949 8604
1953 734
1953 1261
1953 4409
1953 5838
1953 7330
1953 10512
1953 11891
1953 13836
1954 1261
1954 8604
1954 10512
1954 11891
1954 13836
1955 1261
1955 10512
1964 1261
1964 1269
1964 3932
1964 4409
1964 6317
1965 464
1965 925
1965 4409
1965 10512
1965 11880
1967 734
1967 4409
1967 10512
1967 13349
1967 13836
1969 1372
1969 4409
1969 11545
1970 1261
1970 1269
1970 10512
1974 4409
1976 4409
1976 13890
1980 4409
1980 11545
1981 925
1981 1261
1981 1372
1981 4409
1981 4454
1981 11880
1982 925
1982 4409
1982 6137
1982 9423
1982 10258
1982 11273
1982 11880
1982 12089
1982 13349
1983 1261
1983 3932
1983 10512
1985 1261
1985 3452
1985 11891
2001 925
2001 4409
2001 13890
2002 734
2002 3932
2002 6317
2002 10512
2002 11891
2002 13753
2008 734
2008 4409
2008 10512
2008 11880
2008 12294
2010 1261
2010 1372
2010 4409
2010 12514
2015 1261
2015 3932
2015 10512
2015 11891
2015 12421
2017 10512
2018 734
2018 1261
2018 3452
2018 4416
2018 10512
2018 11273
2020 5749
2020 9156
2020 9698
2027 1261
2027 1372
2027 4409
2027 5838
2027 10512
2029 734
2029 10512
2032 734
2032 5838
2040 10512
2043 1261
2043 1372
2043 3452
2043 3893
2043 3932
2043 4409
2043 10512
2043 13836
2045 4409
2046 4409
2046 6137
2046 11880
2048 4409
2051 734
2051 4409
2051 5838
2051 10512
2051 11273
2051 11891
2052 1261
2054 734
2054 10512
2054 11891
2060 464
2060 4409
2060 6137
2060 10258
2060 10512
2060 13349
2067 1261
2067 3452
2067 3893
2067 4409
2067 6137
2067 11880
2072 1269
2074 4409
2074 13890
2076 1372
2076 4409
2077 4409
2078 1372
2078 4409
2079 4409
2079 11545
2080 637
2080 734
2080 1127
2080 1172
2080 10512
2080 11891
2081 10512
2081 13753
2084 734
2084 4409
2084 4523
2084 6137
2087 925
2087 4409
2087 6576
2087 13890
2088 5838
2088 10512
2088 11891
2088 13836
2089 7376
2089 12089
2090 374
2090 4409
2090 13890
2093 4409
2093 5838
2093 10512
2093 11891
2093 12421
2093 13753
2093 13836
2094 734
2094 1261
2094 10512
2094 11891
2094 13836
2095 4409
2095 11891
2095 13836
2096 4409
2096 5838
2097 6137
2097 7376
2097 11880
2098 326
2099 1372
2099 6137
2099 8539
2099 11880
2100 4409
2100 13890
2101 3893
2101 4409
2104 637
2104 925
2104 4409
2104 7376
2104 9423
2104 11273
2104 12204
2104 13349
2111 2206
2111 4409
2111 10512
2113 925
2113 1372
2113 4409
2113 6137
2113 9423
2113 11880
2113 13349
2117 925
2117 4409
2117 10512
2123 734
2123 4409
2123 10512
2123 13890
2126 1372
2126 4409
2126 4454
2127 734
2127 1261
2127 4409
2127 10512
2127 11891
2127 13461
2127 13753
2130 1372
2130 4454
2133 464
2133 11273
2133 11619
2133 13349
2134 1372
2135 925
2135 4409
2135 4454
2135 11880
2137 925
2137 4409
2137 13890
2142 925
2142 1372
2142 4409
2142 6137
2142 11880
2143 1372
2143 4409
2143 4523
2143 6137
2143 11880
2151 5838
2151 10512
2151 11891
2151 13836
2153 1261
2156 734
2156 10512
2156 11891
2159 4409
2159 13890
2162 4409
2162 10512
2163 734
2163 4409
2163 5838
2163 10512
2163 10533
2163 13836
2164 10512
2164 10533
2164 11891
2164 13349
2169 4409
2171 1261
2171 1269
2171 10512
2171 11891
2173 1372
2173 4409
2173 4454
2173 10512
2173 11880
2174 380
2174 925
2174 3000
2174 4409
2175 925
2175 4409
2175 11880
2177 925
2177 4409
2178 5838
2178 10512
2178 11891
2178 13836
2179 734
2179 13890
2183 4409
2184 4409
2184 11880
2184 13890
2185 4409
2185 4416
2185 11273
2185 11880
2187 4409
2187 11273
2187 13890
2189 1372
2189 4409
2189 4454
2189 10512
2189 11880
2189 13349
2189 13753
2192 925
2192 4409
2192 13890
2194 1172
2194 1261
2194 5838
2194 10512
2194 13836
2195 5838
2195 10512
2195 13753
2195 13836
2198 4409
2198 4454
2198 4523
2198 11880
2201 1372
2201 4409
2201 4454
2201 5838
2201 10512
2201 11880
2201 13349
2201 13836
2202 4409
2202 4523
2202 6137
2203 4409
2204 925
2204 4409
2204 11545
2204 11880
2209 1372
2209 3685
2209 4454
2209 11880
2212 1261
2212 1269
2212 3932
2212 13836
2215 4409
2216 4409
2217 1372
2217 4409
2217 4454
2217 4523
2217 11880
2219 490
2219 1032
2219 1261
2219 1372
2219 4409
2219 4454
2219 4523
2219 11273
2219 11880
2219 13890
2221 1261
2221 3932
2221 5838
2221 10512
2221 11891
2223 734
2223 3893
2223 5838
2223 10512
2223 13836
2228 6317
2228 11891
2228 13836
2229 1261
2229 3452
2229 4409
2229 4416
2229 11880
2229 13836
2230 734
2230 5838
2230 8604
2230 10512
2231 464
2231 925
2231 4409
2231 13890
2232 4409
2234 1372
2234 4409
2234 6137
2234 11880
2235 4409
2235 13890
2236 4409
2237 4409
2237 11273
2237 11545
2237 11568
2238 464
2238 4409
2238 6137
2238 11545
2238 11568
2239 4409
2239 11545
2240 925
2240 4409
2245 159
2245 457
2245 464
2245 6137
2245 11880
2245 11891
2248 1372
2248 4409
2248 4454
2248 6137
2248 11880
2249 734
2249 4409
2249 4454
2249 13349
2249 13890
2251 734
2251 1271
2251 4409
2251 11545
2252 4409
2253 1372
2253 3000
2253 4409
2253 6137
2253 10373
2253 11880
2255 925
2255 4409
2255 10512
2258 925
2258 1372
2258 4409
2258 4454
2258 11273
2258 11880
2259 925
2259 4409
2261 4409
2262 3274
2262 4409
2264 4409
2265 1372
2265 4409
2266 4409
2266 13890
2268 1372
2268 4409
2268 11545
2269 5838
2269 10512
2269 11891
2269 13836
2270 1372
2270 4409
2270 4454
2270 11880
2275 1261
2275 13836
2277 4409
2277 11545
2279 1261
2279 1269
2280 1261
2280 1372
2280 3452
2280 3893
2280 4409
2280 6137
2280 11880
2282 4409
2282 8666
2282 10512
2282 13349
2282 13461
2292 1372
2292 4409
2293 1372
2293 3217
2293 4753
2293 6137
2293 11273
2293 13349
2293 13753
2294 713
2307 734
2307 1261
2307 4409
2307 10512
2307 11891
2307 13753
2308 734
2308 1261
2308 3452
2308 10512
2308 11891
2308 13836
2309 11273
2309 11880
2309 13349
2311 1372
2311 4454
2311 11880
2313 4409
2314 159
2314 4409
2314 4454
2314 5838
2314 10512
2314 13836
2317 4409
2319 3893
2319 4409
2322 637
2322 1372
2322 4409
2322 4416
2322 4454
2322 6137
2322 8666
2322 11619
2322 11880
2322 13349
2325 1372
2325 4409
2325 11880
2325 13890
2326 4409
2326 10512
2326 13836
2331 1372
2331 4409
2331 6137
2331 11880
2339 1261
2339 3932
2339 10512
2339 13836
2342 1372
2342 4409
2342 4454
2342 4523
2342 6137
2342 11703
2344 1172
2344 10512
2344 11891
2344 12141
2344 13836
2349 13890
2350 4409
2350 10512
2352 734
2352 4409
2352 8666
2352 10512
2352 11891
2354 464
2354 4409
2354 11545
2356 1372
2356 4409
2356 4454
2356 4753
2356 11703
2356 11880
2358 4409
2359 4409
2363 4409
2365 4409
2365 13349
2368 1372
2368 4409
2372 734
2372 12421
2372 13836
2373 13890
2383 13890
2386 1261
2386 5838
2386 10512
2386 11891
2386 13836
2387 6137
2387 11880
2388 1372
2388 4454
2388 11880
2396 4409
2398 734
2398 4409
2398 13890
2399 10512
2399 13836
2401 925
2401 1372
2401 4409
2401 6137
2401 10512
2401 11880
2401 13349
2403 1261
2403 13836
2404 734
2404 4409
2404 8604
2404 11891
2405 4409
2405 6137
2406 1372
2406 4409
2406 4454
2408 4409
2408 4416
2408 11273
2408 11880
2408 14065
2409 734
2409 10512
2410 4409
2412 4454
2412 11880
2414 1351
2414 4409
2414 4454
2414 4523
2416 925
2416 4409
2416 6137
2416 13890
2417 4409
2417 13890
2420 6137
2420 11880
2423 7302
2423 8666
2423 11273
2424 4409
2424 11545
2429 1372
2429 6137
2429 11880
2435 3452
2435 4409
2435 13836
2435 13890
2438 4409
2439 4409
2443 4409
2443 4523
2443 6137
2445 1372
2445 4409
2447 925
2447 4409
2447 10512
2447 13890
2450 4409
2458 925
2458 1261
2458 4409
2458 5838
2458 10512
2458 13836
2460 3452
2460 3893
2460 4409
2460 10512
2460 11891
2460 13836
2468 4409
2471 4409
2471 4454
2471 4523
2471 6137
2472 1372
2472 4409
2472 6137
2472 10512
2474 464
2474 4409
2477 734
2477 4409
2477 5838
2477 10512
2477 11891
2477 12089
2477 13753
2477 13836
2478 734
2478 925
2478 3011
2478 4409
2478 5838
2478 10512
2478 11891
2478 13753
2478 13836
2479 4409
2479 6137
2479 11880
2490 734
2490 4409
2490 10512
2490 11545
2490 11891
2492 490
2492 925
2492 5838
2492 10512
2492 13890
2494 380
2494 1372
2494 4409
2494 4454
2494 6137
2494 8391
2494 11880
2495 1372
2495 4409
2495 4454
2497 13890
2500 734
2500 4409
2500 5838
2500 7330
2500 10512
2500 11891
2501 734
2501 1261
2501 1269
2501 10512
2501 11891
2501 13836
2502 173
2502 925
2502 1372
2502 4409
2502 4454
2502 11880
2508 925
2508 4409
2508 10512
2508 11880
2510 326
2519 4409
2522 4409
2531 4409
2531 4454
2531 11880
2538 925
2538 1372
2538 4409
2538 6137
2538 9423
2538 11880
2540 734
2540 4409
2541 1372
2541 4409
2541 4454
2541 11880
2545 1372
2545 4409
2545 13836
2548 4409
2548 10512
2549 1372
2549 4409
2549 4454
2549 11880
2552 1372
2552 4409
2552 4454
2552 11703
2552 11880
2554 464
2554 734
2554 4409
2554 5838
2554 10512
2557 1372
2557 4454
2557 6137
2557 11880
2558 464
2558 1372
2558 4409
2562 1372
2562 6137
2563 1372
2563 4409
2563 6137
2567 5838
2567 10512
2567 13836
2570 925
2570 4409
2570 6137
2570 10258
2570 11880
2570 13349
2572 2507
2572 4409
2572 6137
2572 11880
2575 925
2575 4409
2575 11880
2577 7688
2577 8550
2577 9156
2577 12781
2579 1261
2579 1269
2580 4409
2581 637
2581 4409
2581 7688
2581 8550
2581 9156
2581 11273
2581 12781
2581 13349
2584 1372
2584 4409
2588 4409
2588 6137
2593 4409
2593 13890
2595 925
2595 4409
2602 3000
2602 4409
2602 11273
2602 11880
2604 4409
2605 1172
2605 4409
2605 5838
2605 10512
2605 11891
2605 13836
2606 734
2606 4409
2606 10512
2606 13890
2609 925
2609 4409
2609 6137
2609 11880
2609 13890
2610 734
2610 1261
2610 4409
2610 7130
2610 11545
2610 11891
2610 13836
2613 1372
2613 4454
2613 4523
2613 6137
2613 11273
2613 11880
2614 4409
2615 4409
2615 13890
2617 4409
2617 13890
2619 734
2619 925
2619 4409
2619 4454
2619 4523
2619 8666
2619 11880
2619 14065
2620 734
2620 3452
2620 4409
2620 13836
2621 4409
2621 4454
2621 5838
2621 10512
2621 11891
2621 13836
2623 1372
2623 4409
2623 10512
2624 3932
2624 5838
2624 10512
2624 11891
2624 13836
2625 925
2625 1372
2625 4409
2625 4454
2625 4523
2625 13890
2626 925
2626 4409
2626 10512
2626 11880
2629 7688
2630 2206
2630 4409
2632 4416
2632 11273
2632 13349
2635 925
2635 4409
2635 6137
2635 11880
2636 10512
2636 10533
2636 11891
2636 13836
2645 4409
2649 4409
2649 10533
2649 11880
2650 1269
2650 4409
2650 4523
2650 13890
2652 4409
2652 8666
2652 11891
2652 13836
2653 4409
2654 1372
2654 4409
2654 4454
2654 11880
2655 925
2655 3452
2655 4409
2655 13836
2655 13890
2656 1372
2656 4409
2656 4454
2656 4523
2656 6137
2656 11880
2659 4409
2659 4416
2659 11880
2660 4416
2660 11273
2660 11880
2660 13349
2662 4409
2662 10512
2663 4416
2663 11273
2664 4217
2664 10512
2664 11891
2664 12141
2665 925
2665 1372
2665 4409
2665 6137
2666 1372
2666 4454
2666 11273
2666 11880
2672 457
2672 4416
2672 8666
2672 11273
2672 13349
2677 4409
2678 4416
2678 8666
2678 11273
2678 11880
2679 4409
2679 4416
2679 4454
2679 8666
2679 11880
2679 13349
2680 1372
2680 4409
2681 4409
2681 4454
2681 11880
2682 159
2682 1372
2682 6137
2682 7130
2682 8557
2682 11891
2685 490
2685 1032
2685 1372
2685 2186
2685 4454
2685 11880
2685 13753
2686 4409
2686 4454
2686 13890
2688 734
2688 1172
2688 8604
2688 10512
2688 11891
2688 12141
2689 734
2689 5838
2689 10512
2689 12141
2689 13836
2691 1261
2691 5838
2691 10512
2691 10533
2691 11891
2691 13836
2695 4409
2698 1372
2698 4409
2698 4454
2698 11703
2698 11880
2699 1261
2699 5838
2699 10512
2699 11891
2699 13836
2701 3452
2701 4409
2701 4416
2701 11880
2702 3452
2702 4409
2702 4416
2702 11273
2702 11880
2703 734
2703 3452
2703 4217
2703 4409
2703 4454
2703 5838
2703 8666
2703 10512
2703 11273
2703 11880
2703 11891
2703 13349
2703 13753
2703 13836
2704 734
2704 1261
2704 1372
2704 3452
2704 4409
2704 4454
2704 10512
2704 10533
2704 11703
2704 13836
2705 734
2705 4409
2705 10512
2705 11891
2707 4409
2707 5838
2707 10512
2707 11891
2707 13836
2708 4409
2708 10512
2708 10533
2708 11891
2708 13836
2709 734
2709 1172
2709 1261
2709 1372
2709 4409
2709 8604
2709 10512
2709 11891
2709 12141
2709 13753
2710 10512
2710 10533
2710 13836
2711 734
2711 5838
2711 10512
2711 13836
2712 734
2712 5838
2712 7330
2712 10512
2712 11891
2714 10512
2714 11891
2714 13836
2715 4409
2715 13890
2716 1372
2716 2206
2716 4409
2716 4454
2716 10512
2716 11880
2716 11891
2716 13349
2716 13836
2718 1372
2718 4409
2718 10512
2718 11891
2718 13836
2720 1261
2720 1372
2720 3932
2720 6576
2720 10512
2720 11891
2720 12421
2720 13349
2720 13461
2722 734
2722 1372
2722 4409
2722 4454
2722 5838
2722 10512
2722 11273
2722 11880
2722 11891
2722 12141
2722 13753
2723 925
2723 1372
2723 4409
2723 6137
2723 10512
2723 11880
2723 11891
2723 13836
2723 13890
2724 734
2724 4409
2724 5838
2724 7330
2724 10512
2724 10533
2724 11891
2724 13836
2725 1372
2725 4409
2725 6137
2725 11880
2726 1261
2726 3452
2726 4409
2726 10512
2726 11545
2727 734
2727 4409
2727 5838
2727 10512
2728 5838
2728 10512
2728 12141
2728 13836
2730 151
2730 1261
2730 5838
2730 10512
2730 11891
2730 13753
2730 13836
2731 1172
2731 1261
2731 3452
2731 4409
2731 5838
2731 10512
2731 11891
2731 12141
2731 13753
2731 13836
2732 5838
2732 10512
2732 13836
2733 734
2733 1372
2733 4409
2734 1261
2734 5838
2734 10512
2734 11891
2734 13836
2735 1261
2735 4409
2735 10512
2735 11891
2735 12141
2735 12421
2735 13836
2736 734
2736 10512
2736 13836
2737 734
2737 1261
2737 11891
2737 13461
2738 4409
2739 734
2739 4409
2739 5838
2739 10512
2739 13836
2740 1372
2740 4409
2740 4454
2740 11891
2740 13836
2741 734
2741 13836
2742 734
2742 1261
2742 3452
2742 4409
2742 5838
2742 6137
2742 10512
2742 13349
2742 13836
2743 1261
2743 1269
2744 5838
2744 5889
2744 10512
2745 1372
2745 4409
2745 10512
2745 11891
2745 13836
2746 734
2746 1372
2746 5838
2746 10512
2746 11891
2747 734
2747 4217
2747 4409
2747 10512
2747 13461
2748 1372
2748 4409
2748 4454
2748 6137
2749 3452
2749 10512
2749 13836
2750 734
2750 5838
2750 10512
2750 11891
2750 13836
2751 1261
2751 4409
2751 10512
2751 11891
2751 13836
2752 1261
2752 8604
2753 734
2753 1372
2753 4409
2753 10512
2753 11891
2754 159
2754 1372
2754 3522
2754 4409
2755 734
2755 1372
2755 4409
2755 4454
2755 7330
2755 10512
2755 11273
2755 11880
2755 11891
2755 13836
2756 4409
2756 6137
2756 11273
2756 11891
2756 13349
2756 13753
2756 13836
2757 4217
2757 4409
2757 7130
2757 10512
2757 11891
2757 13753
2757 13836
2758 734
2758 1372
2758 4454
2758 8796
2758 11891
2759 4409
2760 4409
2761 734
2761 4409
2761 10512
2761 13753
2761 13836
2762 1372
2762 4409
2762 6137
2762 8557
2762 10512
2762 11891
2762 13836
2763 1372
2763 4409
2763 4454
2763 6137
2763 11880
2763 11891
2763 13836
2764 1261
2764 1372
2764 4409
2764 10258
2764 10512
2764 11891
2766 1261
2766 4409
2766 10512
2766 11880
2766 11891
2766 13836
2768 734
2768 1372
2768 4409
2768 6137
2768 10512
2768 11880
2768 11891
2768 13753
2768 13836
2769 4409
2770 4217
2770 11891
2771 734
2771 5838
2771 10512
2772 4409
2773 4409
2773 11891
2773 13349
2776 464
2776 734
2776 4409
2776 11545
2776 13753
2776 13836
2777 734
2778 4409
2778 10512
2778 11891
2779 1372
2779 4409
2780 374
2780 4409
2780 4454
2780 13890
2781 1261
2781 1269
2782 4409
2782 4523
2782 6137
2784 11891
2784 13753
2784 13836
2785 1032
2785 1261
2785 1372
2785 4409
2785 4454
2785 4523
2785 6137
2785 11273
2785 11880
2786 4409
2786 10512
2786 11891
2787 1271
2787 4409
2787 11891
2787 13836
2788 4409
2788 11545
2789 734
2789 4409
2789 10512
2789 13836
2790 734
2790 3452
2790 4409
2790 5838
2790 10512
2790 11891
2790 13753
2790 13836
2791 4409
2791 10512
2791 12089
2793 925
2793 4409
2793 4523
2793 6137
2794 1372
2794 4409
2794 11880
2794 13349
2797 374
2797 13890
2798 734
2798 11891
2798 13349
2798 13836
2799 4409
2800 734
2800 10512
2800 11891
2800 13753
2805 734
2805 10512
2805 11891
2805 12141
2805 13836
2811 734
2811 3452
2811 10512
2811 12141
2811 13836
2814 734
2814 4409
2814 7382
2814 11273
2815 4409
2815 5838
2815 10258
2815 10512
2815 13836
2817 734
2817 4409
2817 11891
2820 734
2820 4409
2820 5838
2820 10512
2820 11891
2820 13836
2822 734
2822 4409
2824 734
2824 3932
2824 4409
2824 10512
2824 12141
2824 13836
2825 4409
2825 11545
2825 13349
2826 734
2826 4217
2826 4409
2826 11891
2826 14428
2827 10512
2827 11891
2827 13753
2829 5838
2829 10512
2829 10533
2829 12421
2829 13836
2830 1372
2830 11880
2830 13349
2832 1261
2832 5838
2832 10512
2833 4217
2833 10512
2833 11891
2834 12141
2835 4409
2835 4454
2835 8666
2835 10512
2835 11273
2835 11880
2835 13836
2836 3452
2836 4409
2836 10512
2836 11891
2836 13836
2836 13890
2837 6137
2837 11619
2837 13349
2842 4409
2844 1372
2844 4409
2844 4454
2844 4523
2844 11545
2844 11880
2845 4409
2845 10512
2845 13753
2845 13836
2846 13753
2846 13836
2847 4409
2847 11891
2847 13753
2848 734
2848 10512
2848 11891
2848 13836
2849 925
2849 1372
2849 4409
2849 6137
2849 11880
2850 734
2850 4409
2850 7330
2850 10512
2850 11545
2850 12141
2851 11273
2852 925
2852 4523
2852 11273
2852 11880
2853 1261
2853 1269
2853 1372
2853 4409
2853 6137
2853 10512
2853 11891
2854 11880
2854 13349
2854 13836
2855 1261
2855 3452
2855 4409
2855 5838
2855 10512
2855 11891
2859 1261
2859 4409
2859 7330
2859 10512
2859 10533
2859 11891
2859 13836
2861 4409
2861 10512
2861 11891
2861 13753
2861 13836
2862 3932
2862 4409
2862 8604
2862 10512
2862 12141
2862 13836
2863 1261
2863 5838
2863 10512
2863 11891
2863 13836
2864 1261
2864 1351
2864 3893
2864 8604
2864 10512
2864 11891
2864 12141
2865 1261
2865 1372
2865 4409
2865 4454
2865 8638
2865 10512
2865 11880
2865 13836
2866 734
2866 925
2866 1372
2866 3000
2866 4409
2866 6137
2866 10512
2866 11545
2866 11891
2867 4409
2867 8839
2867 10512
2867 13836
2868 4409
2868 10512
2870 4409
2871 4409
2871 13753
2872 734
2872 4409
2872 10512
2872 11891
2872 13836
2875 734
2875 10512
2875 11545
2875 11891
2876 637
2876 1127
2876 1351
2876 3452
2876 4409
2876 7449
2876 10512
2876 11273
2876 11880
2876 11891
2876 13349
2877 4409
2877 10512
2877 13836
2878 925
2878 4409
2878 11880
2879 1372
2879 4409
2880 4409
2881 1372
2881 4409
2881 4454
2882 4409
2882 6137
2882 10512
2883 734
2883 4409
2883 10512
2883 13753
2883 13836
2884 1372
2884 4409
2884 4454
2884 10512
2885 1261
2885 3452
2885 4409
2885 8666
2885 10512
2885 11880
2885 13349
2885 13836
2886 4409
2886 11891
2886 13753
2886 13836
2887 4409
2887 11880
2887 13836
2888 4409
2888 11891
2888 13753
2889 734
2889 4409
2889 7330
2889 10512
2890 925
2890 4409
2890 4523
2890 6137
2890 8604
2890 10258
2890 10512
2890 11880
2890 13836
2891 10512
2891 11891
2891 13753
2891 13836
2892 734
2892 1261
2892 3452
2892 4409
2892 5838
2892 10512
2892 11891
2892 13753
2892 13836
2893 925
2893 10512
2893 11880
2893 13753
2894 13836
2894 13890
2895 5838
2895 10512
2895 13836
2898 734
2898 4409
2898 11545
2898 11891
2898 13836
2899 4409
2899 10512
2899 13836
2900 1372
2900 4409
2900 11880
2900 11891
2902 734
2902 10512
2902 11891
2902 13836
2904 4409
2905 734
2905 5838
2905 10512
2905 13753
2905 13836
2906 5838
2906 10512
2906 10533
2906 11891
2906 13836
2908 4409
2910 734
2910 4409
2910 10512
2910 11891
2910 13753
2912 734
2912 10512
2913 734
2913 4409
2913 5838
2913 10512
2914 734
2914 4409
2914 10512
2914 11891
2914 12141
2915 1261
2915 1372
2915 4409
2915 10512
2915 11891
2915 13836
2916 734
2916 1372
2916 5838
2916 11891
2916 12141
2916 13836
2917 7130
2917 11891
2917 13836
2918 4409
2918 10512
2918 12421
2920 1261
2920 3932
2920 5838
2920 10512
2920 11891
2920 13836
2923 1372
2923 4409
2923 12421
2924 4409
2925 4409
2927 734
2927 1261
2927 10512
2927 11891
2927 13836
2929 1372
2929 4454
2929 4523
2929 6137
2929 11880
2930 4409
2930 11545
2930 13836
2931 925
2931 4409
2931 4523
2931 6137
2931 10512
2931 11880
2931 13890
2932 4409
2933 4409
2933 10512
2933 11891
2933 13836
2933 14428
2934 1372
2934 4409
2934 5838
2934 10512
2934 13836
2935 734
2935 11891
2935 12141
2936 13890
2937 4409
2937 13890
2938 734
2938 13753
2940 4409
2940 11545
2940 13753
2940 13836
2941 1261
2941 13836
2942 4409
2945 1372
2945 3452
2945 4409
2945 4454
2945 11273
2945 11880
2945 13890
2949 925
2949 1372
2949 4409
2949 4416
2949 9423
2949 10512
2949 11273
2949 11880
2949 13349
2950 734
2950 4409
2953 11273
2955 1261
2955 8604
2955 11891
2955 12141
2957 4409
2958 1261
2958 1269
2959 4409
2964 1372
2964 4409
2964 11545
2964 13890
2965 4409
2971 1372
2971 4409
2973 1372
2973 4409
2973 4454
2973 11880
2974 464
2974 6137
2974 11619
2974 13349
2976 464
2976 925
2976 4409
2976 6137
2976 11273
2976 11880
2979 4409
2985 1372
2985 4409
2993 1261
2993 1372
2993 4409
2993 4454
2993 4523
2993 6137
2993 11880
2995 4409
3003 4409
3004 4409
3005 1372
3005 4409
3005 4454
3005 9776
3005 11273
3005 11703
3005 11880
3009 925
3009 1372
3009 4409
3009 10258
3009 11880
3010 925
3010 1372
3010 4409
3010 6137
3010 11880
3010 13753
3016 10512
3016 10533
3016 13836
3019 925
3019 4409
3019 6137
3019 10512
3019 11273
3019 11880
3028 4409
3029 4409
3035 4409
3036 1032
3036 11273
3045 4409
3046 4409
3047 10533
3048 4409
3048 11273
3048 11894
3051 4409
3051 13890
3052 1372
3052 4409
3052 4454
3052 11880
3053 1261
3053 1269
3053 6317
3053 13836
3054 4409
3056 734
3056 1261
3056 3452
3056 4409
3056 5838
3056 8666
3056 10512
3056 11891
3056 13836
3058 4409
3058 11545
3061 4409
3061 10512
3061 13890
3063 464
3063 4409
3063 6137
3063 13836
3065 4409
3065 13890
3067 4409
3067 11545
3070 4409
3070 8666
3070 10512
3070 11273
3077 734
3077 4409
3077 10512
3079 6137
3079 11273
3079 11880
3079 13349
3081 1372
3081 4409
3081 4454
3081 11880
3088 1372
3088 4409
3090 925
3090 4409
3090 6137
3090 6576
3090 10512
3090 11273
3090 11894
3091 1261
3091 1372
3091 4409
3091 4416
3091 4454
3091 11880
3092 4409
3092 6137
3110 925
3110 4409
3110 6137
3110 13890
3114 4409
3116 4409
3116 4454
3116 4523
3116 11880
3116 13890
3120 1172
3120 5838
3120 8604
3120 10512
3120 12141
3125 4409
3125 6137
3131 1372
3131 4454
3131 11880
3134 4409
3134 4523
3134 6137
3135 464
3135 1372
3135 4409
3143 11273
3143 13349
3144 159
3144 1372
3144 4409
3144 6137
3144 10258
3144 11880
3148 734
3148 1261
3148 10512
3148 11891
3148 12421
3148 13349
3148 13836
3154 4409
3162 4409
3163 326
3163 4409
3163 12415
3165 637
3165 8550
3165 9156
3165 11273
3165 12781
3165 13349
3167 4409
3172 1372
3172 4409
3174 9957
3174 10373
3174 12089
3178 1372
3178 4409
3178 4454
3178 6137
3178 13890
3184 1372
3184 4416
3184 8557
3184 11880
3184 14065
3189 734
3189 4409
3189 5838
3189 10512
3189 13836
3190 4409
3191 13753
3197 464
3197 4409
3197 6137
3197 11619
3198 1261
3198 1269
3201 1261
3201 4409
3201 10512
3201 10533
3201 11891
3201 13836
3202 11891
3202 13836
3203 4409
3203 10512
3203 11273
3203 13836
3203 13890
3204 925
3204 2594
3204 4409
3204 6137
3204 11880
3212 1372
3212 4409
3216 1372
3216 4409
3216 4454
3216 11880
3220 11273
3220 13349
3221 1372
3221 4409
3221 4523
3222 4409
3222 11545
3235 1372
3235 4409
3235 4416
3235 4454
3235 11880
3235 13890
3239 4409
3239 13890
3242 4409
3244 4409
3245 925
3245 1261
3245 4409
3245 4454
3245 6137
3245 10512
3245 11880
3253 1372
3253 4409
3253 4454
3255 1032
3255 1372
3255 4409
3255 4454
3255 4523
3255 6137
3258 4409
3260 1372
3260 4409
3260 6137
3267 637
3267 4454
3268 1372
3268 4454
3268 10512
3268 11880
3268 11891
3268 12141
3268 13836
3270 678
3270 12089
3272 4409
3274 3274
3278 490
3278 925
3278 1261
3278 1372
3278 4409
3278 4454
3278 4523
3278 6137
3278 11880
3278 13890
3280 4409
3280 4454
3280 6137
3286 925
3286 1372
3286 4409
3286 6137
3286 11880
3286 13890
3288 11273
3288 13890
3290 4409
3295 7376
3295 12089
3297 4409
3300 1372
3300 4409
3301 159
3301 4409
3301 6137
3301 6139
3301 11545
3301 13349
3305 1372
3305 4454
3305 4523
3305 11880
3306 4409
3306 4454
3306 4523
3306 11880
3306 14065
3312 734
3312 1372
3312 4409
3312 4454
3312 4523
3312 6137
3317 159
3317 1372
3318 1271
3318 4409
3318 13349
3319 464
3319 4409
3320 4409
3322 4409
3322 4523
3324 925
3324 13890
3328 1372
3328 4454
3328 11880
3330 1372
3330 4409
3330 6137
3334 4409
3334 8359
3334 10512
3334 11891
3335 1261
3335 10512
3335 10533
3335 11891
3335 13836
3336 1261
3336 1269
3341 4409
3341 4523
3344 4409
3345 1372
3345 4454
3345 11880
3349 1372
3349 4409
3349 4454
3349 11880
3356 1372
3356 6137
3356 11273
3356 11880
3358 4409
3358 11880
3359 10512
3359 13753
3359 13836
3360 4409
3361 4409
3361 4454
3361 11273
3361 13349
3362 4409
3365 11891
3365 12141
3368 1372
3368 6137
3368 11880
3371 4409
3372 10512
3372 12421
3372 13836
3374 1372
3374 4409
3374 4454
3374 11880
3374 12089
3375 1372
3375 3011
3375 4454
3375 11273
3375 11703
3375 11880
3375 13461
3376 4409
3376 4523
3377 4409
3377 13890
3381 1372
3381 4454
3381 11880
3386 4409
3388 4409
3388 4454
3388 11703
3388 13461
3389 4409
3389 13349
3389 13890
3390 4409
3393 1261
3393 10512
3394 1372
3394 3217
3394 4409
3394 4416
3394 4454
3394 11880
3394 13349
3404 678
3404 12089
3405 4409
3411 5838
3411 8604
3411 10512
3411 11891
3411 13836
3412 1261
3412 10512
3412 10533
3419 1372
3419 4409
3419 4454
3419 4523
3419 6137
3419 11273
3419 13349
3425 4409
3425 13890
3426 4409
3431 3932
3431 10512
3431 11891
3431 13836
3437 159
3437 6137
3437 11880
3438 159
3438 1372
3438 3522
3438 4409
3438 6137
3440 1372
3440 4409
3440 4454
3445 2206
3445 4409
3445 11545
3447 3452
3447 13836
3448 1261
3448 3932
3448 10512
3448 12421
3449 464
3449 10258
3449 11273
3449 11619
3449 13349
3449 13890
3450 490
3450 1032
3450 1372
3450 4454
3450 4523
3450 6137
3450 11880
3451 4409
3453 4409
3453 11545
3453 13890
3466 734
3466 4409
3466 10512
3466 13753
3468 3685
3469 1261
3469 1372
3469 4409
3469 4454
3469 11273
3469 11880
3469 13836
3470 1372
3470 11273
3470 11880
3470 13349
3471 1372
3471 4409
3474 3452
3474 13836
3477 4409
3480 1372
3480 4454
3480 6137
3481 1372
3481 4409
3482 4454
3484 713
3484 1261
3484 4409
3485 5838
3485 10512
3485 11891
3485 13836
3486 734
3486 4409
3486 5838
3486 11891
3486 13753
3492 925
3492 4409
3492 6137
3492 13349
3495 1372
3495 4409
3495 4454
3495 6137
3495 11880
3497 464
3497 1372
3497 4409
3497 11273
3497 11545
3497 11880
3525 6137
3525 11880
3530 4409
3531 969
3531 1372
3531 2594
3531 3452
3531 3893
3531 4409
3531 4454
3531 5081
3531 10512
3531 11703
3531 11880
3531 13836
3548 6137
3548 11880
3549 11273
3549 11880
3550 1261
3550 1269
3551 4523
3551 6137
3551 11880
3552 4416
3552 11880
3555 5838
3557 4454
3557 4523
3557 6137
3565 6137
3565 11273
3565 11880
3568 159
3568 4409
3568 11545
3569 4409
3575 925
3575 1372
3575 4409
3575 4454
3575 6137
3575 10512
3575 11880
3579 4409
3579 11545
3581 4409
3581 4454
3581 11273
3581 11880
3581 14065
3586 11880
3587 4409
3587 11880
3590 4409
3591 1372
3591 4409
3591 6137
3591 13890
3595 4409
3595 4416
3595 11880
3596 1372
3596 4454
3596 11880
3598 4409
3607 6137
3607 11880
3608 464
3608 4409
3608 6139
3608 11545
3610 4409
3612 6137
3612 11880
3612 13349
3616 4409
3616 13890
3617 1372
3617 4409
3617 4454
3617 6137
3617 11545
3617 11880
3618 1372
3618 4409
3618 4416
3618 4454
3618 11880
3622 11880
3623 4409
3623 4523
3623 6137
3623 11880
3624 4409
3624 11880
3626 1261
3626 1372
3626 4409
3626 4454
3626 4523
3626 6137
3626 10512
3626 11703
3626 11880
3626 13753
3629 1372
3629 4409
3629 4454
3629 4523
3629 11703
3629 11880
3633 1372
3633 8557
3636 4409
3637 1372
3637 4454
3637 6137
3644 12514
3648 1372
3648 4409
3648 6137
3648 11880
3648 13890
3652 1959
3652 6248
3652 12204
3653 3685
3654 11273
3654 11880
3665 12514
3667 11880
3669 6137
3669 11880
3670 11880
3671 4409
3671 11880
3676 8604
3680 4409
3680 4454
3681 4409
3684 11703
3686 734
3686 4409
3688 4409
3692 4409
3692 11545
3694 11703
3697 4409
3697 4523
3697 6137
3702 4454
3702 4523
3702 4753
3702 5359
3705 12514
3707 4217
3707 7130
3707 11891
3707 13836
3711 4409
3717 1372
3719 734
3719 5838
3719 10512
3719 11891
3719 12141
3722 4409
3724 11880
3727 6137
3727 11880
3728 4409
3729 4409
3730 1372
3730 4409
3730 4523
3730 6137
3730 11880
3731 6137
3731 11880
3732 4409
3732 4523
3732 6137
3734 6137
3735 1372
3735 6137
3736 11273
3736 11880
3737 4409
3737 6137
3737 11880
3738 925
3738 4409
3738 11880
3739 1372
3739 6137
3740 734
3740 4409
3740 7330
3740 10512
3740 12421
3740 13836
3744 4409
3744 11273
3746 4409
3749 4409
3749 11273
3749 13753
3755 4409
3759 1372
3759 4409
3759 6137
3759 11273
3759 11880
3761 8666
3761 11273
3761 11880
3763 10533
3763 11891
3764 4409
3768 1372
3768 4409
3778 734
3778 1261
3778 3452
3778 4409
3778 10512
3779 6137
3779 11273
3779 11880
3780 1372
3780 3274
3780 4409
3780 11273
3781 4409
3782 6137
3782 11880
3782 13890
3786 1372
3786 4409
3786 4454
3786 4523
3786 10512
3786 11880
3788 4409
3788 4523
3788 13890
3789 159
3789 1372
3789 6137
3792 925
3792 4409
3792 4454
3792 11273
3792 11880
3792 13349
3792 14428
3795 4409
3795 14065
3801 4409
3813 4409
3813 6248
3813 13890
3815 4409
3821 4454
3821 10678
3824 4454
3824 11703
3826 1372
3826 4454
3826 11880
3830 6137
3830 11880
3830 13890
3833 5115
3834 11273
3834 11880
3834 13753
3839 159
3839 1372
3840 1372
3840 4409
3840 4454
3840 8796
3842 4454
3842 11703
3851 4416
3851 11273
3851 11880
3851 13349
3860 6137
3860 11880
3865 4409
3865 5838
3865 7330
3865 10512
3865 10533
3865 13836
3868 1372
3868 4409
3868 4454
3868 11880
3874 4409
3881 4409
3885 925
3885 4409
3885 11880
3888 734
3888 4409
3888 10512
3888 11891
3888 13836
3890 925
3890 1372
3890 4409
3890 4454
3890 4523
3890 10512
3890 11880
3894 4409
3895 2594
3895 4409
3896 925
3896 1372
3896 4409
3896 4454
3899 8666
3899 11273
3899 12089
3900 4409
3900 4454
3900 11545
3900 11880
3901 1261
3901 3932
3901 10512
3903 10512
3903 13836
3904 159
3904 1261
3904 4409
3904 7130
3904 8557
3904 10512
3904 11891
3904 13836
3905 4409
3906 151
3906 10373
3906 12089
3914 1372
3914 4409
3914 4454
3916 4409
3929 380
3929 464
3929 925
3929 4409
3929 6137
3929 11880
3930 4409
3931 464
3931 4409
3933 13890
3939 1372
3939 4409
3939 11545
3940 3452
3940 4416
3940 11880
3940 13836
3946 925
3946 1372
3946 4409
3946 4454
3946 10512
3946 11880
3946 13349
3946 13890
3948 1372
3948 4409
3948 4454
3948 4523
3948 6137
3950 464
3950 925
3950 1372
3950 4409
3950 6137
3950 11880
3950 13890
3952 464
3952 1372
3952 4409
3952 6137
3952 11273
3953 4409
3953 6137
3956 7688
3965 4409
3967 925
3967 1372
3967 4409
3967 6137
3967 11880
3975 4409
3975 6137
3975 11880
3976 1261
3976 1269
3977 1372
3977 4409
3977 4454
3979 1372
3979 4454
3979 11880
3984 4409
3984 6137
3984 10512
3985 1372
3985 4409
3985 4454
3985 11880
3986 4409
3990 1269
3990 1372
3990 4409
3990 4454
3990 4523
3990 13753
3995 4409
3995 6137
3995 11273
3998 925
3998 4409
3998 11880
3998 13349
3999 1372
3999 4409
3999 4454
3999 11880
4001 1261
4001 11891
4005 925
4005 1372
4005 4409
4005 11880
4008 925
4008 1372
4008 4409
4008 6137
4008 11545
4012 13890
4013 4409
4014 4409
4018 734
4018 4409
4018 5838
4018 10512
4018 13753
4018 13836
4021 464
4021 925
4021 4409
4021 6137
4021 11880
4021 13890
4069 7330
4069 7376
4069 10512
4069 11891
4069 13836
4070 1372
4070 4409
4070 4416
4070 4454
4070 4523
4070 6137
4070 11273
4070 11880
4070 13349
4077 464
4077 4409
4077 6137
4077 11880
4077 13890
4082 734
4082 4409
4082 10512
4082 11891
4082 13753
4085 326
4085 1372
4085 4409
4087 4409
4089 1372
4089 3452
4089 10512
4089 11880
4092 734
4092 1261
4092 5838
4092 10512
4092 11891
4092 13836
4094 734
4094 4409
4094 11891
4094 13890
4098 1372
4098 4409
4098 4454
4098 6137
4098 11880
4101 4409
4106 1269
4120 6137
4120 11880
4121 4523
4121 6137
4121 11880
4122 4409
4122 11545
4122 13836
4122 13890
4124 1372
4124 4454
4124 11880
4125 4409
4125 6137
4125 11880
4127 6137
4127 11880
4128 12089
4131 4409
4131 4523
4133 4409
4133 4454
4133 4523
4133 11880
4139 4409
4143 4409
4146 4409
4151 464
4151 925
4151 4409
4151 4454
4151 10512
4151 13890
4153 925
4153 4409
4155 734
4155 1261
4155 4409
4155 13349
4157 637
4157 1261
4157 1269
4157 1351
4157 8604
4158 4409
4162 925
4162 4409
4162 13890
4163 925
4163 4409
4164 4409
4164 6137
4164 11880
4164 13890
4167 4409
4170 3685
4173 925
4173 4409
4173 13890
4176 4409
4179 925
4179 4409
4182 1261
4182 3452
4182 11891
4183 734
4183 1261
4183 3932
4183 4409
4183 5838
4183 10512
4183 11891
4183 13753
4183 13836
4184 1261
4184 1269
4189 4409
4189 4454
4191 4409
4191 11545
4194 4409
4196 4454
4196 4523
4196 6137
4196 11273
4196 11880
4197 4409
4199 326
4199 3000
4199 4409
4199 11545
4199 12514
4202 4409
4203 1261
4203 1372
4203 4409
4203 6137
4203 10512
4203 11891
4203 13836
4207 464
4207 4409
4207 6137
4207 11619
4207 11880
4210 464
4210 925
4210 1372
4210 4409
4210 6137
4210 11880
4210 13890
4216 1372
4216 11880
4220 4409
4225 4409
4226 159
4226 734
4226 1261
4226 1372
4226 4409
4226 7330
4226 10512
4226 11891
4226 13349
4227 1372
4227 4409
4229 4409
4234 4409
4252 4409
4252 11273
4254 1372
4254 4454
4254 6137
4254 11880
4255 6137
4255 11273
4255 11880
4256 1372
4256 4409
4257 1372
4257 4409
4259 1372
4259 4409
4260 1372
4260 4454
4260 11880
4262 4409
4262 14065
4264 3452
4264 4416
4264 10512
4265 1261
4265 8604
4265 11891
4265 13836
4274 4409
4274 4454
4274 13753
4275 734
4275 4409
4275 5838
4275 10512
4275 13753
4290 1372
4290 4409
4292 159
4292 734
4292 1261
4292 1372
4292 3452
4292 4409
4292 5838
4292 8796
4292 10512
4292 11545
4292 11891
4292 12421
4292 13461
4292 13836
4293 4409
4295 4409
4295 10512
4296 4409
4297 1261
4297 4409
4304 925
4304 4409
4304 11880
4306 490
4306 1032
4306 1372
4306 8666
4306 11273
4306 11880
4306 13753
4306 13836
4307 1261
4307 5115
4307 11891
4308 1372
4308 4409
4308 4454
4308 11880
4309 4409
4309 13890
4311 11273
4311 13349
4314 4409
4314 6137
4315 925
4315 1372
4315 4409
4315 6137
4315 11880
4315 13349
4315 13890
4319 4409
4325 4409
4325 13890
4326 1372
4326 8666
4326 11273
4326 11880
4337 1032
4337 11273
4337 11880
4339 1032
4339 11880
4340 1032
4340 11273
4351 4409
4355 159
4355 1351
4355 4409
4355 10512
4355 11891
4357 4409
4357 4523
4358 3685
4364 4409
4364 13836
4367 925
4367 4409
4367 10512
4374 11273
4374 11880
4377 13890
4380 734
4380 4409
4380 13753
4381 925
4381 1372
4381 4409
4381 11880
4381 13890
4389 1372
4389 4454
4389 11880
4391 326
4391 4409
4391 11880
4394 1372
4394 4409
4394 4454
4394 11880
4395 1372
4395 4409
4395 4523
4395 6137
4395 13890
4396 1372
4396 4409
4396 7376
4397 4409
4398 4409
4411 4409
4411 4523
4425 4409
4425 7376
4425 12089
4426 1372
4426 4409
4426 11880
4431 1261
4431 10512
4431 12421
4434 1372
4434 4409
4435 4409
4440 925
4440 4409
4440 6137
4440 11273
4440 11703
4440 11880
4442 4409
4448 1172
4448 4409
4448 10512
4448 12141
4448 13836
4455 925
4455 4409
4456 4409
4460 4409
4460 10512
4462 4409
4464 4409
4466 4409
4467 4409
4468 4409
4469 4409
4470 4409
4475 1261
4475 1269
4476 10512
4476 11891
4476 13836
4478 4409
4479 4409
4479 11545
4479 13890
4485 925
4485 4409
4486 4409
4486 13890
4487 4409
4487 11545
4491 4409
4492 11273
4492 11880
4519 6137
4519 11880
4520 1372
4520 4409
4525 3000
4525 4409
4525 13753
4527 1372
4532 1372
4532 4454
4532 11703
4532 11880
4533 1372
4533 4454
4533 11703
4533 11880
4536 4409
4536 4454
4536 4523
4536 13890
4539 11619
4539 11880
4539 13349
4541 159
4541 734
4541 4409
4542 4409
4542 10258
4543 4409
4545 925
4545 4409
4545 13890
4548 4409
4549 4409
4550 1372
4550 4454
4550 11880
4550 13349
4551 4409
4551 11545
4554 159
4554 1372
4554 4409
4554 10512
4554 11880
4554 11891
4554 13753
4554 13836
4557 5838
4557 10512
4557 11891
4557 13836
4562 1372
4562 4409
4562 4454
4562 11273
4562 11880
4565 1372
4565 4409
4565 4454
4565 4523
4565 6137
4565 10512
4566 1372
4566 4454
4566 6137
4567 925
4567 1372
4567 4409
4567 6137
4567 11273
4567 11880
4568 4409
4568 6137
4568 11545
4570 1372
4570 4409
4570 11273
4571 4409
4572 4409
4573 1261
4573 3452
4573 4416
4573 11880
4574 1372
4574 4409
4574 4454
4574 4523
4574 6137
4575 4409
4576 4409
4577 4409
4578 4409
4579 925
4579 1372
4579 4409
4579 6137
4579 11880
4580 925
4580 4409
4580 6137
4580 11880
4580 13890
4582 925
4582 1372
4582 4409
4582 6137
4582 11273
4582 11880
4584 4409
4584 10512
4584 13753
4585 4409
4588 326
4589 10373
4593 1372
4593 4409
4596 2290
4598 4409
4598 13349
4601 8666
4601 11273
4601 11880
4601 13349
4605 11891
4610 4409
4610 13753
4613 1372
4613 4409
4615 4409
4616 1261
4616 8604
4616 13836
4619 4409
4620 1372
4620 2594
4620 4454
4620 11880
4624 4409
4624 11880
4626 2296
4626 8550
4626 9156
4627 925
4627 1372
4627 4409
4627 4454
4627 4523
4627 6137
4627 11880
4633 925
4633 1372
4633 4409
4633 4454
4633 6137
4633 11880
4641 925
4641 4409
4641 13890
4643 1372
4643 4409
4645 637
4645 678
4645 7376
4645 11273
4645 12089
4645 13349
4649 11273
4649 13349
4653 4409
4655 10512
4656 1372
4656 11273
4656 11880
4658 3274
4658 4409
4658 13890
4661 10512
4661 10533
4661 12313
4661 13836
4662 3685
4663 4409
4664 4409
4664 10512
4664 11273
4665 925
4665 1372
4665 4409
4665 4454
4665 11273
4665 11880
4667 4409
4667 12089
4668 4409
4668 12089
4676 9957
4678 1102
4678 1372
4678 4409
4678 4454
4678 11703
4678 11880
4682 1372
4682 4409
4682 4454
4682 6137
4682 11880
4684 11273
4684 11619
4684 13349
4688 326
4688 4409
4689 1261
4689 4409
4689 4454
4689 5838
4689 8796
4689 10512
4689 11545
4689 11880
4689 11891
4689 13836
4694 925
4694 4409
4700 4409
4705 1032
4705 11273
4705 11880
4705 13753
4713 925
4713 4409
4713 6137
4713 11880
4713 13890
4714 10512
4714 12141
4714 13836
4721 464
4721 1372
4722 734
4722 4409
4722 10512
4723 1372
4723 4409
4723 6137
4723 13349
4724 734
4724 1372
4724 4409
4724 10512
4724 13753
4724 13836
4727 4409
4728 925
4728 4409
4728 11880
4732 678
4732 3274
4732 4409
4732 7376
4732 10258
4732 12089
4735 4409
4737 925
4737 1372
4737 4409
4737 11273
4738 464
4738 6137
4738 11619
4739 1261
4739 3932
4739 8604
4739 10512
4740 4409
4740 6137
4740 11545
4752 4409
4755 4409
4755 11545
4756 4409
4759 4409
4761 1372
4761 4409
4761 4454
4761 6137
4761 11880
4766 1372
4766 6137
4770 1372
4770 3685
4781 5838
4781 10512
4781 11891
4781 13836
4782 8569
4782 11619
4786 1372
4786 4454
4786 6137
4786 11880
4800 1261
4800 3932
4800 4409
4800 10512
4800 10533
4801 925
4801 4409
4801 6137
4801 11880
4810 4409
4810 10512
4810 13836
4815 1372
4815 6137
4816 4409
4816 4454
4816 6137
4816 11880
4822 4523
4822 6137
4825 490
4825 4409
4825 6137
4825 11880
4831 5115
4833 1372
4833 6137
4843 1372
4843 4454
4843 11880
4846 1261
4846 4409
4846 10512
4846 10533
4848 4409
4852 3274
4852 4409
4852 14065
4853 925
4853 4409
4853 11880
4856 4409
4860 464
4860 1372
4860 4409
4860 4454
4860 6137
4860 11880
4860 13890
4861 1372
4861 6137
4870 4409
4871 5115
4871 11891
4872 4523
4872 6137
4872 11880
4876 10512
4878 1032
4878 11273
4879 1372
4879 4409
4879 4454
4880 4409
4881 12514
4882 4409
4892 4409
4892 5838
4892 10512
4892 13836
4894 11619
4896 11891
4896 12421
4896 13836
4899 4409
4899 4454
4899 11273
4899 11880
4906 4409
4909 734
4909 1261
4909 1372
4909 4409
4909 5838
4909 6137
4909 10512
4909 11891
4909 13753
4912 1372
4913 4409
4913 10512
4914 4409
4915 4409
4915 4454
4923 1372
4923 4409
4923 4454
4923 8796
4927 1372
4927 4409
4927 4454
4927 4523
4932 1372
4932 6137
4935 4409
4935 4454
4935 11880
4935 13349
4935 13890
4936 1172
4936 1261
4936 1269
4936 13599
4937 5838
4937 10512
4937 13836
4939 11891
4939 13836
4943 1372
4943 4409
4943 4454
4943 11703
4943 11880
4944 1372
4944 4454
4944 11880
4954 1372
4954 4409
4958 4409
4958 13890
4964 1372
4964 4454
4964 4523
4964 6137
4964 8557
4964 11880
4968 4409
4969 1269
4969 13836
4974 11880
4975 1269
4975 3893
4976 11703
4979 4454
4979 4523
4979 6137
4979 11880
4986 925
4986 4409
4986 4454
4986 11273
4986 11880
4992 4409
4993 4409
4993 11273
4995 734
4995 1261
4995 5838
4995 10512
4995 11891
5006 4409
5009 11273
5009 13349
5017 1372
5017 4409
5017 4454
5017 6137
5017 11880
5017 11891
5021 11703
5023 1261
5023 1269
5023 8604
5023 11891
5023 13753
5023 13836
5027 4409
5029 4409
5031 734
5031 5838
5031 13836
5035 4409
5035 13890
5036 4409
5037 4409
5037 4454
5037 11880
5039 734
5039 7330
5039 11891
5039 13836
5045 4409
5046 4409
5052 8550
5052 9156
5058 4409
5058 4454
5059 1269
5060 4409
5062 1261
5062 1269
5062 3893
5062 8604
5062 11891
5073 925
5073 4409
5074 1372
5074 4409
5075 13890
5076 4409
5076 4454
5082 4409
5082 4454
5082 4523
5082 13890
5083 1372
5083 4409
5083 6137
5083 11273
5083 11880
5083 13890
5084 464
5084 925
5084 4409
5084 11545
5084 13349
5085 4409
5086 4409
5086 13461
5088 4409
5088 6137
5088 11880
5089 4409
5090 4409
5090 11880
5091 4409
5091 4523
5092 4409
5093 4409
5094 1372
5094 4409
5096 4409
5096 11545
5098 925
5098 1372
5098 4409
5098 11880
5103 4409
5105 1372
5105 4409
5105 13890
5106 1372
5106 4454
5106 6137
5107 464
5107 2594
5107 4409
5108 4409
5108 13890
5110 4409
5111 4409
5111 6137
5112 4409
5119 464
5119 1372
5119 4409
5119 6137
5119 11273
5119 11619
5119 13349
5119 13890
5122 464
5122 3523
5122 4409
5122 6137
5122 11880
5125 3452
5125 13836
5126 1372
5126 4409
5126 4454
5126 11880
5127 925
5127 1372
5127 4409
5127 4454
5127 4523
5127 6137
5127 11880
5132 1372
5132 4409
5132 6137
5132 11880
5132 13890
5136 4409
5136 13890
5138 12514
5140 734
5140 10512
5141 4409
5150 3685
5153 12514
5155 4409
5155 4454
5160 4409
5160 13753
5160 13890
5163 159
5165 1372
5165 4409
5165 6137
5167 6137
5167 11273
5167 11619
5167 11880
5171 734
5171 4409
5171 10512
5171 11891
5176 1372
5176 4454
5178 4409
5178 13753
5178 13836
5180 11703
5184 3685
5184 4753
5185 1372
5185 4409
5187 1372
5187 4454
5187 6137
5187 11880
5192 3685
5194 4409
5198 734
5198 5838
5198 8604
5198 13753
5198 13836
5201 4409
5201 6137
5201 13349
5203 1261
5203 1269
5210 4409
5216 1261
5217 734
5217 4409
5217 10512
5217 11545
5217 13836
5220 4409
5220 13890
5221 925
5221 4409
5221 6137
5221 11880
5221 13836
5225 4409
5225 6137
5225 13890
5228 1261
5228 1269
5228 5838
5228 10512
5228 11891
5228 13836
5229 734
5229 1261
5229 4409
5229 4454
5229 10512
5231 6137
5231 11880
5233 1271
5233 11273
5233 13655
5233 13753
5236 1372
5236 4409
5236 11880
5238 925
5238 4409
5238 6137
5238 11880
5238 13890
5239 4409
5239 10373
5240 925
5240 13890
5241 4409
5251 734
5251 7130
5251 11891
5251 13836
5253 4409
5254 464
5254 4409
5255 4409
5255 6137
5255 13890
5260 4409
5261 4409
5262 1372
5262 4409
5262 6137
5263 4409
5273 159
5273 1372
5273 6137
5278 4753
5288 4409
5294 11273
5295 8604
5295 10512
5295 13836
5298 4409
5298 10512
5298 11891
5298 13836
5300 4409
5301 4409
5301 11545
5303 1372
5303 4409
5303 4523
5303 6137
5305 464
5305 925
5305 4217
5305 4409
5305 6137
5305 11880
5306 1372
5306 4409
5306 12089
5307 1372
5307 4409
5307 4454
5307 12089
5314 159
5314 1372
5314 6137
5315 374
5315 1372
5315 4409
5315 4523
5315 6137
5315 13890
5318 3452
5318 6137
5318 11273
5318 11880
5319 4409
5322 4409
5323 4409
5324 4409
5328 11273
5328 13349
5330 12514
5332 925
5332 4409
5332 11880
5332 13890
5334 4409
5334 4416
5334 8666
5334 11273
5338 5838
5338 10512
5338 12421
5338 13836
5343 12514
5345 1372
5345 4409
5345 4454
5345 6137
5355 4409
5357 11273
5357 13349
5360 4409
5376 1372
5376 4409
5376 13890
5377 7376
5377 10373
5377 11273
5377 12089
5380 1372
5380 4409
5380 4454
5380 11273
5380 11703
5380 11880
5380 13890
5381 4409
5381 6137
5381 10512
5381 11891
5381 12421
5387 1372
5387 4409
5390 1372
5390 6137
5394 925
5394 1372
5394 4409
5394 11273
5394 11880
5396 734
5396 10512
5396 13836
5401 1372
5401 6137
5403 1261
5407 12514
5416 4409
5416 13890
5417 4409
5418 3452
5418 4409
5418 11880
5418 13836
5419 4409
5419 13753
5419 13890
5420 1261
5420 3452
5420 11273
5420 13836
5421 8666
5421 11273
5425 4409
5425 6137
5425 11880
5426 1261
5426 13836
5428 1372
5428 4409
5428 4454
5428 11880
5430 4409
5432 925
5432 1372
5432 4409
5432 4523
5432 6137
5432 10512
5432 11880
5432 13890
5438 4409
5439 1372
5439 4409
5439 8666
5439 11273
5439 13461
5442 734
5442 13836
5443 4409
5445 4409
5445 10512
5445 11273
5448 4409
5449 4409
5450 4409
5453 4409
5454 925
5454 4409
5454 4523
5454 6137
5454 11880
5455 4409
5455 13890
5458 1372
5458 4409
5458 4454
5458 4523
5458 6137
5459 4409
5459 4454
5461 9156
5461 13349
5462 925
5462 4409
5463 925
5463 1372
5463 4217
5463 4409
5463 11273
5463 11880
5464 4409
5465 4409
5466 4409
5466 13890
5473 1372
5473 4454
5473 11880
5475 1372
5475 11880
5476 1372
5476 4454
5476 4523
5476 6137
5476 11880
5477 1372
5477 6137
5477 11880
5478 1372
5478 4409
5478 4454
5478 4523
5478 6137
5478 11880
5479 4409
5481 925
5481 4409
5481 11273
5481 13890
5482 4409
5482 13890
5483 4409
5486 4409
5488 4409
5489 4409
5490 925
5490 1372
5490 4409
5490 6137
5490 11880
5499 1261
5499 10512
5499 11891
5503 1372
5503 4409
5503 4454
5503 11703
5503 11880
5504 13890
5505 1032
5509 4409
5519 4409
5522 4409
5525 10512
5526 4409
5526 14065
5528 4409
5529 4409
5529 4454
5529 4523
5535 4409
5535 11545
5542 5838
5542 10502
5542 10512
5542 11891
5542 13836
5549 4409
5560 11273
5560 13349
5561 1372
5561 4454
5561 11880
5562 734
5562 925
5562 4409
5562 4523
5562 5838
5562 10512
5562 11891
5562 13890
5563 1261
5563 10512
5564 1372
5564 4409
5564 11880
5565 734
5565 1372
5565 4409
5565 5838
5565 10512
5565 11880
5566 12204
5570 1172
5570 7330
5570 10512
5570 12141
5570 13836
5571 1372
5571 4454
5571 6137
5571 11880
5572 925
5572 4409
5572 6137
5572 11880
5573 4409
5574 1372
5574 4409
5574 4523
5574 6137
5577 1372
5577 4409
5579 4409
5579 4454
5583 4409
5584 4409
5584 11545
5585 4409
5586 4409
5587 1372
5587 4409
5587 4454
5588 4409
5588 4523
5588 6137
5588 11880
5591 4409
5593 11273
5594 1372
5594 4409
5594 4454
5594 11880
5603 4409
5604 925
5604 4409
5604 6137
5604 13890
5605 4409
5607 4409
5609 4409
5614 4454
5614 11880
5619 1372
5619 4409
5619 4523
5620 4409
5621 173
5621 4409
5621 13836
5624 4409
5624 10258
5626 1372
5626 4454
5626 11880
5629 159
5629 1372
5629 4409
5629 4454
5629 6137
5629 11703
5629 11880
5639 1372
5639 4409
5639 4454
5639 11894
5639 13890
5640 4409
5640 6137
5640 11880
5641 4409
5647 1372
5647 4409
5647 4454
5647 6137
5647 11880
5648 11273
5648 11619
5649 4409
5649 4454
5649 6137
5653 4409
5656 1372
5656 4409
5656 4454
5659 3507
5659 7688
5659 8550
5659 9156
5659 12781
5661 151
5661 159
5661 4409
5661 10373
5661 12089
5663 925
5663 1372
5663 4409
5663 6137
5663 11880
5663 13890
5666 4409
5672 10118
5672 13655
5675 151
5675 4538
5675 10373
5675 12089
5675 12313
5675 12495
5676 4409
5676 13890
5680 4409
5682 3274
5682 4409
5683 4409
5692 4409
5702 4409
5706 4409
5706 4523
5715 4409
5718 1372
5718 4409
5718 4454
5718 6137
5718 11880
5724 1372
5724 4409
5732 1372
5732 4409
5732 4454
5732 11880
5737 1372
5737 4409
5737 4454
5737 4523
5737 6137
5738 1372
5738 4409
5738 4454
5738 10512
5738 11273
5738 11880
5739 4409
5739 13836
5740 4409
5743 1372
5743 4409
5743 4454
5744 1372
5744 4409
5744 6137
5751 734
5751 10512
5752 1372
5752 4409
5752 4454
5752 4523
5752 11880
5757 4409
5757 4416
5757 10512
5757 13836
5758 1959
5758 7376
5758 7688
5758 8550
5758 9156
5761 6137
5761 11273
5761 11880
5761 13349
5763 4409
5763 13890
5764 4416
5764 11273
5769 4454
5769 11880
5771 4409
5771 6137
5773 5838
5773 10512
5773 11891
5773 13836
5775 11273
5775 11619
5777 1261
5784 1372
5787 4409
5791 4409
5795 4409
5795 6137
5796 1261
5802 4409
5802 12089
5804 1372
5804 4409
5804 6137
5808 4409
5810 4409
5812 4409
5812 7376
5813 7376
5813 12089
5817 4409
5817 9776
5818 13890
5822 1261
5822 4409
5827 4409
5827 13349
5828 4409
5828 13836
5832 1372
5832 4409
5832 4523
5832 6137
5832 13349
5835 1351
5835 4409
5837 8569
5837 11273
5839 4409
5839 4454
5839 4523
5840 4409
5841 4409
5841 4416
5841 11273
5846 1269
5847 925
5847 4409
5849 4409
5850 1372
5850 4409
5850 4454
5850 11880
5854 4409
5855 4409
5856 1372
5856 4409
5856 4454
5856 11880
5857 8666
5857 11273
5857 13349
5866 1372
5869 8637
5869 8666
5869 11273
5869 13349
5870 1172
5870 1261
5870 10512
5871 11703
5871 13349
5873 1372
5873 4409
5873 4454
5873 6137
5873 6576
5873 9776
5873 11880
5873 13753
5876 12204
5878 7376
5878 12089
5880 4409
5881 12089
5884 678
5884 7376
5884 9957
5884 12089
5890 4409
5891 4409
5893 4409
5894 4409
5895 4409
5896 1271
5896 4409
5896 11545
5901 4409
5907 374
5907 925
5907 1372
5907 4409
5907 4454
5907 4523
5907 6137
5907 13890
5913 4409
5913 4454
5915 4409
5920 734
5920 1172
5920 1372
5920 4409
5920 5838
5920 10512
5920 11891
5920 12141
5920 13836
5921 4409
5922 4454
5927 6137
5927 11880
5927 13349
5929 1261
5932 4409
5933 7330
5933 10512
5933 11891
5933 13836
5943 4409
5943 11545
5944 1372
5944 4409
5944 4454
5944 11880
5945 734
5945 10512
5948 1372
5948 4409
5949 4454
5949 4523
5949 6137
5951 734
5951 5115
5951 5838
5951 7330
5951 10512
5951 11891
5954 1372
5954 11880
5957 1372
5957 4409
5957 4454
5957 11880
5958 6137
5958 11880
5962 457
5962 4416
5962 11273
5962 13349
5965 734
5965 10512
5967 4409
5969 925
5969 4409
5969 13890
5971 11880
5973 4454
5973 11880
5974 11880
5975 11880
5978 1372
5978 4409
5978 4454
5980 3685
5980 4753
5981 4409
5982 4454
5982 13890
5983 4409
5984 6137
5984 11880
5985 6137
5985 11880
5986 4753
5986 10118
5989 10373
5989 11703
5991 326
5992 1372
5992 4409
5997 4409
5997 6137
5997 11880
5999 11703
6001 1372
6001 4409
6001 4454
6001 10118
6001 11880
6003 13890
6005 4409
6005 13890
6010 4409
6010 4454
6010 11880
6012 1372
6012 4454
6012 11880
6013 13890
6014 5838
6014 10512
6014 13836
6020 4409
6023 4409
6026 4409
6026 4454
6029 4409
6029 9957
6029 12089
6030 4409
6031 4409
6031 13890
6032 925
6032 4409
6032 11880
6032 13890
6033 1372
6033 4409
6033 4454
6033 11880
6034 4409
6034 13890
6035 1372
6035 4454
6035 11880
6043 13890
6044 4409
6044 13890
6045 925
6045 4409
6045 8569
6045 11273
6045 11880
6046 4409
6046 13753
6047 4409
6047 11545
6048 1372
6048 4409
6048 4454
6049 7376
6049 11273
6049 13349
6050 734
6050 5838
6050 10512
6050 11891
6050 13461
6050 13836
6052 734
6052 4409
6052 11891
6053 925
6053 1372
6053 4409
6053 4454
6053 4523
6053 6137
6053 11880
6054 1261
6054 4409
6054 10512
6055 4409
6055 10512
6055 11891
6055 13753
6056 734
6056 4409
6056 11891
6056 12141
6056 13753
6057 464
6057 4409
6057 13349
6058 4409
6059 159
6059 1351
6059 1372
6059 4409
6059 5838
6059 6137
6059 10512
6059 11891
6059 12421
6059 13836
6060 1372
6060 4409
6060 4454
6061 734
6061 1372
6061 4409
6061 4454
6061 4523
6061 6137
6061 11273
6061 11880
6064 8604
6064 13836
6065 734
6065 1372
6065 4409
6065 6137
6065 11891
6065 13836
6066 637
6066 11273
6066 13349
6067 1261
6067 8604
6067 13836
6069 4409
6070 4409
6070 6137
6070 13836
6072 4409
6072 10512
6072 11891
6072 12141
6072 13836
6073 1789
6073 2296
6073 7376
6073 9156
6073 12089
6074 10512
6075 734
6075 1261
6075 3932
6075 5838
6075 10512
6075 11891
6075 12141
6075 13753
6075 13836
6076 8666
6076 13753
6077 1127
6077 11619
6077 12089
6078 4409
6078 10512
6078 11891
6079 734
6079 1261
6079 1269
6079 4409
6079 8557
6079 8604
6079 10512
6079 11891
6079 13836
6085 4409
6091 4523
6091 6137
6091 11880
6092 13890
6099 1372
6099 4409
6099 4454
6099 11880
6099 14065
6112 1372
6112 4409
6112 4416
6115 1372
6115 4454
6115 11880
6116 4409
6116 6137
6116 11273
6116 11880
6117 1372
6117 4454
6117 11273
6117 11880
6117 13349
6119 1372
6119 4409
6120 1372
6120 4454
6121 4409
6122 734
6122 4409
6122 11545
6123 6137
6123 11273
6123 11880
6127 925
6127 1372
6127 4409
6127 4454
6127 4523
6127 11880
6129 1372
6129 4454
6129 11880
6140 12089
6141 1372
6141 4409
6141 4454
6147 734
6147 4409
6147 5838
6147 10512
6147 13753
6148 3685
6148 11619
6152 11273
6152 13753
6156 4753
6165 4409
6166 1032
6166 13753
6167 1372
6168 4409
6170 1372
6173 1261
6174 734
6174 1261
6174 4409
6174 4454
6174 8666
6174 10512
6174 11273
6174 11891
6174 13753
6174 13836
6177 464
6177 1372
6177 2594
6177 4409
6177 10258
6177 11880
6178 734
6178 4409
6178 8796
6178 11545
6178 11891
6179 1372
6179 4409
6179 6137
6181 4409
6181 10512
6181 13836
6182 734
6182 1261
6182 4409
6182 10512
6183 734
6183 4409
6183 8604
6183 10512
6186 9264
6192 1372
6192 4409
6192 4454
6193 4409
6194 4409
6194 13890
6204 11703
6205 925
6205 4409
6205 10512
6205 11880
6205 13349
6207 1351
6207 6248
6207 11273
6207 11619
6210 4409
6210 11273
6210 11880
6210 13349
6216 1372
6216 4409
6216 4454
6216 11880
6217 1269
6217 1351
6217 1372
6217 4409
6217 4416
6217 4454
6217 4523
6217 11273
6217 11880
6218 4409
6218 10512
6220 4409
6220 10512
6220 10533
6221 8666
6221 11273
6224 4409
6224 7449
6224 11891
6224 13836
6225 1261
6225 10512
6225 11891
6226 159
6226 734
6226 1261
6226 1372
6226 4409
6226 5838
6226 7330
6226 8604
6226 8666
6226 10512
6226 10533
6226 11891
6226 12141
6226 12421
6226 13753
6226 13836
6227 7688
6227 11273
6227 13349
6227 13461
6229 1372
6229 4409
6230 4217
6230 4409
6230 11891
6230 13836
6231 11880
6242 8666
6242 11273
6243 4409
6243 13890
6247 4409
6249 8666
6249 11273
6249 13349
6250 4409
6250 4454
6250 11880
6250 13349
6251 4409
6251 13890
6253 925
6253 1372
6253 4409
6253 6137
6253 11880
6253 13890
6254 1032
6254 11273
6257 1372
6257 4409
6257 4454
6257 10512
6261 713
6261 8666
6261 11273
6262 11891
6262 13836
6263 490
6263 1032
6263 4409
6263 11880
6263 13890
6267 380
6267 925
6267 4409
6267 11880
6267 13890
6269 4409
6271 4409
6276 4409
6278 159
6278 4409
6279 159
6279 1227
6279 10502
6285 4409
6285 11545
6286 1372
6286 11880
6290 1372
6290 6137
6291 1261
6291 1269
6291 3452
6291 4409
6291 10512
6291 13836
6292 1372
6292 10512
6292 11891
6292 13836
6294 925
6294 4409
6294 4454
6294 4523
6294 11880
6296 464
6296 4409
6296 11545
6296 13890
6298 326
6299 326
6301 4409
6301 10512
6302 4409
6314 464
6314 11619
6316 464
6316 734
6316 925
6316 1372
6316 4217
6316 4409
6316 10512
6316 11273
6316 11619
6316 11880
6316 13349
6316 13890
6322 464
6322 3274
6322 4217
6322 13890
6324 4409
6324 13836
6327 4409
6327 13890
6329 4409
6329 11545
6335 1372
6335 4409
6335 6137
6335 11545
6339 4409
6345 925
6345 1372
6345 4409
6345 12089
6347 4409
6349 5115
6354 4409
6354 7382
6354 10512
6356 4409
6356 10512
6357 4409
6357 13890
6362 4409
6365 1372
6365 4416
6365 4454
6365 4523
6365 6137
6365 11880
6369 4409
6371 4753
6372 3685
6373 4409
6390 4409
6396 490
6396 1032
6396 1372
6396 4454
6396 4523
6396 6137
6396 11880
6396 13890
6397 734
6398 925
6398 1372
6398 4409
6398 4454
6398 11880
6398 13890
6401 11273
6401 11880
6402 925
6402 4409
6404 1261
6404 3452
6404 11880
6404 13836
6405 11880
6405 13836
6408 4409
6408 13890
6410 326
6410 9423
6411 713
6411 4409
6413 159
6413 1372
6413 3522
6413 4454
6413 10502
6414 4409
6415 925
6415 4409
6415 6137
6415 10533
6415 11273
6415 11880
6415 13890
6416 1032
6416 7376
6425 1372
6425 4409
6425 4454
6425 4523
6426 1372
6426 4409
6426 4454
6426 13890
6431 4409
6431 4523
6435 4454
6444 2186
6445 1372
6445 4409
6445 4454
6445 6137
6445 11273
6445 11880
6454 4409
6462 4416
6462 8666
6462 11273
6462 13349
6462 14065
6464 4409
6464 4523
6465 925
6465 4409
6465 13890
6468 4409
6468 10512
6471 159
6471 1372
6471 4409
6471 11619
6474 4409
6476 734
6476 4409
6476 6137
6476 11891
6476 13836
6477 4409
6477 10512
6477 13890
6478 4409
6479 925
6479 4409
6479 6137
6479 11880
6479 13890
6480 925
6480 4409
6480 6137
6480 11880
6485 4409
6487 13890
6491 925
6491 4409
6491 13890
6492 4409
6500 11273
6500 11619
6500 13349
6501 464
6501 925
6501 1372
6501 4409
6501 4454
6501 6137
6501 10512
6501 11880
6501 13349
6501 13890
6506 3685
6506 4753
6508 11880
6512 1372
6512 6137
6514 6137
6514 11880
6516 734
6516 4409
6517 1372
6517 4454
6517 4523
6517 6137
6519 159
6519 1372
6533 1372
6533 4409
6533 4454
6533 10717
6533 11273
6540 1032
6540 11273
6541 4409
6547 734
6547 4409
6547 10512
6547 11545
6547 13836
6549 4454
6549 4523
6549 11703
6551 1372
6551 4409
6551 4523
6551 11880
6555 4409
6557 637
6557 2516
6557 4409
6557 6248
6557 11273
6557 13349
6558 10512
6558 13836
6566 4409
6566 6137
6567 159
6567 1372
6567 4454
6567 11273
6567 11880
6572 1372
6572 4409
6572 4454
6572 11880
6574 2296
6574 7688
6574 8550
6574 9156
6574 12781
6583 1372
6583 4409
6583 4454
6583 10258
6584 1372
6584 4409
6584 6137
6584 10512
6584 11880
6584 11891
6584 13349
6584 13836
6586 4409
6586 11273
6586 14065
6595 734
6595 10512
6595 11891
6595 13836
6596 464
6596 1372
6596 4409
6596 11545
6607 4409
6608 1372
6608 4409
6608 4454
6608 11880
6609 1372
6609 11880
6622 12089
6624 4409
6624 4523
6624 6137
6624 11880
6625 4409
6625 11545
6627 1372
6628 1372
6628 8557
6628 11619
6628 13349
6629 11273
6629 13349
6630 4409
6631 490
6631 4409
6631 4454
6631 4523
6631 6137
6631 13890
6638 4409
6638 13890
6640 925
6640 4409
6641 4409
6642 11273
6642 11619
6643 1372
6643 4409
6643 4454
6643 11880
6643 12514
6643 13655
6652 4409
6652 10512
6653 4409
6653 13890
6659 4454
6659 4523
6659 6137
6659 11880
6661 1372
6661 4523
6661 6137
6661 11880
6662 4753
6663 4523
6663 4753
6663 5359
6663 10118
6666 6137
6666 11880
6667 4523
6667 6137
6667 11880
6668 1372
6668 4409
6668 4454
6668 6137
6668 11273
6668 11880
6671 734
6671 4409
6671 5838
6671 10512
6675 1372
6675 3685
6675 4409
6675 4454
6675 11273
6675 11880
6679 3274
6679 4409
6679 13890
6681 4409
6684 4409
6687 4409
6690 4409
6692 4409
6704 734
6704 10512
6709 925
6709 1372
6709 4409
6709 6137
6709 11880
6710 13655
6712 10258
6712 10512
6716 4409
6717 4409
6717 4454
6719 4409
6719 10512
6719 10533
6719 11891
6719 13836
6720 464
6720 4409
6720 10512
6720 11545
6721 925
6721 4409
6722 734
6722 4409
6722 13836
6724 1372
6724 4409
6724 4454
6724 6137
6724 11880
6725 1372
6725 6137
6725 11880
6726 6137
6726 11273
6726 11880
6727 4409
6731 4409
6732 925
6732 4409
6732 6137
6732 11880
6736 3685
6737 159
6737 1372
6737 7376
6740 1372
6744 734
6744 4409
6744 5838
6744 10512
6744 13753
6744 13836
6744 13890
6746 4523
6746 6137
6746 11880
6748 464
6748 925
6748 4409
6748 11880
6752 13890
6754 490
6754 6137
6754 10302
6754 11560
6754 11880
6754 13890
6755 12514
6758 4409
6759 4409
6763 4409
6766 4409
6767 1372
6767 4454
6767 6137
6767 11880
6769 1372
6769 4454
6769 6137
6769 11880
6776 4409
6776 4523
6776 6137
6779 1372
6779 4454
6779 11880
6785 4409
6790 4409
6790 4454
6794 4409
6800 4409
6803 3452
6808 4409
6809 4409
6809 11545
6813 4409
6813 13890
6815 1372
6815 4409
6815 4454
6815 11703
6815 11880
6816 4409
6816 13890
6817 1172
6817 3932
6817 4409
6817 10512
6817 11891
6817 13753
6817 13836
6822 1372
6822 4409
6822 4454
6822 11880
6823 11273
6823 11880
6823 13349
6824 4409
6826 11273
6826 13349
6829 457
6829 11273
6831 457
6831 1959
6831 8666
6831 11273
6831 11880
6831 13349
6832 11273
6838 4409
6838 11545
6841 1372
6841 4416
6841 4454
6841 11880
6843 4409
6847 4409
6849 1372
6849 4409
6849 10512
6850 11273
6851 4409
6855 734
6855 10512
6857 5115
6857 11891
6857 13836
6858 1271
6858 4409
6858 4416
6858 4454
6858 8666
6858 11880
6858 13753
6861 7130
6861 11891
6861 13836
6862 1372
6862 4409
6862 6137
6867 1261
6870 4409
6875 11273
6876 4409
6878 925
6878 1372
6878 4409
6878 4454
6878 11880
6879 11273
6879 13349
6881 4454
6881 11273
6881 11880
6882 4409
6882 13890
6883 8666
6889 4409
6893 11273
6893 12089
6894 11273
6897 4409
6899 1261
6901 4409
6901 6137
6905 7376
6905 12089
6905 13349
6909 1372
6909 4409
6909 4454
6909 11619
6909 11880
6917 4409
6918 925
6918 1372
6918 4409
6918 4454
6918 11880
6919 4409
6919 4523
6920 7376
6920 12089
6920 12313
6921 7376
6921 12089
6921 12313
6923 7376
6923 9957
6923 12089
6926 4409
6926 13890
6927 1372
6927 3908
6927 4409
6927 4454
6927 11273
6928 151
6928 11273
6928 12089
6928 12313
6928 13349
6929 1372
6929 4409
6929 4454
6931 4409
6931 11545
6932 4416
6932 7376
6932 8666
6932 9957
6932 11273
6934 1372
6934 4409
6934 4454
6934 11880
6937 11273
6937 11880
6937 13349
6939 1372
6939 11273
6939 13349
6940 925
6940 4409
6943 4409
6943 4523
6948 4409
6950 4409
6951 1372
6951 4409
6951 4454
6954 1372
6954 4409
6954 4454
6954 4523
6954 6137
6954 11880
6956 4409
6957 4409
6957 13890
6959 4409
6962 1372
6962 6137
6962 11880
6964 10512
6964 10533
6965 1372
6965 4409
6965 6137
6966 1261
6970 1372
6970 4409
6970 4454
6972 4409
6972 4454
6972 11880
6972 13349
6973 4409
6974 4409
6982 1372
6984 8569
6988 4708
6997 464
6997 4409
6997 6137
6997 8796
6997 11545
6997 11891
6997 13836
6998 13017
6999 326
7001 4409
7002 4409
7003 12089
7004 8666
7004 11273
7004 13349
7006 4409
7006 11880
7006 13890
7007 4409
7007 11880
7009 374
7009 1372
7009 4454
7009 4523
7009 6137
7009 11880
7009 13890
7011 734
7011 4409
7011 8666
7011 13753
7012 4409
7012 11703
7012 13836
7013 464
7013 1372
7013 3522
7016 4409
7017 4409
7017 5838
7017 10512
7017 13836
7018 4409
7018 11545
7019 4409
7020 4409
7021 4409
7021 11545
7022 4409
7023 4409
7024 1372
7024 4409
7024 4454
7026 1372
7026 2594
7026 4409
7026 4454
7027 159
7027 464
7027 1372
7027 4409
7028 925
7028 4409
7029 4409
7031 4409
7031 13890
7032 1372
7032 4409
7033 6137
7033 11880
7034 1372
7034 4409
7037 637
7037 11273
7037 13349
7038 4454
7038 11880
7039 4409
7039 11545
7042 3274
7042 4409
7044 1261
7044 8604
7045 4416
7045 8569
7045 11273
7045 11880
7045 13349
7046 4409
7047 4409
7049 1372
7049 4454
7049 4523
7050 925
7050 4409
7051 1372
7051 4409
7052 4409
7054 1102
7054 8821
7054 8839
7055 4409
7055 4454
7060 4409
7060 11880
7063 734
7063 10512
7063 11891
7063 12141
7063 13753
7063 13836
7067 8569
7067 8666
7069 12089
7075 1032
7075 11273
7075 11880
7075 13753
7078 4409
7078 13890
7083 464
7083 925
7083 4409
7083 6137
7083 11273
7083 11880
7084 4409
7085 4409
7085 6137
7085 11880
7089 1372
7089 4409
7090 4409
7090 5081
7090 11545
7090 13890
7092 1372
7092 4409
7092 6137
7094 734
7094 1261
7094 4409
7094 5838
7094 7330
7094 10512
7094 11891
7094 12141
7094 13836
7097 159
7097 4409
7097 11891
7097 13836
7099 1372
7099 4409
7099 10512
7099 13890
7102 4409
7102 13349
7103 1032
7103 6137
7103 11273
7103 11880
7108 4409
7117 4409
7118 464
7118 1372
7118 4409
7118 13890
7128 1372
7128 4454
7132 925
7132 4409
7135 4409
7135 10512
7135 13753
7144 5838
7144 10512
7144 13753
7144 13836
7147 12514
7149 490
7149 1032
7149 1372
7149 4454
7149 4523
7149 6137
7149 11560
7149 11880
7151 11273
7151 13349
7152 12089
7152 12204
7155 4409
7161 1372
7161 4409
7161 4454
7161 11880
7163 4409
7166 4409
7166 6137
7168 4409
7170 6317
7170 10533
7170 13836
7173 464
7173 925
7173 4409
7173 4523
7173 6137
7173 10258
7173 11273
7173 11880
7180 4409
7180 12089
7182 4409
7182 10512
7182 13890
7192 4416
7192 11273
7192 11880
7193 464
7193 11619
7200 925
7200 4409
7200 11273
7206 1372
7206 4409
7206 4454
7206 4523
7206 6137
7206 11880
7207 925
7207 4409
7208 4409
7208 11273
7208 11880
7208 13349
7209 1372
7209 4409
7209 4454
7209 10512
7209 11880
7212 4454
7212 4523
7214 1372
7214 4409
7214 11545
7224 1261
7224 1372
7224 4409
7224 11273
7224 11880
7224 11891
7224 13349
7224 13753
7224 13836
7226 4409
7226 5335
7226 13349
7227 4409
7229 4409
7236 4753
7236 5359
7236 10118
7237 4409
7239 11273
7239 13349
7242 1372
7242 4409
7242 5838
7242 10512
7242 11891
7242 13836
7250 1372
7250 4454
7250 11880
7256 734
7256 6317
7256 10512
7256 11891
7256 13836
7262 4409
7262 10512
7262 13890
7263 4409
7264 4409
7265 4409
7266 4409
7266 11545
7267 4409
7268 4409
7269 1372
7269 4409
7271 1261
7271 4409
7271 10512
7271 10533
7271 11545
7271 11891
7271 13836
7275 7330
7275 10512
7275 11891
7275 13836
7276 925
7276 4409
7276 6137
7276 10512
7276 11880
7277 5335
7277 12514
7281 4409
7282 4409
7286 11273
7286 11880
7286 13349
7287 1372
7287 4409
7288 1372
7288 4409
7290 4409
7290 4416
7290 4454
7290 8666
7290 11273
7290 11880
7295 925
7295 1372
7295 4409
7295 4454
7295 4523
7295 6137
7295 13890
7296 4409
7299 734
7299 4409
7299 10512
7299 12141
7299 13890
7300 925
7300 4409
7300 11273
7300 11880
7303 159
7303 1372
7303 8557
7304 11703
7315 4409
7315 8666
7315 13836
7318 4409
7318 5838
7318 10512
7324 734
7324 13836
7326 1372
7326 4409
7326 4454
7326 11880
7327 1372
7327 4409
7327 4454
7327 11703
7327 11880
7334 13890
7338 734
7338 4409
7338 8604
7338 10512
7338 10533
7339 1261
7339 1269
7343 925
7343 1372
7343 4409
7343 4454
7343 4523
7343 6137
7343 11880
7347 4409
7349 925
7349 4409
7349 13890
7351 1372
7351 4454
7351 11880
7352 1372
7352 4454
7352 11703
7356 1372
7358 4409
7358 11545
7362 159
7362 1372
7362 4409
7362 4454
7362 4523
7362 6137
7362 11880
7362 11891
7363 4409
7370 1372
7370 4454
7370 10512
7370 11273
7370 11619
7370 11703
7370 11880
7373 464
7373 3452
7373 4409
7373 4454
7373 11619
7373 11880
7377 4409
7377 10373
7378 490
7378 1372
7378 4409
7378 4454
7378 11273
7378 11880
7378 13890
7390 6137
7390 11880
7396 1372
7396 6137
7396 11880
7402 925
7402 1372
7402 4409
7402 11880
7402 13890
7405 11880
7408 4409
7412 380
7412 4409
7412 13890
7414 925
7414 4409
7414 11880
7414 13890
7422 4454
7422 4523
7422 6137
7422 11880
7424 159
7424 1372
7424 4409
7424 4454
7424 4523
7424 11880
7426 1351
7426 13655
7431 4409
7431 13349
7432 4409
7437 1032
7437 1372
7437 4454
7437 6137
7437 11273
7437 11880
7439 13890
7442 1372
7442 4409
7442 4523
7442 6137
7442 11880
7448 13890
7452 925
7452 4409
7452 4523
7452 6137
7452 11880
7454 4409
7454 4454
7454 10512
7454 11880
7460 4409
7460 13890
7471 490
7471 1372
7471 4454
7471 4523
7471 11880
7471 13890
7473 12089
7476 8666
7476 12089
7477 7688
7477 8550
7479 1261
7479 3452
7479 8604
7479 10512
7479 13349
7479 13836
7480 1372
7480 4409
7480 4454
7480 11703
7480 11880
7492 4753
7493 734
7493 1261
7493 5838
7493 10512
7493 12141
7493 13836
7507 4409
7508 5115
7509 1372
7509 4409
7509 4454
7512 925
7512 1372
7512 4409
7512 6137
7512 11273
7512 11880
7512 13890
7513 925
7513 1372
7513 4409
7513 4454
7513 6137
7513 11273
7513 11880
7513 13890
7526 1372
7526 4454
7526 11880
7528 1227
7528 6576
7528 9156
7528 10502
7528 10512
7528 11273
7528 13655
7528 13753
7537 4409
7540 1261
7546 4409
7548 1172
7548 12141
7550 1372
7550 4409
7551 4409
7551 4523
7551 6137
7551 11273
7551 11880
7552 1372
7552 4409
7552 11619
7552 11880
7552 13349
7554 4409
7555 464
7555 925
7555 4409
7555 11880
7555 13349
7555 13890
7556 11273
7556 13349
7557 1372
7557 4409
7561 734
7561 10512
7561 13753
7561 13836
7562 4409
7562 13890
7563 4409
7563 13890
7564 734
7564 7330
7564 10512
7564 11891
7564 12141
7564 13753
7564 13836
7581 1372
7581 4416
7581 6137
7581 11880
7582 4409
7583 4409
7588 4409
7588 5838
7588 10512
7588 11891
7588 13753
7588 13836
7589 4409
7589 10512
7593 4409
7593 5838
7593 10512
7593 11891
7593 13836
7595 1102
7597 1032
7597 4523
7597 6137
7597 10512
7597 11560
7597 11880
7597 13890
7600 4409
7610 1372
7610 6137
7610 11880
7611 925
7611 4409
7611 6137
7611 11545
7622 1261
7622 1269
7622 11891
7623 1372
7623 4409
7623 4454
7623 6137
7623 11880
7628 4409
7629 159
7629 1372
7632 4409
7634 12514
7636 464
7636 4409
7636 4454
7636 6137
7636 11880
7636 13349
7636 13890
7641 1372
7641 11880
7652 1372
7652 4409
7652 4454
7652 11880
7653 1261
7653 1372
7653 3452
7653 3893
7653 4454
7653 5081
7653 11880
7654 4409
7654 4416
7654 8666
7654 11619
7654 11880
7655 4409
7655 13890
7656 11703
7660 4409
7660 4523
7660 11880
7663 11273
7663 13349
7665 3452
7665 4416
7665 11880
7666 4409
7666 4454
7666 11273
7666 11880
7670 1372
7670 4409
7670 11273
7670 11880
7671 464
7671 925
7671 1372
7671 4409
7671 4454
7671 11880
7678 1372
7678 4409
7678 4454
7678 11273
7678 11880
7679 4409
7682 1372
7682 4454
7682 11703
7685 490
7685 1032
7685 1372
7685 6137
7685 11880
7685 13890
7689 925
7689 4409
7689 10512
7689 13890
7690 1172
7690 1261
7690 10512
7690 11891
7690 12141
7690 12421
7690 13836
7694 8821
7698 4409
7701 4409
7702 1032
7702 6137
7702 11273
7705 1372
7705 4409
7705 4454
7705 4523
7705 6137
7705 11880
7711 4409
7716 925
7716 1372
7716 4409
7716 4523
7716 6137
7716 11880
7716 13890
7719 1372
7719 4454
7722 4409
7723 1127
7723 4409
7723 4523
7730 925
7730 4409
7730 6137
7730 13349
7733 1372
7733 4409
7733 4454
7736 1372
7736 4454
7736 11880
7739 12514
7740 4409
7740 5081
7741 1372
7741 4217
7741 4409
7741 6137
7746 4409
7751 490
7751 4454
7751 4523
7751 6137
7753 4409
7757 4409
7759 10512
7759 11891
7759 12141
7759 13836
7761 4454
7761 4523
7761 11619
7761 11880
7763 3685
7764 1372
7765 4409
7765 4454
7772 1372
7772 4409
7773 1372
7773 4409
7773 4454
7773 11880
7778 4454
7778 11880
7779 4409
7780 4454
7780 11880
7780 13890
7781 1372
7781 2206
7781 4409
7781 11545
7784 4409
7784 11880
7786 1372
7786 6137
7786 11880
7787 4409
7789 4409
7789 11545
7793 4409
7793 4523
7793 6137
7793 10533
7793 11880
7795 10512
7795 11273
7795 13349
7800 4409
7801 7376
7801 11273
7801 12089
7803 4409
7804 4416
7804 8666
7804 10373
7804 11273
7804 13349
7805 12204
7806 1372
7806 4454
7806 11273
7806 11880
7808 734
7808 1261
7808 1372
7808 4409
7808 10512
7808 11545
7808 11891
7808 13349
7808 13753
7808 13836
7812 1959
7812 12089
7813 4409
7813 5081
7813 11545
7814 464
7814 4409
7818 1372
7818 4409
7818 4416
7819 1372
7819 4454
7819 6137
7819 11880
7820 4409
7828 1372
7828 4409
7828 6137
7828 11880
7828 13890
7833 4409
7834 464
7834 925
7834 4409
7834 11273
7834 11880
7835 4409
7836 4409
7836 13349
7837 1351
7837 9156
7837 11273
7837 12204
7842 4409
7844 4753
7845 9264
7845 11273
7848 925
7848 4409
7848 4523
7848 6137
7848 11880
7848 13890
7850 4409
7852 925
7852 4409
7852 6137
7852 13349
7854 1372
7854 4409
7854 4454
7858 1261
7858 1269
7858 8604
7859 159
7859 1372
7864 11880
7865 4409
7867 4409
7875 4409
7875 11545
7879 4409
7885 1261
7885 5838
7885 10512
7885 11891
7885 12421
7885 13836
7886 4409
7893 4409
7893 11545
7894 1372
7894 4416
7894 11880
7896 1487
7896 8839
7896 11273
7904 734
7904 4409
7907 326
7912 1372
7912 4409
7912 4454
7912 4523
7912 11273
7912 11880
7913 10118
7914 10118
7916 10118
7918 1127
7918 4454
7918 11880
7918 13349
7918 13753
7920 3685
7920 10118
7924 4409
7924 13890
7925 1372
7925 4454
7925 11880
7926 10118
7927 10118
7929 4409
7934 1372
7934 4454
7934 11880
7935 637
7935 6248
7935 9156
7935 11273
7935 11619
7935 12204
7936 925
7936 1261
7936 1372
7936 3452
7936 4409
7936 4454
7936 6137
7936 8557
7936 11273
7936 11880
7936 13890
7945 374
7945 13890
7946 490
7946 1372
7946 2186
7946 3217
7946 4454
7946 10302
7946 11273
7946 11560
7946 11880
7946 13349
7954 10118
7956 4409
7956 4416
7956 11880
7956 13349
7962 10118
7964 1351
7964 4409
7965 1172
7965 8604
7965 10512
7965 11891
7965 12141
7965 13836
7966 4409
7966 4523
7966 11880
7967 1261
7967 3932
7967 4409
7967 10512
7967 13753
7967 13836
7968 6137
7968 11273
7972 159
7972 1372
7972 4409
7973 1372
7973 4454
7973 11880
7974 326
7974 3000
7974 3522
7974 4409
7976 9423
7979 1372
7979 2594
7979 4409
7979 4454
7980 12514
7997 1372
7997 4409
7997 6137
8000 6137
8000 11880
8001 4409
8001 13890
8007 1261
8007 1269
8007 3893
8010 6137
8010 11273
8013 5838
8013 10512
8013 13836
8015 4409
8022 1372
8022 4409
8022 4454
8022 13890
8024 1372
8024 4454
8024 6137
8024 11273
8024 11880
8024 13349
8030 4409
8032 4753
8035 10118
8037 4409
8038 10118
8041 6137
8041 11880
8042 10118
8043 4409
8051 734
8051 3452
8051 10512
8051 13836
8055 4409
8055 13890
8057 10118
8063 159
8063 1372
8063 4409
8063 6137
8066 1372
8066 4409
8066 4454
8066 6137
8066 11880
8068 4409
8069 1372
8069 4409
8069 4454
8069 11880
8069 13349
8070 4409
8070 13890
8071 734
8071 4409
8071 10512
8071 13753
8071 13836
8072 10118
8073 457
8073 1959
8073 11273
8075 8666
8075 13655
8075 13753
8079 10118
8083 159
8083 4409
8088 1372
8088 4409
8088 6137
8090 4409
8090 10512
8090 13349
8091 925
8091 4409
8093 1372
8093 4454
8093 4523
8093 6137
8093 11880
8096 4409
8103 4409
8107 1372
8110 1372
8110 4409
8111 4409
8111 13890
8112 8550
8112 9156
8115 11703
8119 12514
8120 1372
8120 4454
8120 11880
8120 13890
8122 1269
8123 10512
8126 464
8126 4409
8126 12089
8128 925
8128 4409
8128 4454
8128 11880
8130 4409
8130 4753
8131 4753
8133 10118
8135 10118
8137 4753
8143 4409
8143 10512
8144 4409
8147 1372
8147 4454
8150 5115
8152 1351
8152 1372
8152 4409
8152 4454
8152 11880
8152 13349
8152 13753
8153 925
8153 6137
8153 11880
8155 6137
8156 4409
8156 13890
8157 1372
8157 4409
8157 6137
8158 11703
8162 1372
8162 4454
8162 11880
8170 12514
8177 1261
8177 1269
8177 4409
8179 1261
8179 1372
8179 4454
8179 4523
8179 10512
8179 11273
8179 11703
8179 11880
8179 13349
8181 4409
8181 11880
8183 1351
8183 4409
8186 734
8186 5838
8186 10512
8186 13753
8186 13836
8187 6137
8187 11880
8190 11273
8190 13349
8191 1372
8197 4409
8198 4409
8198 4454
8198 4523
8198 6137
8198 11880
8199 6576
8199 8550
8199 9156
8199 10502
8203 4409
8205 4409
8205 10258
8205 11891
8205 13836
8207 1372
8207 4409
8207 10512
8208 4409
8213 11703
8215 1372
8215 4454
8215 11880
8216 925
8216 4409
8216 11880
8218 4409
8219 4409
8220 4409
8220 13890
8221 1372
8221 4409
8221 4454
8221 11880
8223 4409
8223 4454
8223 11880
8225 1269
8225 4409
8225 13349
8236 11619
8242 1271
8242 13655
8254 4409
8254 4454
8254 4523
8254 6137
8254 11273
8254 13890
8262 1351
8262 11273
8262 11880
8262 13349
8267 1372
8267 4409
8267 10512
8273 7376
8273 12089
8275 1372
8275 6137
8275 11880
8281 1372
8281 4409
8281 4454
8281 11880
8284 4409
8290 4409
8292 4409
8293 6137
8293 11273
8293 11619
8293 11880
8293 13349
8294 11273
8302 4454
8303 490
8303 1372
8303 4454
8303 11880
8309 4409
8309 11545
8312 4409
8313 159
8313 1372
8313 6137
8314 464
8314 1372
8316 12089
8319 4409
8319 4523
8319 6137
8328 4409
8328 11880
8328 13890
8329 464
8329 4409
8334 490
8334 1372
8334 4454
8334 11880
8334 13890
8338 1372
8338 3452
8338 4416
8338 11880
8338 13349
8339 1372
8339 4454
8339 11273
8339 11880
8339 13349
8343 3893
8343 10512
8352 1261
8352 1372
8352 4409
8352 4416
8352 4454
8361 1372
8361 4409
8361 4454
8361 6137
8361 11880
8362 1372
8362 4409
8362 4454
8362 4523
8362 11880
8367 4753
8372 464
8372 3274
8372 4409
8374 925
8374 4409
8374 11273
8377 4409
8382 4409
8383 4409
8384 4409
8386 1372
8386 4454
8386 4523
8386 6137
8386 11880
8393 1032
8393 11273
8397 12313
8398 159
8398 4409
8398 11545
8399 4409
8399 13890
8400 1372
8400 11880
8401 4409
8401 4523
8401 6137
8404 1372
8405 4409
8406 1372
8406 4409
8406 4454
8406 11273
8406 11880
8406 13349
8410 4409
8412 4409
8412 6137
8413 4409
8413 13890
8417 1261
8417 10512
8417 12141
8418 1261
8418 4409
8418 8666
8418 13836
8420 1372
8422 1261
8422 11273
8422 11891
8423 925
8423 1372
8423 4409
8423 4454
8423 13890
8424 1261
8424 1269
8424 13836
8433 1372
8433 6137
8434 4416
8434 8666
8434 11273
8434 11619
8435 4409
8436 925
8436 4409
8443 4409
8447 4409
8447 8604
8455 4409
8456 4409
8460 925
8460 4409
8460 11273
8468 11891
8472 3452
8472 3893
8472 4416
8472 8557
8472 11273
8472 11891
8472 13836
8472 14065
8473 1372
8473 6137
8473 11273
8473 11880
8477 11273
8477 11880
8487 3452
8487 4409
8487 4454
8487 8666
8487 11880
8489 11880
8489 13890
8498 4409
8501 4409
8501 5838
8507 8550
8507 11273
8509 11880
8511 4409
8513 734
8513 4409
8513 8666
8513 10512
8513 11273
8515 11273
8520 2206
8520 4409
8520 4523
8520 6137
8520 11545
8520 13349
8531 1372
8531 4454
8531 11880
8535 925
8535 4409
8535 6137
8535 11273
8535 13890
8536 4409
8540 12514
8544 1372
8544 4409
8546 11619
8547 4409
8551 734
8552 4409
8553 4409
8554 1372
8554 4409
8554 4454
8554 4523
8554 6137
8554 11880
8564 4409
8564 6137
8564 8796
8564 13836
8580 4409
8581 4454
8581 11880
8582 4409
8584 925
8584 1372
8584 4409
8584 11880
8584 13890
8585 1372
8585 4409
8585 4454
8585 4523
8585 6137
8585 11880
8586 4409
8588 4753
8590 4409
8592 13890
8597 4409
8597 11545
8599 4409
8600 490
8600 1032
8600 1372
8600 4454
8600 4523
8600 6137
8600 11273
8600 11880
8600 13890
8606 4409
8606 11545
8607 5115
8607 11891
8608 4409
8608 4416
8608 4454
8608 11880
8612 734
8612 4409
8612 13890
8613 4409
8613 4523
8614 4409
8616 7376
8616 12089
8616 12204
8617 1372
8617 4409
8617 4454
8617 4523
8617 11880
8618 925
8618 4409
8618 11273
8618 11880
8620 1372
8620 3452
8620 4409
8620 4416
8620 4454
8620 4523
8620 6137
8620 11273
8620 11880
8620 13349
8620 13836
8620 14065
8623 4409
8627 3685
8630 11273
8634 1372
8634 4409
8634 4454
8634 11880
8635 1351
8635 4409
8635 10373
8636 4409
8640 4409
8641 4409
8641 6137
8646 6137
8646 11273
8646 11880
8646 13349
8647 4409
8648 1261
8648 10512
8650 4409
8650 4454
8650 4523
8651 464
8656 925
8656 4409
8658 1269
8658 3893
8658 4409
8658 13836
8663 4409
8663 13890
8668 1372
8668 4454
8669 1372
8669 4409
8669 4454
8669 8557
8669 11880
8670 4409
8671 159
8671 1372
8671 6137
8676 925
8676 1372
8676 4409
8676 4523
8676 6137
8676 11880
8676 13890
8691 1372
8693 4409
8702 4454
8702 4523
8702 6137
8702 11273
8702 11880
8704 13753
8710 4409
8714 490
8714 4523
8714 11880
8719 464
8719 1372
8719 4409
8719 4454
8719 11273
8719 11880
8720 1372
8720 4409
8733 1372
8733 11880
8734 1372
8734 4409
8734 12089
8737 4454
8737 4523
8737 11703
8738 925
8738 4409
8738 5081
8739 1372
8739 6137
8739 11273
8740 1372
8740 4409
8740 10512
8740 11545
8742 4409
8742 4454
8742 4523
8742 6137
8742 11880
8743 4409
8743 13890
8745 13753
8750 637
8750 4409
8750 4416
8751 1372
8753 1372
8753 4454
8753 4753
8753 10118
8756 925
8756 4409
8756 11880
8757 1271
8757 1372
8757 4409
8757 4454
8757 11273
8757 11880
8759 925
8759 4409
8759 13890
8762 11880
8763 151
8763 734
8763 4409
8763 10512
8763 13836
8764 1261
8764 11273
8765 637
8765 7376
8765 11619
8765 11743
8765 12089
8765 13349
8773 4409
8773 4454
8773 11619
8773 11880
8773 13349
8774 1261
8779 1261
8779 8604
8779 10512
8779 13836
8781 11880
8784 1372
8784 4409
8784 4454
8784 4523
8784 6137
8784 11880
8789 4409
8790 4409
8790 4454
8790 11880
8798 1372
8798 4409
8798 4416
8798 4454
8798 11880
8802 464
8802 1372
8802 4409
8802 4454
8802 7449
8802 11880
8804 4409
8806 4409
8806 13890
8810 4409
8819 464
8819 4409
8819 7994
8822 11880
8822 13890
8823 4409
8825 490
8825 1372
8825 4454
8825 4523
8825 6137
8827 1372
8827 4454
8827 11880
8831 4217
8831 7130
8831 11891
8831 13753
8832 4409
8832 13890
8835 925
8835 4409
8835 13890
8836 1372
8836 4409
8838 1261
8838 10512
8838 11891
8840 159
8840 1372
8840 6137
8841 1372
8841 4409
8841 6137
8841 11545
8842 1261
8843 1032
8843 11273
8843 13349
8850 4454
8850 8666
8850 11273
8850 11880
8850 13349
8851 4409
8854 1372
8854 4409
8854 4454
8854 4523
8854 6137
8854 11880
8863 1372
8863 4409
8863 4454
8863 11273
8863 11703
8863 11880
8866 1372
8866 6137
8866 11880
8868 1372
8868 4454
8868 11703
8870 326
8871 326
8872 4409
8873 4409
8873 6137
8876 4409
8876 13890
8877 4409
8877 10512
8877 13836
8877 13890
8881 4409
8881 11545
8884 4409
8884 11880
8888 4409
8888 11545
8892 925
8892 4409
8892 13890
8893 4409
8893 13890
8896 1372
8896 4409
8896 4454
8896 11880
8900 6576
8900 11273
8900 12089
8900 13349
8905 6137
8905 11880
8906 678
8906 7376
8912 4409
8913 3000
8913 4409
8913 12089
8916 1261
8916 1269
8916 11273
8916 13349
8916 14065
8917 4409
8921 7376
8921 12089
8921 13349
8922 10533
8922 12141
8922 13836
8923 925
8923 4409
8925 1372
8925 4409
8925 4454
8927 1372
8927 4454
8927 4523
8927 4753
8927 6137
8928 159
8928 1372
8928 4409
8929 1372
8929 4409
8929 11880
8929 13890
8936 8550
8936 9156
8937 464
8937 4409
8937 6137
8937 11880
8937 13349
8937 13890
8940 1261
8940 1372
8940 4409
8940 4454
8940 10512
8940 11273
8940 11703
8940 11880
8944 4409
8944 13890
8945 4409
8945 13836
8947 4409
8947 11273
8947 11880
8947 13349
8951 1372
8951 4409
8951 4454
8951 4523
8951 11880
8952 11273
8952 11880
8952 13349
8953 4409
8956 1372
8956 4409
8956 10512
8963 151
8964 925
8964 4409
8964 13890
8965 1372
8965 4409
8965 10512
8970 11891
8977 1269
8979 734
8979 4409
8979 11891
8980 637
8980 11880
8980 13349
8981 4409
8981 11880
8982 11703
8986 925
8986 4409
8986 11619
8986 11880
8986 13890
8989 1261
8989 5838
8989 10512
8989 11891
8989 12141
8989 13836
8990 1269
8990 3893
8991 4409
8991 11545
8994 4409
8994 4454
8994 11880
8995 4409
8997 637
8997 10512
8997 12421
8999 3452
8999 4416
8999 11880
8999 13890
9002 4409
9002 4416
9002 11273
9002 13017
9002 13349
9003 4409
9005 4409
9006 11273
9006 13349
9009 7376
9009 11273
9009 12089
9011 11703
9012 4523
9012 6137
9012 11880
9015 4409
9015 4523
9015 6137
9016 4409
9016 4454
9016 11880
9017 11273
9017 11880
9021 8666
9021 11273
9021 13349
9024 4523
9024 6137
9024 11273
9024 11880
9026 6137
9026 11273
9026 11880
9026 13890
9030 10512
9030 11619
9031 11619
9033 1372
9033 4409
9033 4454
9033 11273
9033 11880
9034 4409
9035 1261
9035 4409
9035 8604
9035 10512
9035 11273
9035 11891
9040 8666
9040 11273
9040 11619
9040 11880
9041 1372
9041 6137
9041 11880
9044 4454
9044 4523
9044 11703
9046 4409
9046 11545
9052 1372
9052 4454
9052 11880
9056 1372
9056 11273
9056 11880
9059 925
9059 1372
9059 4409
9059 11273
9059 11880
9060 8666
9060 11273
9060 13349
9064 4409
9065 11703
9066 4409
9067 4409
9068 1261
9073 925
9073 4409
9073 13349
9074 1372
9074 4409
9074 11545
9076 5838
9076 10512
9076 13836
9077 4409
9077 6137
9078 1372
9078 4409
9078 4454
9078 6137
9078 11273
9078 11880
9078 13349
9082 4409
9086 4409
9086 11545
9088 1372
9088 4454
9088 11703
9088 11880
9088 13461
9089 4409
9090 4409
9095 1372
9095 4409
9098 6137
9098 11273
9098 11880
9099 3893
9099 4409
9099 11545
9099 13836
9105 4708
9105 8569
9105 9156
9105 13017
9110 4409
9110 6137
9110 11619
9113 1372
9113 3526
9113 4409
9113 4454
9113 11880
9116 925
9116 4409
9116 4454
9116 4523
9116 13890
9121 4409
9121 4416
9125 4409
9125 13890
9126 3274
9126 13890
9131 11703
9133 734
9133 10512
9133 13753
9133 13836
9134 11703
9137 925
9137 1372
9137 4409
9137 4454
9137 4523
9137 6137
9137 11880
9138 1372
9138 4409
9138 4454
9138 11880
9139 1372
9139 4409
9139 4454
9139 4523
9139 11880
9140 1372
9140 4409
9140 4454
9140 11880
9148 159
9148 1372
9148 4409
9157 374
9157 925
9157 1261
9157 4409
9157 10512
9157 11880
9161 159
9161 1372
9161 6137
9165 1372
9165 4409
9165 4454
9166 4409
9166 11545
9167 12514
9171 11703
9179 4409
9182 11703
9185 734
9185 1261
9185 4409
9185 10512
9185 11891
9185 13753
9185 13836
9196 925
9196 1372
9196 4409
9196 11273
9196 11880
9198 3452
9198 13836
9204 1372
9204 4409
9204 11273
9204 11880
9205 1372
9205 7635
9207 4409
9209 734
9209 4409
9209 11891
9215 1372
9215 4409
9215 13890
9218 12514
9222 4409
9224 4409
9225 1372
9225 4454
9225 4523
9225 6137
9225 11703
9225 11880
9229 1372
9229 3000
9229 4409
9229 13890
9234 4409
9234 4523
9234 13890
9238 4523
9238 6137
9240 11703
9243 10502
9244 6137
9244 13890
9246 4409
9248 734
9248 4409
9248 10512
9248 11891
9248 13753
9248 13836
9249 4409
9250 1372
9250 3685
9250 4409
9250 4454
9250 4523
9250 6137
9251 1372
9251 4409
9251 6137
9251 11880
9252 1372
9252 4454
9252 4523
9252 6137
9253 4409
9253 6137
9262 4416
9262 8666
9262 11273
9262 13349
9262 14065
9265 4409
9268 4409
9269 1261
9269 1269
9269 8604
9276 10512
9276 11891
9276 13836
9277 1372
9277 4409
9277 4454
9277 6137
9290 1372
9290 4409
9290 4454
9290 4523
9290 6137
9290 11880
9291 159
9291 1271
9291 6576
9294 637
9294 9156
9294 9698
9294 11273
9294 13349
9295 8666
9296 4454
9296 4523
9296 6137
9296 11880
9297 159
9297 3452
9297 5838
9297 10512
9297 11273
9297 12421
9297 13836
9302 12514
9304 6137
9311 1261
9311 6137
9311 11273
9311 11880
9311 13349
9311 14065
9315 4409
9319 1372
9319 4454
9319 4523
9319 6137
9319 11880
9320 1261
9325 925
9325 4409
9325 4454
9325 4523
9338 11703
9339 4409
9342 4454
9342 6137
9342 11880
9344 11880
9348 925
9348 4409
9348 7635
9350 11880
9353 1372
9353 4409
9353 4454
9353 11880
9358 1372
9358 4409
9358 4454
9361 490
9361 1372
9361 5359
9361 6137
9361 13890
9364 12514
9365 6576
9365 11703
9373 925
9373 4409
9375 1372
9375 3452
9375 3893
9375 4454
9375 11273
9375 11880
9376 4409
9377 4409
9380 1372
9380 4409
9380 4523
9380 6137
9380 11880
9382 4409
9382 13890
9385 1372
9385 4409
9385 4454
9390 4753
9390 10118
9391 1372
9391 4409
9391 4454
9391 6137
9391 11880
9397 4409
9399 925
9399 4409
9400 925
9400 1372
9400 4409
9400 6137
9400 11880
9401 1372
9401 4454
9401 11703
9401 11880
9402 925
9402 4409
9402 4416
9402 8666
9402 10373
9402 10512
9402 11273
9402 11880
9403 734
9403 4409
9405 8666
9405 11273
9405 13349
9417 11273
9417 13349
9418 4409
9419 4409
9421 4409
9421 13890
9426 4523
9426 10302
9429 4409
9429 4454
9429 10512
9432 4409
9438 13890
9439 4409
9447 925
9447 4409
9447 13890
9448 4409
9449 1372
9449 11273
9449 11880
9449 13349
9451 10118
9452 10118
9458 10512
9458 11891
9458 13836
9469 1261
9469 3452
9469 11273
9469 13836
9471 4409
9473 4409
9473 10512
9473 13836
9476 4409
9483 4409
9484 4409
9484 11880
9485 4454
9485 4523
9485 6137
9487 4409
9493 925
9493 1372
9493 4409
9493 6137
9495 11273
9495 12089
9496 1372
9496 4409
9496 4454
9496 11703
9497 4409
9497 4523
9497 6137
9500 1372
9500 4409
9500 6137
9500 11273
9500 11880
9500 13890
9501 1032
9501 11273
9501 13753
9506 4409
9511 1269
9518 13753
9519 10373
9519 11273
9519 12089
9519 13753
9523 6137
9523 11273
9523 11880
9526 4409
9528 1372
9528 6137
9538 1372
9538 4409
9538 4454
9539 159
9539 1372
9539 6576
9539 9156
9560 1351
9560 6576
9560 7376
9560 11273
9560 12313
9560 13349
9560 13655
9566 4409
9566 13890
9567 4409
9567 11880
9568 4409
9573 490
9573 3217
9573 4409
9573 4523
9573 6137
9573 11273
9573 11880
9573 13349
9574 11880
9574 13349
9575 4409
9576 1372
9576 4454
9576 11880
9577 925
9577 4409
9577 11880
9579 11703
9580 11273
9580 13349
9583 4409
9585 4409
9585 11545
9587 4409
9587 6137
9587 11880
9587 13836
9588 1372
9595 4409
9596 4409
9599 1372
9599 4409
9599 4454
9599 11545
9600 1372
9600 6137
9600 11273
9604 3452
9604 4416
9604 8666
9604 11273
9605 4217
9605 10512
9605 10533
9605 13836
9606 1372
9606 4454
9606 4523
9606 6137
9606 11273
9606 11880
9614 4409
9614 13890
9615 4409
9615 13890
9616 4409
9616 13890
9624 4416
9624 11880
9624 13349
9626 12514
9628 10118
9630 4409
9631 490
9631 1372
9631 4409
9631 4454
9631 11273
9631 11880
9634 4409
9635 1261
9635 13836
9637 5359
9642 5836
9642 6248
9642 12089
9642 13349
9644 1261
9644 3452
9644 4409
9644 7994
9644 8557
9644 10512
9644 11891
9651 1372
9651 4409
9651 4454
9651 11880
9652 4409
9658 159
9658 6137
9663 4409
9665 4409
9665 11880
9669 8569
9669 8637
9669 11273
9692 4409
9692 11545
9692 13890
9695 4409
9695 4523
9697 713
9697 11273
9697 13349
9699 4409
9700 1372
9700 6137
9700 11880
9702 11880
9705 12514
9706 925
9706 4409
9706 13349
9707 1372
9707 4409
9707 4454
9707 11880
9709 11703
9712 11703
9715 4409
9716 4409
9717 4409
9717 11273
9717 13017
9721 4409
9728 12514
9729 12514
9730 4409
9733 1372
9733 4409
9733 4454
9733 6137
9733 11880
9742 4409
9742 8666
9742 11880
9742 11891
9742 13753
9742 13836
9743 4409
9746 1261
9746 10512
9748 13890
9750 1372
9750 4454
9750 4523
9750 6137
9750 11880
9755 1269
9755 10512
9758 1372
9758 4409
9759 734
9759 3517
9759 4409
9759 4454
9759 10512
9759 11880
9759 11891
9759 12141
9759 13836
9761 4409
9761 10512
9763 490
9763 1372
9763 4454
9763 6137
9763 11880
9763 13753
9765 4409
9768 925
9768 4409
9770 1261
9770 4409
9770 13890
9775 734
9775 1261
9775 3932
9775 4409
9775 10512
9775 13753
9780 4409
9780 10512
9781 4523
9781 6137
9785 4409
9787 4409
9789 1372
9789 4454
9789 11273
9789 11880
9790 4409
9792 4753
9792 5359
9799 4409
9800 4409
9807 734
9807 4409
9807 10512
9807 11891
9807 13753
9807 13836
9810 4409
9813 151
9813 10373
9813 12089
9816 4409
9816 12089
9835 4409
9838 1261
9840 4409
9840 4454
9843 12514
9858 11273
9858 13349
9891 11703
9901 4409
9907 1372
9907 4409
9907 4454
9907 11880
9914 4416
9914 8666
9914 11273
9916 1372
9916 6137
9917 925
9917 1372
9917 4409
9917 4523
9917 6137
9917 10512
9917 11880
9917 13890
9918 4409
9922 4409
9924 4409
9928 8604
9930 1372
9930 4454
9930 11703
9931 1261
9931 4409
9931 10512
9934 1261
9934 10512
9934 11891
9935 1269
9937 6346
9937 11273
9937 13349
9947 4409
9948 4409
9952 12514
9955 4409
9959 11273
9959 13349
9963 11273
9963 13890
9964 13890
9965 1372
9965 4454
9965 11880
9968 4409
9969 13890
9970 3452
9970 4416
9970 8666
9970 13349
9971 1372
9971 4409
9971 4416
9971 4454
9971 11703
9971 11880
9971 13349
9971 13461
9972 925
9972 4409
9972 4416
9972 4454
9972 10512
9972 11273
9972 11880
9972 13349
9975 159
9975 490
9975 1372
9975 4454
9975 11880
9975 13753
9975 13890
9977 159
9977 8340
9977 11619
9977 12089
9981 4409
9981 11273
9981 13349
9986 1372
9987 1261
9987 8666
9987 11880
9987 13349
9988 1261
9989 1261
9989 8604
9989 10512
9993 4416
9993 8569
9993 11273
9993 13349
9999 6248
9999 10373
9999 11619
9999 11880
9999 12089
9999 13349
9999 13753
10000 1271
10000 3011
10000 11273
10000 13655
10000 13753
10004 151
10004 10373
10004 12089
10005 734
10005 4409
10005 11891
10008 925
10008 1372
10008 4409
10008 4454
10008 4523
10008 11273
10008 11880
10011 7376
10011 12089
10012 7376
10012 11211
10012 11743
10013 637
10013 6248
10013 7376
10013 8746
10013 12089
10014 12514
10018 4409
10018 13890
10019 4217
10019 11891
10019 13753
10021 12514
10023 4409
10023 11273
10023 11880
10030 1372
10030 3000
10030 4409
10030 4454
10030 6137
10030 10512
10030 13349
10032 4416
10032 8666
10032 11273
10034 11273
10035 4217
10035 13890
10036 464
10036 1372
10036 4409
10036 11880
10039 11703
10043 8666
10043 11273
10043 11619
10043 13349
10047 4416
10047 11273
10047 11880
10047 13349
10048 4409
10048 4416
10048 11273
10048 11880
10048 13890
10051 1372
10051 4409
10052 925
10052 4409
10054 4409
10060 925
10060 4409
10060 6137
10060 11273
10060 11880
10060 13890
10061 1372
10061 4409
10061 6137
10061 10512
10061 11545
10061 11891
10061 13753
10061 13836
10062 1372
10062 4409
10069 12514
10070 4409
10075 1032
10075 11273
10075 11880
10077 11703
10081 11703
10082 4409
10090 1227
10090 10502
10090 12089
10091 4409
10092 6137
10092 11880
10096 5838
10096 7330
10096 10512
10096 11891
10096 13836
10111 1261
10111 4217
10111 5838
10111 10512
10111 11891
10111 13753
10112 925
10112 4409
10112 4454
10112 11880
10114 10373
10114 10533
10114 12089
10121 1261
10124 1269
10125 4409
10126 4409
10127 10373
10131 12514
10133 4409
10134 1372
10134 4409
10134 4454
10134 11880
10138 1261
10138 4409
10138 4454
10138 11273
10138 13349
10139 1261
10139 4409
10139 11880
10142 11880
10144 4409
10144 13890
10145 1372
10145 4454
10145 4523
10145 6137
10149 1372
10149 4409
10149 12089
10150 1372
10150 6137
10151 3000
10151 6137
10151 8391
10151 9423
10151 11273
10151 11880
10151 12089
10151 13349
10152 6137
10154 464
10154 1372
10158 1372
10161 12514
10162 3685
10162 4409
10165 1372
10165 4409
10165 4454
10165 11880
10167 159
10167 1372
10167 4409
10167 4523
10167 6137
10167 11880
10168 925
10168 4409
10168 4523
10168 6137
10168 11273
10168 11880
10168 13890
10171 12514
10173 4409
10173 4416
10173 14065
10175 4409
10175 13890
10178 4409
10180 4409
10181 4409
10190 4409
10190 11545
10194 11703
10195 10512
10195 11273
10195 11880
10195 13890
10196 925
10196 4409
10196 6137
10196 10512
10196 11880
10201 6137
10201 11880
10202 11880
10202 13890
10207 4409
10209 4409
10209 4454
10209 4523
10209 6137
10209 11880
10210 6137
10210 11880
10213 4409
10213 4523
10213 6137
10213 11880
10214 4409
10219 4409
10223 4409
10226 4409
10226 11545
10227 4454
10227 4523
10227 11703
10234 4409
10236 925
10236 4409
10236 11273
10237 4409
10239 11880
10240 4409
10242 4409
10243 4409
10243 10512
10245 1372
10245 4409
10248 1372
10248 4523
10248 6137
10248 11880
10249 159
10249 1372
10249 6137
10249 11880
10251 925
10251 4409
10253 4409
10256 11703
10264 4409
10264 4523
10265 4409
10265 4523
10265 6137
10272 4409
10272 13890
10276 1372
10276 4409
10276 4523
10276 6137
10276 10512
10276 11880
10282 4409
10282 11545
10284 159
10284 1372
10287 5115
10287 11337
10290 464
10290 13890
10300 1789
10300 5838
10300 7376
10300 9957
10300 12089
10305 5115
10308 5115
10309 13836
10310 1372
10310 4409
10314 326
10314 1372
10314 4409
10315 1269
10315 3893
10315 13836
10318 1372
10318 4454
10318 7330
10318 8796
10318 10512
10318 11891
10318 13836
10321 5115
10323 457
10323 637
10323 11273
10323 13349
10324 4409
10324 4454
10329 1372
10329 4409
10329 4454
10329 6137
10329 11880
10331 925
10331 4409
10346 159
10346 734
10346 1261
10346 1372
10346 4409
10346 10512
10346 11891
10346 12141
10346 13836
10347 6137
10347 11880
10350 1372
10350 4416
10350 4523
10350 6137
10350 11273
10350 11880
10351 1372
10351 4409
10351 4454
10351 11880
10356 4409
10356 4753
10356 10118
10357 1959
10357 11273
10357 13349
10360 4409
10360 6137
10360 11545
10369 1372
10369 4409
10369 4454
10369 11880
10374 2296
10374 2516
10374 8550
10374 9156
10380 4409
10382 4409
10382 6137
10382 11880
10387 490
10387 1261
10387 1372
10387 4523
10387 6137
10387 11880
10391 159
10391 12089
10398 159
10398 11273
10398 12089
10398 12313
10405 4409
10409 11703
10410 1372
10410 4409
10410 4454
10410 9776
10410 11273
10419 11703
10435 1372
10441 11273
10441 13349
10443 1372
10443 4409
10445 5115
10447 4409
10447 4523
10455 1372
10455 4409
10455 4454
10455 11880
10458 4409
10458 13890
10459 11273
10462 4409
10463 1372
10463 4409
10463 4454
10463 11880
10464 4409
10464 4454
10464 4523
10464 6137
10464 10258
10464 10512
10464 10533
10464 12141
10470 13890
10474 1372
10474 4454
10474 6137
10474 11880
10482 3522
10482 12089
10482 12204
10486 3000
10486 4409
10486 10512
10486 11545
10486 13836
10487 1261
10487 1269
10487 8604
10488 4409
10488 6137
10488 11880
10489 1032
10489 6137
10489 11880
10493 1261
10493 3932
10493 10512
10493 12141
10493 13836
10500 12514
10505 11273
10505 13349
10513 7376
10513 12089
10516 734
10516 4409
10516 5838
10516 10512
10516 11545
10516 13753
10530 4409
10530 11545
10531 12514
10532 12514
10535 925
10535 4409
10537 12514
10549 10512
10549 11891
10549 13836
10550 11703
10556 326
10557 734
10557 4409
10557 11545
10560 12514
10563 4409
10565 1372
10565 4409
10565 4454
10565 14065
10567 1372
10567 4454
10567 4523
10579 1372
10579 11703
10580 1372
10580 4523
10580 6137
10580 11880
10581 1372
10581 6137
10581 11880
10584 5115
10584 5838
10584 10512
10584 11891
10584 12421
10584 13836
10586 1372
10586 3452
10586 4409
10586 4454
10586 4523
10586 6137
10586 10512
10586 11880
10586 13836
10588 12089
10595 1372
10595 4454
10595 11273
10595 11880
10598 4409
10601 734
10601 4409
10601 10512
10601 11891
10612 12514
10615 734
10615 1261
10615 4409
10615 5838
10615 10512
10615 11891
10617 4409
10617 6137
10618 1261
10618 1269
10618 1372
10618 10512
10618 13836
10619 4409
10619 11545
10623 5115
10640 10512
10640 11891
10642 1372
10642 4409
10642 4454
10642 11880
10649 5115
10654 1372
10654 4409
10654 4454
10668 4523
10668 6137
10668 11273
10668 11880
10669 11880
10683 4409
10684 13890
10691 3685
10696 4409
10696 4454
10696 4523
10696 11880
10697 1372
10697 4409
10697 4454
10697 11880
10700 1372
10700 4454
10700 11880
10702 4409
10706 4409
10707 13890
10708 1372
10708 4409
10714 4409
10714 4454
10714 6137
10714 11880
10715 1372
10715 6137
10715 11880
10753 1372
10753 4454
10753 6137
10753 11880
10756 11273
10757 1372
10757 6137
10757 8557
10759 1372
10759 6137
10763 4409
10763 10512
10764 6137
10764 11880
10769 1351
10769 7376
10769 12089
10772 4409
10775 6137
10775 11880
10786 1372
10786 4409
10786 4454
10786 11880
10787 1372
10787 4409
10787 4454
10787 6137
10787 11880
10789 4454
10789 4523
10789 6137
10789 11880
10790 374
10790 490
10790 1372
10790 4409
10790 4454
10790 11273
10790 11880
10790 13836
10790 13890
10792 4409
10792 4454
10795 1372
10795 4409
10795 4454
10795 11880
10796 734
10796 5838
10804 5115
10812 457
10812 6248
10812 11273
10812 11880
10812 13349
10813 10717
10814 4523
10814 6137
10814 11880
10815 6137
10815 11273
10815 11880
10816 12514
10818 925
10818 4409
10818 6137
10818 11880
10819 1372
10819 8557
10820 3685
10821 1269
10821 13836
10824 1372
10824 4409
10824 4454
10825 13890
10826 4409
10826 4454
10826 11703
10828 4409
10828 6137
10828 11545
10852 1372
10852 4409
10852 4454
10852 6248
10852 11880
10853 4454
10853 4753
10853 11880
10853 12089
10855 1372
10855 4454
10855 6137
10855 11880
10856 1372
10856 4409
10857 1372
10857 4409
10857 4454
10857 11273
10858 734
10858 1172
10858 1261
10858 3452
10858 8604
10858 11891
10858 12141
10864 4409
10864 11545
10868 4409
10870 4523
10870 6137
10870 11880
10875 6137
10875 11880
10875 13349
10875 13836
10879 4409
10879 6137
10879 11273
10879 11880
10880 4409
10885 1261
10885 3452
10885 3932
10885 4409
10885 10512
10886 4409
10892 734
10892 4409
10892 10512
10892 11545
10898 925
10898 1261
10898 4409
10898 6137
10898 10512
10898 11880
10899 1372
10899 4454
10899 4523
10899 6137
10899 11880
10909 5838
10909 11891
10913 1372
10913 4409
10913 4454
10915 1372
10915 3217
10915 6137
10915 11273
10915 11880
10924 4708
10924 8569
10926 734
10926 5838
10926 10512
10926 13753
10926 13836
10927 1372
10927 4523
10927 6137
10928 5838
10928 10512
10928 11273
10928 11891
10928 13836
10929 3893
10929 4409
10931 4409
10933 464
10933 4409
10934 4409
10934 10512
10934 11545
10938 4409
10938 6137
10938 13890
10941 4409
10944 4409
10944 10512
10948 1032
10948 11273
10948 11880
10948 13753
10950 1372
10951 734
10951 4409
10951 10512
10953 4409
10953 4523
10953 6137
10953 11880
10966 1372
10966 4409
10976 11880
10976 13890
10977 12514
10988 4409
10988 13349
10990 1372
10990 4454
10990 11880
10995 1959
10995 4409
10995 13753
10996 4409
10996 13890
10998 464
10998 925
10998 1372
10998 4409
10998 6137
10998 11880
10998 13890
11000 734
11000 4409
11000 5838
11000 10512
11000 11891
11003 4409
11003 13753
11006 11703
11008 1032
11008 1372
11008 6137
11008 11619
11008 11880
11008 13349
11012 4409
11012 4454
11014 4454
11014 6137
11014 11273
11014 11880
11017 734
11017 10512
11017 11545
11017 11891
11018 1261
11018 4454
11024 1372
11024 4409
11024 4454
11024 11880
11024 14065
11028 1372
11028 4409
11028 4454
11028 4523
11028 6137
11028 11880
11037 713
11037 11619
11037 11880
11037 13349
11040 4409
11040 6137
11040 11273
11040 11880
11042 4409
11047 1372
11047 4409
11047 4454
11047 11880
11050 1372
11050 4409
11050 11545
11051 4409
11053 4409
11054 637
11054 8666
11054 11273
11057 1372
11057 4454
11057 6137
11057 11880
11059 4409
11059 4454
11059 11880
11063 1261
11063 1269
11063 1351
11063 3893
11063 8604
11063 11273
11065 2206
11065 4409
11065 10512
11067 4409
11072 4409
11074 1261
11074 1372
11074 4409
11074 4454
11074 12089
11078 8666
11078 11273
11080 4409
11086 4409
11086 11545
11090 1351
11098 1372
11098 4409
11098 4454
11098 4523
11098 6137
11098 11880
11098 13890
11099 1261
11099 1269
11101 4409
11101 13890
11106 1372
11106 4409
11106 4454
11106 11880
11109 3526
11109 11273
11109 11880
11109 12089
11109 13349
11113 3685
11114 4753
11114 10118
11116 925
11116 4409
11116 6137
11116 11880
11117 925
11117 4523
11117 6137
11117 10512
11117 11273
11117 11880
11117 13890
11138 1372
11138 4454
11138 4523
11138 6137
11138 11273
11138 11880
11139 1372
11139 4409
11139 4454
11139 11880
11141 4409
11145 1102
11145 1372
11145 4409
11148 3685
11148 10118
11154 1372
11154 4409
11154 4454
11154 11880
11154 13890
11156 4416
11156 11273
11156 11880
11158 925
11158 1372
11158 4409
11158 6137
11158 13349
11159 8666
11159 11273
11160 1372
11160 4409
11160 4454
11160 6137
11160 11880
11161 159
11161 2267
11161 4409
11164 4416
11164 11273
11164 11880
11164 13349
11165 12514
11166 4409
11167 4409
11168 1372
11168 4454
11168 11880
11170 464
11170 925
11170 4409
11172 4409
11174 11703
11175 4409
11176 11273
11176 13349
11178 1372
11178 4454
11178 11880
11179 1372
11179 4409
11185 1261
11185 3452
11185 6137
11185 11880
11185 11891
11185 13349
11185 13890
11191 13753
11194 4409
11194 4523
11194 6137
11194 11880
11201 4416
11201 8666
11201 11273
11201 11880
11201 13349
11213 8666
11213 11273
11213 13349
11215 925
11215 13890
11223 4409
11224 3685
11225 1372
11225 4409
11225 11545
11227 1261
11227 8604
11228 1261
11228 8604
11231 4409
11231 10258
11231 11545
11231 13836
11234 4409
11235 1372
11235 4409
11235 6137
11235 11880
11236 734
11236 4409
11239 11273
11240 490
11240 1261
11240 1372
11240 4454
11240 4523
11240 10302
11240 11880
11240 13890
11245 1372
11245 4454
11245 11619
11245 11880
11245 13753
11246 4454
11247 925
11247 1372
11247 4409
11247 6137
11247 11273
11247 11880
11247 13890
11250 1261
11250 4409
11250 10512
11250 11891
11254 4409
11254 4454
11254 11880
11254 13890
11257 4409
11260 151
11262 4409
11262 7376
11262 12089
11263 1261
11263 1372
11263 3452
11263 4454
11263 4523
11263 6137
11263 13349
11270 4409
11272 10118
11274 1372
11275 637
11275 11273
11277 1271
11277 4409
11277 11545
11283 3685
11289 11891
11290 4454
11300 4409
11300 13890
11301 4409
11309 4753
11313 4409
11315 4409
11315 7382
11321 4409
11322 4409
11324 5335
11325 4409
11326 734
11326 4409
11326 10512
11326 13836
11327 2206
11327 4409
11328 159
11328 1271
11328 4409
11328 11545
11328 13349
11328 13836
11333 4409
11333 4454
11333 9957
11333 10512
11333 11273
11344 11880
11344 13890
11346 4409
11346 4454
11348 1372
11348 4409
11348 4454
11348 10512
11350 1372
11350 6137
11350 11880
11351 1372
11351 6137
11351 11880
11352 4523
11352 6137
11352 11880
11353 925
11353 1261
11353 4409
11353 10512
11353 11880
11354 4409
11355 4409
11361 4409
11361 10512
11367 1372
11367 4409
11369 1269
11369 3893
11369 8604
11374 11880
11374 13890
11380 4409
11385 4409
11390 4409
11393 1372
11393 4409
11393 4454
11393 4523
11393 6137
11393 11880
11401 925
11401 4409
11402 925
11402 4409
11408 4409
11409 4409
11410 4409
11417 4409
11417 4523
11417 6137
11417 11880
11418 4409
11418 11880
11418 13890
11420 12204
11430 1372
11430 4409
11430 5081
11433 1351
11433 11703
11441 159
11441 1372
11441 3522
11441 4409
11441 6137
11441 11273
11450 1372
11450 4409
11450 11273
11450 11619
11450 11880
11450 13349
11452 4409
11453 4523
11453 6137
11453 11880
11455 1261
11455 1269
11460 11273
11475 326
11475 4409
11477 1372
11477 4454
11477 4523
11477 6137
11477 11880
11480 4409
11480 4454
11489 4409
11493 1372
11493 2206
11493 4409
11507 1261
11507 3452
11507 13836
11508 326
11513 3893
11513 12141
11514 734
11514 4409
11514 10512
11514 13753
11514 13836
11515 12514
11519 1372
11519 4409
11521 464
11521 11273
11521 12089
11521 13349
11526 3000
11526 5727
11526 7376
11526 12089
11529 3685
11534 159
11534 4409
11534 4454
11534 12384
11535 1261
11535 3452
11535 4416
11535 8666
11535 10512
11535 13349
11535 13753
11536 159
11536 12089
11539 1372
11539 4454
11544 1372
11544 6137
11544 11880
11548 12514
11573 12514
11576 11273
11576 11880
11576 12089
11576 13349
11577 12514
11578 7376
11578 10373
11578 12089
11579 4409
11579 6137
11579 11880
11581 457
11581 464
11581 1261
11581 4416
11581 8666
11581 11880
11581 13349
11583 1372
11583 6137
11585 4416
11585 8666
11585 11273
11585 11880
11585 13349
11585 13461
11587 4753
11588 925
11588 4409
11588 6137
11588 11880
11591 1372
11597 1372
11597 4409
11597 4454
11606 6137
11606 11880
11611 4409
11615 4409
11615 4454
11628 4409
11628 6137
11628 11880
11628 13890
11636 12514
11637 4409
11641 4409
11643 13655
11643 13753
11647 1372
11647 6137
11647 11619
11648 1271
11648 13655
11654 1261
11654 4409
11654 10512
11654 13836
11655 1372
11655 4454
11655 11273
11655 11880
11656 1372
11656 4409
11656 4454
11656 4523
11656 6137
11656 11880
11661 1032
11661 1372
11661 6137
11661 11880
11670 3685
11686 4409
11690 1261
11690 3932
11690 4409
11690 5838
11690 10512
11690 11891
11690 12141
11690 13753
11690 13836
11698 1372
11698 3452
11698 4409
11698 4454
11698 11880
11699 4416
11699 8666
11699 11273
11699 13349
11701 3685
11712 4409
11714 1372
11714 3685
11714 4409
11714 4454
11714 4523
11715 4753
11722 12514
11725 10373
11730 1261
11730 3893
11730 11891
11736 1372
11736 4409
11736 4454
11736 10512
11737 12514
11738 925
11738 4409
11738 10502
11738 11880
11745 734
11745 4409
11745 5838
11745 10512
11745 13753
11745 13836
11749 1372
11749 4409
11770 1372
11770 4409
11771 464
11771 925
11771 4409
11771 4454
11771 6137
11771 6248
11771 8666
11771 9423
11771 11273
11771 11880
11771 13890
11784 734
11784 925
11784 1261
11784 1372
11784 3452
11784 4409
11784 4454
11784 4523
11784 10512
11784 11273
11784 11880
11784 13349
11788 7376
11788 12089
11794 1271
11794 4409
11794 13349
11796 4409
11796 11545
11798 1372
11802 11703
11806 1372
11806 4409
11806 4454
11806 11880
11811 1261
11811 1269
11811 3452
11811 4416
11811 8557
11811 13836
11812 925
11812 4409
11812 4416
11812 4454
11812 4523
11812 6137
11812 11273
11812 11880
11812 13349
11826 1372
11826 6137
11826 11880
11826 13349
11833 4409
11838 925
11838 1372
11838 4409
11838 11273
11838 13890
11839 734
11839 10512
11839 11891
11843 4409
11843 4416
11843 5838
11843 13890
11856 4409
11857 1372
11857 4409
11859 4409
11859 10512
11859 11891
11859 12421
11859 13349
11859 13836
11862 4416
11862 8666
11862 11273
11862 11880
11877 7688
11877 8550
11877 9156
11877 13655
11878 4409
11879 4409
11879 11880
11890 4409
11892 11273
11892 13349
11896 1372
11896 4409
11896 10512
11896 11891
11897 925
11897 1372
11897 4409
11897 11880
11897 13890
11901 4409
11901 13836
11912 4409
11912 10512
11912 13349
11912 13890
11913 4409
11913 4454
11913 4523
11914 5115
11914 10512
11914 11891
11914 12141
11916 1261
11916 3452
11916 3932
11916 4409
11916 10512
11916 13836
11920 1372
11920 4409
11920 4454
11920 8666
11920 10512
11920 11880
11920 13461
11920 13836
11921 1372
11921 4409
11921 11273
11923 1372
11923 6137
11923 11880
11931 6137
11931 11880
11935 4409
11936 4409
11936 4454
11936 11880
11937 4409
11937 6137
11950 713
11950 4409
11954 1261
11954 3452
11954 4416
11954 13836
11956 11703
11957 4409
11957 11703
11963 4409
11971 1372
11971 4409
11971 4454
11971 11273
11971 11545
11979 1372
11979 4409
11979 11880
11982 1372
11983 1372
11983 4409
11983 6137
11983 13890
11984 4409
11991 4409
11993 4409
11993 13890
11996 1261
11996 10512
12000 1351
12000 12089
12001 4454
12001 4523
12001 11880
12002 4409
12003 1372
12003 4409
12003 6137
12003 10512
12003 11273
12005 4409
12007 925
12007 4409
12007 6137
12007 11273
12007 11880
12007 13890
12008 4409
12008 13890
12012 159
12012 1261
12012 1372
12012 3472
12012 11880
12012 13836
12012 14065
12019 734
12019 1261
12019 3452
12019 4409
12019 5838
12019 8666
12019 10512
12019 11273
12019 13836
12020 11703
12023 464
12023 734
12023 925
12023 1372
12023 4217
12023 4409
12023 6137
12023 8557
12023 11880
12023 13349
12025 925
12025 1372
12025 4409
12035 1271
12035 4409
12035 8666
12035 13349
12035 13753
12036 925
12036 1372
12036 4409
12036 11880
12036 13890
12051 10118
12052 12089
12059 11273
12059 11880
12059 13349
12060 11273
12060 11880
12060 13349
12061 734
12061 4409
12061 7130
12061 7330
12061 8796
12061 10512
12061 11891
12061 13753
12061 13836
12067 4409
12068 4409
12068 11545
12083 4409
12083 10512
12083 11891
12083 13753
12109 4409
12109 4454
12110 3274
12110 4409
12111 734
12111 1261
12111 11891
12111 13836
12115 1261
12115 1372
12115 4409
12126 4753
12131 4409
12133 4409
12133 10512
12145 1261
12145 4409
12145 10512
12145 10533
12146 12514
12150 734
12150 4409
12150 5838
12150 10512
12150 13836
12150 14428
12151 734
12151 5838
12151 10512
12151 13836
12152 1261
12152 3932
12152 8604
12152 12141
12162 457
12162 4416
12162 8666
12162 11880
12162 13349
12165 734
12165 4409
12165 10512
12174 3000
12174 4409
12174 11545
12175 4753
12186 1372
12186 6137
12193 1372
12193 4409
12209 4409
12215 1372
12215 4409
12215 10512
12223 3685
12223 4753
12223 5359
12227 4409
12227 13890
12236 1261
12236 10512
12236 12141
12236 13836
12237 1261
12237 10512
12237 12141
12249 1372
12249 6137
12249 8557
12253 11273
12265 5335
12265 12514
12275 7376
12275 11619
12276 11273
12276 11619
12276 13349
12277 3685
12278 4409
12283 1372
12283 4409
12283 4523
12283 6137
12283 11273
12289 4409
12298 1372
12298 6137
12316 2206
12316 4409
12326 4409
12326 11880
12333 1372
12333 4409
12333 4454
12333 6137
12333 11880
12334 925
12334 4409
12338 12514
12344 4409
12351 1372
12351 4454
12351 4523
12351 4753
12351 6137
12351 11880
12360 11273
12376 4523
12376 6137
12376 11880
12380 8666
12380 11273
12380 13349
12383 1261
12383 13349
12388 12514
12390 734
12390 4409
12390 7330
12390 8666
12390 8796
12390 10512
12390 11891
12390 12141
12390 13349
12390 13753
12390 13836
12397 4409
12397 11619
12409 12514
12411 4409
12416 1372
12416 4454
12416 11880
12424 734
12424 3000
12424 4409
12424 11545
12424 11891
12424 13349
12424 13753
12426 4409
12431 734
12431 1372
12431 10512
12431 13836
12432 13753
12434 8666
12434 11273
12434 13349
12437 925
12437 1372
12437 4409
12437 4454
12437 6137
12437 10258
12437 11880
12438 4409
12439 1032
12439 11273
12440 734
12440 1372
12440 4409
12440 4454
12440 11273
12440 11891
12440 13753
12440 13836
12441 1372
12441 4409
12444 1372
12444 4409
12444 4454
12444 11703
12444 11880
12465 1372
12470 10512
12497 4409
12502 734
12502 4409
12502 10512
12502 11891
12502 13349
12502 13836
12510 925
12510 1372
12510 4409
12510 4523
12510 6137
12510 11880
12519 3685
12525 925
12525 4409
12525 6137
12525 11880
12525 13890
12528 1372
12528 4454
12528 4523
12528 6137
12528 11880
12531 1372
12533 4409
12534 4409
12542 4409
12543 1372
12543 4409
12543 4454
12543 6137
12543 11880
12545 1372
12545 4409
12545 13349
12550 4409
12551 11703
12552 1372
12552 4409
12552 11880
12554 1351
12554 1372
12554 4409
12554 4454
12554 11880
12554 14065
12555 11273
12555 13349
12556 3274
12556 4409
12556 4454
12556 11273
12556 11880
12557 4409
12557 11545
12557 11891
12557 13753
12557 13836
12568 4409
12568 4523
12577 4409
12584 1372
12584 4409
12584 4454
12584 4523
12584 6137
12584 11880
12585 1372
12587 159
12587 464
12587 4409
12587 6137
12587 8557
12587 11273
12588 1372
12588 4409
12588 4454
12588 11880
12590 159
12590 1372
12590 4409
12590 4454
12590 9776
12591 1372
12591 4409
12591 6137
12591 7376
12591 11273
12591 11880
12591 13349
12593 159
12593 4409
12594 8666
12594 11273
12594 13349
12606 4409
12609 159
12609 6317
12609 11891
12609 13836
12610 5335
12611 4409
12611 4416
12611 11273
12611 11619
12611 11880
12611 13349
12621 1261
12623 1372
12623 4454
12623 11880
12624 1372
12624 4454
12624 11880
12625 1372
12625 4409
12625 4416
12625 4454
12625 11273
12625 11880
12651 4409
12668 1372
12668 4409
12668 6137
12668 10512
12668 11545
12680 1372
12680 4409
12680 4454
12680 11880
12681 4409
12683 925
12683 4409
12683 4523
12683 6137
12683 11880
12683 13890
12685 7688
12685 8550
12685 9156
12686 7376
12686 12089
12690 1372
12690 11619
12694 4409
12694 13890
12695 3452
12695 4416
12695 11880
12695 13349
12696 4409
12698 464
12698 925
12698 4409
12698 4416
12698 11273
12698 11619
12698 11880
12698 13349
12699 4409
12699 11545
12702 4409
12706 4409
12707 4409
12707 11273
12709 4409
12710 1372
12710 4454
12710 11880
12711 4409
12726 4416
12726 11880
12727 925
12727 4409
12730 4409
12731 4409
12731 13890
12732 4416
12732 6248
12732 8569
12732 8666
12732 11273
12732 13349
12738 925
12738 4409
12738 4523
12738 6137
12738 11880
12746 6137
12746 11880
12747 6137
12747 11880
12748 1372
12748 4416
12748 6137
12748 11880
12749 4409
12749 13890
12750 1372
12750 4454
12750 4523
12750 11703
12751 1372
12751 6137
12751 11880
12763 1261
12763 1269
12763 8604
12765 4409
12768 1372
12768 4409
12768 6137
12768 10512
12774 1372
12774 4409
12774 10512
12778 4409
12795 5335
12796 1372
12796 4416
12796 11273
12796 11619
12796 11880
12796 13349
12801 3526
12801 4409
12801 11273
12801 12875
12801 13349
12807 1261
12807 4409
12807 10512
12807 13349
12812 12514
12825 11273
12825 13349
12827 1261
12827 1269
12827 8604
12827 11273
12845 4416
12845 11273
12845 11880
12846 4409
12846 4454
12847 1261
12847 1269
12847 13349
12847 13753
12848 4409
12853 4409
12854 1372
12854 11880
12855 1261
12855 8604
12855 8637
12856 159
12856 1372
12856 4409
12856 4454
12856 6137
12856 10512
12856 11880
12856 13587
12862 1261
12862 1269
12867 925
12867 1372
12867 4409
12867 4454
12867 8557
12867 14065
12868 1372
12868 4454
12869 1372
12869 4409
12869 11545
12869 13461
12873 1372
12873 4454
12873 11880
12874 4409
12874 4454
12874 4523
12874 6137
12874 11545
12874 11880
12874 13349
12886 1372
12886 4409
12892 4409
12892 4454
12892 11880
12894 4409
12895 4409
12897 4409
12898 4409
12898 13349
12907 4409
12907 6137
12907 13349
12907 13890
12913 11273
12913 12781
12917 159
12917 734
12917 4409
12917 10512
12917 11891
12933 1372
12933 4409
12933 13349
12939 4409
12939 6137
12939 11545
12939 13349
12944 1261
12944 5838
12944 7330
12944 10512
12944 11891
12944 13836
12965 1372
12965 4409
12965 4454
12965 4523
12965 6137
12965 11880
12972 4409
12972 11619
12972 13890
12976 4409
12976 8666
12976 10512
12976 13836
12988 637
12988 7688
12988 8550
12988 9156
12988 11273
12988 13349
12992 4409
12992 4454
12992 11880
12999 4409
12999 4454
12999 11880
12999 14065
13005 1372
13005 4409
13005 4454
13005 5838
13005 10512
13005 11880
13015 1372
13015 4454
13015 11880
13032 4409
13055 4409
13055 4454
13055 4523
13055 11880
13055 13349
13055 14428
13066 1261
13066 4409
13066 10512
13067 490
13067 1032
13067 4454
13067 11880
13067 13890
13085 11273
13085 11880
13085 13349
13085 13753
13105 4409
13105 6137
13105 13349
13107 1372
13107 4409
13107 4454
13107 11273
13107 11880
13112 1372
13112 4409
13112 4454
13112 11880
13114 734
13114 4409
13114 4523
13114 5838
13114 10512
13114 13753
13114 13836
13116 4454
13116 11703
13121 11273
13121 13349
13122 1372
13122 4409
13122 6137
13122 11273
13122 11880
13130 1372
13130 4409
13131 457
13131 1372
13131 4409
13131 4454
13131 11273
13131 11880
13152 4409
13157 5838
13157 10512
13157 13753
13157 13836
13160 1261
13160 1269
13162 4409
13162 6137
13162 11880
13163 1032
13163 11273
13163 13753
13167 4409
13193 1261
13193 1269
13193 8604
13198 4409
13200 925
13200 4409
13200 4454
13200 11880
13205 1261
13205 10512
13210 4409
13210 11891
13210 13836
13211 1261
13211 3517
13211 10512
13211 11891
13214 4409
13218 1372
13218 4409
13228 1372
13228 4409
13228 4454
13228 4523
13228 11273
13228 11880
13234 11273
13234 11880
13234 13349
13237 11273
13237 11880
13239 11273
13246 1372
13246 3217
13246 4409
13246 4454
13246 11703
13246 11880
13246 13349
13246 13461
13246 13753
13264 1372
13264 4454
13264 11880
13265 4409
13265 13349
13265 14065
13268 464
13268 4409
13268 6137
13268 9776
13268 11273
13268 11880
13270 734
13270 1261
13270 5838
13270 10512
13270 13753
13271 1372
13271 4409
13272 4409
13272 11545
13274 1372
13274 4409
13275 6576
13275 11273
13275 13349
13278 1261
13279 12089
13282 734
13282 4409
13282 4454
13282 8666
13282 11880
13282 13753
13282 13836
13283 11273
13283 11880
13283 13349
13299 1372
13299 4409
13299 4454
13300 1032
13300 1271
13303 4409
13305 1372
13305 11880
13306 4409
13307 4409
13310 4409
13311 3274
13311 4409
13330 1269
13330 1372
13330 3452
13330 3893
13330 13836
13331 734
13331 10512
13331 13836
13332 1372
13332 4454
13332 11880
13333 1261
13333 8604
13334 1351
13334 1372
13334 4409
13334 4454
13343 1261
13343 4409
13343 5838
13343 10512
13343 13836
13346 8569
13346 8666
13346 11273
13346 11880
13346 12089
13346 13349
13355 734
13355 1172
13355 1261
13355 8604
13355 10512
13355 11891
13355 12421
13358 1372
13358 4409
13358 4454
13358 5838
13358 10512
13358 11891
13358 13753
13358 13836
13369 1372
13369 4454
13369 11703
13407 1032
13407 1372
13407 11273
13407 11880
13407 13753
13409 925
13409 4409
13414 4409
13415 4409
13415 4416
13415 11273
13415 11880
13415 13349
13417 4454
13417 11880
13419 1372
13419 4409
13419 4454
13424 4409
13428 11273
13428 13349
13429 1372
13429 4409
13429 4454
13429 11880
13431 4409
13431 11273
13442 734
13442 1261
13442 1351
13442 4409
13442 7330
13442 10512
13442 11891
13446 734
13446 4409
13446 8666
13446 10512
13446 11273
13449 11273
13449 11619
13450 4416
13450 8666
13450 11273
13450 11880
13450 13349
13454 4409
13459 1261
13460 734
13460 4409
13460 10512
13460 13753
13463 4409
13473 4409
13473 11273
13473 13836
13475 925
13475 4409
13475 11545
13475 13890
13486 4409
13486 13349
13489 4409
13489 8666
13489 11273
13489 11880
13489 13349
13490 1261
13490 7330
13490 10512
13490 11891
13499 925
13499 1372
13499 4409
13499 11880
13501 4409
13506 464
13506 4409
13506 4523
13506 13349
13507 1789
13507 7376
13508 10512
13508 11891
13512 1261
13512 4409
13512 13349
13514 925
13514 4409
13535 1372
13535 4409
13535 4454
13535 10512
13535 11880
13535 13836
13539 4409
13539 11545
13539 11568
13541 4409
13542 4409
13542 4454
13542 4523
13542 6137
13542 13349
13552 159
13552 1372
13556 1372
13556 4409
13556 6137
13556 11545
13557 925
13557 4409
13557 13349
13558 4409
13560 1372
13560 4409
13560 4454
13561 11273
13561 13349
13566 1372
13566 4409
13566 11880
13568 2296
13568 7688
13568 8550
13568 8569
13568 9156
13568 12781
13570 1372
13570 4409
13570 4454
13570 11880
13572 4409
13572 11880
13574 734
13574 5838
13574 10512
13574 13836
13580 734
13580 1261
13580 10512
13580 11891
13585 11273
13585 13349
13588 4409
13588 4416
13588 8666
13588 11273
13588 11880
13588 13349
13588 14065
13592 4409
13592 11545
13592 13890
13594 4409
13594 11545
13595 734
13595 925
13595 1372
13595 4409
13595 6137
13595 11273
13595 11880
13602 925
13602 1372
13602 4409
13602 4454
13602 4523
13602 6137
13602 11880
13602 13890
13603 1372
13603 4409
13604 11273
13605 925
13605 4409
13605 6137
13605 11880
13619 637
13619 13017
13619 13349
13620 4409
13620 13890
13644 159
13644 1372
13644 4409
13644 4454
13644 11273
13644 11880
13740 1372
13740 4409
13747 6346
13747 7688
13814 4409
13815 4416
13815 11273
13815 13349
13820 159
13820 1372
13820 3522
13820 4409
13820 6137
13825 4409
13853 12089
13873 11273
13873 13349
13931 4409
13931 6137
13931 13349
13936 464
13936 4409
13936 6137
13936 10258
13936 13349
13937 1172
13937 1261
13937 3932
13937 4409
13937 10512
13937 11273
13937 12141
13941 4416
13941 11880
13942 4454
13944 1261
13944 5838
13944 10512
13948 4409
13948 8604
13948 10512
13948 12141
13948 13836
13957 11273
13957 11880
13957 13349
13958 4409
13958 4523
13958 6137
13958 13890
13960 4409
13960 6137
13963 4409
13969 1372
13969 4409
13969 6137
13969 11880
13970 925
13970 1372
13970 4409
13970 4416
13970 6137
13970 10512
13970 11273
13970 11880
13970 13349
13971 925
13971 1372
13971 4409
13971 11880
13972 925
13972 4409
13972 6137
13972 11880
13973 925
13973 4409
13973 6137
13973 11880
13975 925
13975 4409
13975 11880
13975 13890
13988 1261
13988 1269
13988 8604
13997 925
13997 1261
13997 4409
13997 4523
13997 5838
13997 10512
13997 11880
13997 13890
13998 925
13998 1372
13998 4409
13998 4454
13998 11273
13998 11880
14000 925
14000 4409
14002 734
14002 1261
14002 4409
14002 10512
14002 11891
14002 12141
14002 13836
14003 1261
14003 10512
14004 734
14004 4409
14004 10512
14006 734
14006 4409
14006 5838
14006 10512
14007 1261
14007 3452
14007 13836
14008 1372
14008 4409
14008 4454
14008 11880
14009 1372
14009 4409
14009 4454
14009 11880
14010 734
14010 10512
14017 1372
14017 4409
14023 925
14023 1261
14023 3893
14023 3932
14023 4409
14023 10512
14023 13349
14023 13890
14024 925
14024 4409
14024 4454
14024 4523
14024 6137
14024 11273
14024 11880
14024 13349
14028 4409
14028 6137
14028 11880
14030 4409
14033 1372
14033 4409
14033 4454
14033 6137
14033 11880
14040 4409
14052 1372
14052 4409
14052 4454
14052 11273
14052 11880
14055 1372
14055 4409
14055 11545
14055 11891
14056 925
14056 4409
14056 6137
14057 925
14057 4409
14057 11880
14059 925
14059 4409
14059 6137
14059 10512
14059 11273
14059 11880
14059 13890
14060 925
14060 1372
14060 4409
14060 6137
14060 10512
14060 11880
14060 13836
14067 1372
14067 4409
14067 4454
14067 11880
14067 13890
14071 1372
14071 4409
14071 4416
14071 4454
14071 8557
14071 11273
14071 11880
14071 14065
14072 1372
14072 4409
14072 6137
14072 11273
14072 11880
14083 925
14083 1372
14083 4409
14083 4454
14083 4523
14083 6137
14083 11880
14083 13890
14087 925
14087 1372
14087 4409
14087 4454
14087 11273
14087 11880
14088 925
14088 4409
14088 6137
14088 11880
14089 4409
14089 6137
14089 11880
14099 159
14099 464
14099 1372
14100 4409
14100 10512
14100 13836
14102 734
14102 5838
14102 10512
14104 10512
14104 13836
14105 1372
14105 4454
14110 925
14110 1372
14110 4409
14112 3932
14112 4409
14112 11891
14112 13836
14204 10373
14204 11211
14204 12089
14204 12313
14260 1372
14260 4409
14260 4454
14260 4523
14260 13890
14262 925
14262 4409
14262 13890
14263 925
14263 4409
14263 6137
14263 13890
14264 4217
14264 13890
14268 464
14268 925
14268 4217
14268 4409
14268 10258
14268 12089
14268 13349
14284 1372
14284 4409
14284 4454
14299 159
14299 3522
14299 4409
14299 12089
14302 637
14302 12204
14302 13349
14306 464
14306 1372
14306 4409
14306 5081
14358 8569
14358 11273
14382 734
14382 10512
14383 4409
14383 11545
14384 637
14418 1261
14418 4409
14418 10512
14418 11891
14418 12421
14418 13836
14452 4409
14452 4416
14452 11273
14452 11880
14452 13349
14491 4409
14498 1032
14498 10512
14498 11273
14498 11880
14498 11894
14498 13349
14498 13753
14508 4409
14517 4409
14517 4454
14517 10512
14525 4409
14530 734
14530 5838
14530 7330
14530 10512
14530 11891
14530 13836
14533 8569
14533 11273
