14541 14541 14051
13 1207
13 1234
13 1272
13 1277
13 1389
13 4236
13 11203
22 1234
22 1270
22 4345
22 9559
22 10634
22 10890
22 11974
28 5285
28 5382
28 6503
28 10304
28 10862
28 10895
28 11364
28 11434
28 12507
28 12508
28 12572
30 1354
30 4241
30 4242
30 4249
30 5283
31 5283
39 10602
40 1247
40 4324
45 3414
45 4205
53 1354
53 4244
76 1207
76 1234
76 3379
76 4232
76 4239
76 4247
76 4691
76 5120
76 6530
77 8052
77 8688
77 10377
77 10603
77 10634
77 11436
77 11437
77 12844
79 3459
79 3460
79 3462
79 3463
79 5067
81 11974
85 10602
85 12571
87 3489
87 4903
87 7982
87 11203
104 9478
104 12508
106 1275
106 3379
106 4245
106 4247
106 4251
106 6592
107 3489
107 4903
107 5227
107 6475
107 7982
107 12080
107 13425
110 3459
110 3460
111 1047
111 4771
111 6837
111 7510
111 8229
111 8449
111 8481
111 8688
111 9559
111 10371
111 10890
111 11432
111 11974
111 12560
111 12597
113 1246
113 1272
113 3604
113 3663
113 4232
113 4236
113 4238
113 4239
113 4240
113 4241
113 4244
113 4248
113 4250
113 4251
113 6497
113 7983
114 10602
114 10980
114 12508
118 11974
119 10888
119 11974
120 11974
121 12579
122 8688
122 8694
122 10658
122 10666
122 10675
122 11708
124 11974
125 11974
129 5351
129 8696
130 12569
132 1041
132 1246
132 10602
132 10894
132 10980
136 11974
137 10129
137 11974
140 3490
140 3491
140 4324
140 4679
140 4903
140 5271
140 7604
140 7982
140 7983
140 11203
140 13425
142 3489
142 4903
142 7527
142 7982
142 10545
142 12080
149 8688
149 10634
154 1047
154 6837
154 12560
154 12597
157 8134
158 7322
158 10959
158 12560
158 12580
163 5213
163 7510
163 10890
164 1047
164 7984
164 12560
164 12597
165 1047
165 6837
165 12560
165 12597
166 1272
166 1330
166 1353
166 4236
166 4251
166 5501
166 7983
166 10379
171 4363
171 7604
171 7982
171 7983
171 11203
171 12573
171 12579
175 5101
176 1246
176 1277
176 1299
176 1301
178 1207
178 1234
178 1270
178 1277
178 1302
178 1328
178 1353
178 3491
178 4246
178 4324
178 4691
178 5501
178 6495
178 7983
178 8485
178 10606
178 11203
178 12508
178 12573
181 1353
181 8481
181 9559
185 8694
185 9675
185 10304
185 10659
185 10664
186 1328
186 5101
188 1299
188 1301
188 6495
189 1207
189 1234
189 1270
189 3463
189 3659
189 6497
189 6610
189 7604
189 11203
193 9478
193 10894
194 4239
194 4243
194 4244
194 5067
194 5120
198 5293
198 10635
198 12571
204 12561
205 1247
205 1272
205 1298
205 6495
205 6497
205 6610
205 7983
205 10379
206 1207
206 1234
206 1272
206 3488
206 5267
206 6610
206 11203
208 1277
208 1299
208 1301
208 1354
208 4232
208 4237
208 4239
208 4241
208 4242
208 4243
208 4244
208 4249
208 4251
208 5120
208 5227
208 6605
208 8677
209 1299
209 1354
209 4249
209 6605
210 1301
210 4324
211 8465
211 8688
211 8694
212 1207
212 1234
212 1277
212 4691
212 4903
212 11203
220 1207
220 1270
220 1296
220 4324
220 6521
221 1328
221 1353
221 4251
221 5501
221 6495
221 10129
222 4677
222 4918
222 5268
222 6201
222 6203
222 6436
222 7322
222 9678
222 12580
225 1234
225 1272
225 1298
225 1330
225 4236
225 4240
225 4302
225 7983
226 1270
226 1296
226 4204
226 6495
228 1234
228 1247
228 1296
228 1297
228 4232
228 4235
228 4238
228 4239
228 4240
228 4241
228 4242
228 4243
228 4251
228 8677
229 7983
229 11203
230 1207
230 1276
230 1389
230 1395
230 3659
230 4324
230 5067
230 6495
230 6610
230 12573
232 9478
232 11974
238 10664
241 4363
241 8465
241 8688
241 8694
244 3765
244 9478
248 5213
248 5287
248 5293
248 10371
248 12571
268 4300
268 4594
268 4763
268 5952
268 8449
268 8694
268 10376
268 10377
268 10634
268 10647
268 12572
285 10888
285 11364
285 12031
286 6846
286 7427
286 11256
286 12404
286 12586
293 5293
296 4677
296 4921
296 6201
296 6203
296 6837
296 11819
296 12560
296 12579
296 12580
297 1047
297 3754
297 4771
297 4918
297 5267
297 5269
297 6203
297 6837
297 10959
297 12560
298 12508
301 1299
302 1246
302 3379
302 4245
302 4251
302 7360
303 1234
303 1277
303 1299
303 4237
303 4244
303 4249
303 5120
303 5227
303 6605
312 5382
312 10304
312 10609
312 10634
312 12171
316 1234
316 1270
316 1277
316 1296
316 3488
316 3663
316 4235
316 4324
316 4691
316 5067
316 5120
316 5267
316 7983
316 11203
316 12573
319 3765
319 6436
319 9478
322 8449
322 9559
322 10377
322 10605
322 10634
322 10894
324 4239
324 4244
324 4249
327 1234
327 10634
327 12508
328 1301
328 4363
328 7571
328 7604
336 8450
336 9535
337 1234
337 3488
337 3489
337 3493
337 4324
337 4903
337 5271
337 7982
337 7983
337 12080
337 12404
337 12573
337 13425
338 1942
338 3748
338 4232
338 4240
338 4242
338 4244
338 4245
338 4248
338 4251
338 4299
338 5120
338 6591
338 8449
338 8465
338 8485
338 8677
338 8688
338 8694
338 8695
338 10367
338 10605
338 11974
340 4271
345 3462
346 1354
346 4241
346 4242
348 5283
360 4205
360 4345
360 6745
360 12635
361 12404
363 5382
363 10634
363 10889
363 11431
363 12572
364 4392
365 5281
365 5351
365 6201
365 8465
365 8696
365 12579
366 8052
366 8694
366 9559
367 5282
367 8688
367 8694
367 9478
367 10634
367 10890
367 10980
367 11016
367 11432
367 11974
369 10666
369 10675
369 11708
369 12567
370 1234
370 3400
370 4324
370 5067
375 11974
375 12571
381 1234
381 1277
381 6497
382 12575
391 5067
392 3087
392 3185
392 3571
392 3573
392 3588
392 3589
392 3594
392 5842
392 6846
393 5227
395 12571
396 9559
396 10371
396 10634
396 10635
396 11432
396 12571
397 8134
401 10304
401 10376
401 12120
401 12171
401 12572
405 1041
405 12508
406 1047
406 3765
406 4677
406 4771
406 4918
406 5269
406 5284
406 6203
406 6837
406 7322
406 7510
406 8449
406 8465
406 8688
406 8767
406 9480
406 10367
406 10371
406 10377
406 10605
406 10634
406 10635
406 10888
406 11364
406 11435
406 11974
406 12018
406 12560
406 12571
406 12579
406 12580
406 12597
407 1041
407 3413
407 8129
407 9535
407 9559
407 10602
407 10888
407 11294
407 11362
412 10895
414 5213
414 5282
414 12571
416 1207
416 1299
416 1354
416 6605
416 10379
418 3414
418 3491
418 4903
418 7604
418 7982
418 12080
418 13425
419 3765
419 5282
419 5287
419 8052
419 8694
419 11974
419 12571
424 5952
424 8134
424 8481
424 8694
425 1047
425 4771
425 5268
425 5269
425 6201
425 6203
425 6837
425 7322
425 7510
425 8449
425 8465
425 8688
425 9559
425 10371
425 10634
425 12560
425 12580
426 7510
428 7510
428 9559
428 11432
428 11435
428 11974
429 1246
429 1272
429 3656
429 4232
429 4236
429 4238
436 4802
436 10891
436 11364
441 4300
441 4763
441 5351
441 5382
441 6503
441 10304
441 10368
441 10376
441 10377
441 10609
441 10634
441 10647
441 12170
441 12569
441 12572
448 3415
450 1207
450 1234
450 1272
450 1276
450 1277
450 1298
450 3414
450 3656
450 3658
450 3659
450 4594
450 5134
450 12508
451 3415
451 4677
451 4763
451 5285
451 5351
451 6201
451 6503
451 7322
451 8696
451 9678
451 10304
451 10376
451 10607
451 10609
451 10634
451 10889
451 11431
451 12170
451 12171
451 12569
451 12572
451 12579
454 1207
454 1234
454 1270
454 1277
454 3489
454 4335
454 6610
454 7982
454 7983
454 8485
454 9559
454 11203
458 1207
458 1246
458 1353
458 4244
458 4246
458 5501
458 6495
458 8677
460 4345
460 5952
460 10603
460 10862
460 10889
460 11032
460 11431
460 11436
460 12507
461 5213
461 5281
461 5282
461 5284
461 5287
461 7535
461 8449
461 10367
461 10605
461 10634
461 10635
461 11432
461 11974
461 12571
462 7984
466 1277
467 1207
467 1277
467 1299
467 1301
467 4239
467 4251
467 4324
467 5120
467 6427
470 5293
470 7535
470 10888
470 10894
470 10980
470 11974
471 11974
472 7510
472 10890
472 11974
473 5287
473 10890
473 10894
473 11974
473 12567
473 12571
476 1246
476 1272
476 4232
476 4236
476 4239
476 4240
476 4241
476 4243
476 4244
476 4248
476 4250
476 4251
476 4302
476 5952
476 6497
476 8134
476 8449
476 8485
483 9559
483 11974
484 5213
484 11974
486 3765
486 5213
486 5287
486 5293
486 10371
486 10606
486 10634
486 10635
486 10890
486 10894
486 10960
486 10980
486 11016
486 11974
486 12571
487 10890
487 11974
488 3765
488 7510
488 9478
488 10634
488 11974
489 5287
489 9478
489 11974
489 12571
501 1246
501 1272
501 1330
501 1353
501 4232
501 4236
501 4239
501 4242
501 4246
501 4247
501 5120
501 6495
501 6591
503 5351
503 9820
503 10304
503 10862
503 10887
503 10889
503 11032
503 12569
504 1047
504 4771
504 6837
504 12597
506 3765
506 5287
506 9478
506 12571
507 6537
507 10801
508 1047
508 4771
508 6837
510 8695
510 10603
510 11364
511 10634
514 8465
514 8694
514 10634
518 7344
518 10599
518 10634
519 3773
519 5959
519 7360
519 9678
519 10890
519 11362
522 4763
522 5285
522 6436
522 10304
522 10423
522 10609
522 10634
522 12569
524 10890
524 10894
524 10980
524 11974
527 5213
527 9478
527 10604
527 10606
527 10890
527 10894
527 11974
529 10980
529 11974
529 12571
530 10890
530 11016
530 12033
531 9478
531 10377
531 10634
531 10890
531 10894
532 3400
532 3402
532 3444
533 1277
534 8688
534 10634
535 10634
536 5281
536 6201
536 8465
536 10635
536 11016
536 12571
536 12579
538 3765
538 5213
538 7510
538 7535
538 10634
538 11974
539 3765
542 4903
542 7982
542 7983
542 13425
544 5293
544 7510
544 11974
544 12571
546 7510
546 11974
546 12571
548 1328
548 5501
548 7983
550 3396
550 3398
550 6417
563 1246
563 1272
563 1298
563 4236
563 4238
563 4250
563 5267
563 6497
563 11203
564 4594
564 4763
564 10063
564 10862
564 10887
564 10889
564 10895
564 11032
564 11434
564 12507
564 12508
564 12572
567 1296
567 1297
567 4235
567 4238
567 4241
567 4249
567 5227
567 10634
574 1353
574 5501
575 1207
575 1330
575 1353
575 6495
576 1207
576 1277
576 1353
576 5101
576 5501
577 1207
577 1234
577 1302
577 1328
577 4903
577 7982
577 7983
577 10634
577 12573
577 13425
584 7535
586 1962
586 3401
586 7510
586 12571
588 5274
588 12576
589 1942
589 4363
589 7604
589 12573
601 1207
601 1234
601 1942
601 6497
601 6605
605 1270
605 1296
608 1296
608 1297
608 1395
608 6605
610 1234
611 3659
612 8134
612 8449
617 1301
619 4299
619 6203
619 7322
619 8052
619 8465
619 8688
619 8694
619 10371
619 10377
619 10605
619 10606
619 10634
619 10635
619 11974
619 12571
621 1041
621 8695
621 12042
621 12508
625 6837
625 12560
625 12580
631 5287
631 9478
631 12571
633 5270
633 8450
633 9535
634 1962
634 12579
635 1298
635 8696
636 3765
636 5287
636 7535
636 8052
636 9478
636 10129
636 10634
636 10635
636 10890
636 12571
638 1246
638 1277
638 4232
638 4237
638 4239
638 4241
638 4244
638 4250
638 4302
638 6497
638 6605
639 1207
639 1234
639 1272
639 4232
639 4235
639 4236
639 4241
639 4243
639 4247
639 4250
639 6495
639 6497
639 6592
639 10634
639 11203
642 3765
642 4345
642 5213
642 5287
642 6436
642 9478
642 10634
642 10890
642 10894
642 10960
642 12571
643 12560
644 1962
644 3413
644 6837
644 7510
644 9478
644 10890
644 12571
644 12580
646 3765
646 10606
646 10634
647 1389
647 3658
647 3659
647 5271
647 9559
647 11203
649 7983
652 1389
652 1395
652 3659
652 5120
653 3765
653 12571
654 1277
654 7982
654 7983
654 11203
656 7604
656 13425
659 3444
659 3459
659 3460
659 3462
660 3765
660 4345
660 5213
660 5282
660 5287
660 7510
660 7535
660 10367
660 10371
660 10605
660 10635
660 10890
660 10894
660 11432
660 11974
660 12571
661 7510
662 7510
662 9478
662 10888
662 10890
662 11364
662 11974
662 12033
663 5213
663 7510
663 10634
663 10890
663 11016
663 11974
663 12033
663 12571
664 1234
664 1275
664 3379
664 4235
664 4247
664 6592
665 10635
665 10888
665 10890
665 10894
665 11432
665 11974
667 5282
667 10634
667 10894
667 10980
667 11432
667 11974
667 12571
668 4245
672 1234
672 1277
672 1299
672 4232
672 4237
672 4239
672 4241
672 4242
672 4243
672 4244
672 4249
672 5067
675 1247
675 4239
675 4243
675 4248
675 8019
677 1354
677 5283
682 4763
682 8696
682 10634
682 10647
682 12171
682 12569
682 12572
683 1247
683 1298
683 4236
683 6605
684 4302
684 8019
685 1207
685 1234
685 1275
685 3379
685 4235
685 4245
685 4246
685 4247
685 4251
685 6591
685 6592
685 8767
686 1207
686 1353
686 4237
686 4246
686 4248
686 4250
686 4251
686 5501
686 6592
687 1207
687 1246
687 1395
687 3659
687 7535
690 1207
690 1234
690 1246
690 1272
690 1298
690 4204
690 4236
690 5227
690 6497
690 11203
691 1296
691 1297
691 6605
693 1276
693 1389
693 1395
693 3659
693 10634
694 1276
694 1395
694 3659
695 1276
695 1395
695 3659
695 4273
696 3488
696 3489
696 3490
696 3659
696 3663
696 4324
696 5267
696 5271
696 7982
696 7983
696 10379
696 12080
696 12573
696 13425
697 1234
697 1270
697 1296
697 1297
697 4235
697 4244
697 5267
697 6495
698 1246
698 4232
698 4237
698 4238
698 4239
698 4241
698 4243
698 4244
700 5382
700 6503
700 8481
700 10599
700 10603
700 11436
700 11437
700 12566
700 12844
701 8481
701 10604
701 11436
702 984
702 5270
702 8450
702 9535
702 12561
702 12578
702 12635
704 5270
704 9535
704 12560
706 4300
706 6503
706 8767
706 10634
708 4239
708 4241
709 1246
709 1277
709 1299
709 4232
709 4237
709 4241
709 4242
710 1207
710 1234
710 1270
710 1328
710 4235
710 4302
710 4691
710 5501
710 7983
710 12573
717 7510
717 8767
717 10634
718 3765
718 10634
722 5213
722 7510
722 10890
722 11974
723 8694
723 10634
724 5282
724 10894
724 11016
724 11364
724 11974
724 12033
725 3747
725 3748
725 4299
725 5287
725 7510
725 8052
725 10421
725 10634
725 11974
727 7510
727 8052
727 8465
727 9478
727 10890
727 10894
727 11432
727 11974
729 1962
729 4677
729 10890
729 11432
729 12571
730 12560
731 1207
731 1234
731 1395
731 3658
732 3765
732 4299
732 5267
732 8688
732 8694
732 10371
732 10604
732 10634
732 10635
732 11436
732 11974
732 12571
735 7535
735 10604
735 10888
735 10890
737 5213
737 7510
737 9478
737 11974
740 8134
740 10889
743 3760
743 3765
743 5213
743 5287
743 10634
743 10890
743 10894
743 11016
743 12571
749 3748
749 3765
749 5213
749 5287
749 8052
749 9478
749 10371
749 10605
749 10634
749 10635
749 10890
749 11432
749 11974
749 12571
750 5287
750 7510
750 8052
750 8449
750 8694
750 8767
750 9478
750 9559
750 10605
750 10634
750 10890
750 11432
750 11974
750 12571
751 5282
751 5293
751 7535
751 8465
751 8688
751 10371
751 10604
751 10605
751 10606
751 10634
751 10635
751 10890
751 11432
751 11974
751 12571
753 5213
753 5282
753 10605
753 10634
753 10894
753 11432
753 11974
753 12580
757 3765
757 5213
757 5282
757 5287
757 7510
757 8052
757 10367
757 10371
757 10635
757 11190
757 11974
757 12571
758 3765
758 5287
758 9478
758 10371
758 10634
758 10635
758 10890
758 10894
758 11432
758 11974
758 12571
764 3765
764 5213
764 7510
764 10371
764 10605
764 10634
764 10635
764 10890
764 11432
764 11974
764 12571
764 12844
765 7322
765 12579
765 12597
795 1207
795 1234
795 1277
795 4324
797 1299
797 4232
797 4241
797 4242
797 5120
798 3414
798 3488
798 4363
798 4903
798 5267
798 7571
798 7604
798 7983
798 8485
798 11203
798 12418
799 1207
799 1234
799 1246
799 1299
799 4232
799 4237
799 4239
799 4241
799 4242
799 4243
799 5120
800 5270
800 8450
800 9535
800 12561
801 1234
801 1301
801 6521
808 1247
808 1277
808 4237
808 4241
809 12404
812 1047
812 3754
812 4771
812 5284
812 5311
812 9480
812 12597
820 11362
820 12580
827 5120
828 9478
832 10634
832 11364
836 1247
836 1275
836 1354
836 3379
836 4232
836 4237
836 4239
836 4247
836 4324
841 8450
841 9535
841 12560
843 10634
843 10894
843 12033
845 4903
847 1299
848 7535
850 5952
851 4232
851 4242
851 4249
853 3765
853 5293
853 8052
853 10634
853 10894
853 11432
853 12571
854 1962
854 7604
856 1942
856 1996
856 8450
856 9535
856 12560
856 12561
864 1207
864 4691
867 1276
867 1389
867 3656
867 3659
871 7535
871 8129
871 8229
871 8449
871 8695
871 9559
878 8694
881 1247
881 4204
882 1207
882 1246
882 1272
882 1298
882 3488
882 4903
882 6610
882 7983
882 11203
882 12573
887 4345
887 10862
887 10889
887 12572
888 10634
888 10894
889 1047
889 4771
889 4918
889 5269
889 5281
889 5284
889 6201
889 6203
889 6837
889 7322
889 8699
889 12018
889 12560
889 12580
890 10894
890 11432
891 1047
891 4677
891 4771
891 4967
891 5268
891 6201
891 6837
891 7322
891 12560
891 12579
891 12597
895 1299
895 4242
895 4249
895 6605
896 3765
896 5154
896 5287
896 7535
896 8449
896 9559
896 10602
896 10634
896 10635
896 12571
898 5351
898 10862
898 12569
907 3765
907 5213
907 7510
907 8052
907 10367
907 10371
907 10605
907 10634
907 10635
907 11974
907 12571
914 1234
914 6475
917 12569
918 2586
918 3087
918 3572
918 3573
918 3588
918 3589
918 3592
918 3594
918 6846
918 7061
920 1301
920 4242
923 3489
923 3493
923 4324
923 4363
923 4903
923 5267
923 6495
923 6521
923 7983
923 11203
923 12573
923 13425
924 8449
924 8465
924 8688
924 8694
924 8695
924 9559
924 12508
954 1234
954 1275
954 1302
954 3379
954 4232
954 4236
954 4239
954 4240
954 4241
954 4242
954 4243
954 4244
954 4245
954 4250
954 4251
954 5120
954 6592
954 6593
955 1207
955 1234
955 1246
955 1276
955 3659
955 10379
957 4299
957 7535
957 8449
957 8694
958 1942
959 1389
959 7604
959 11203
960 1389
960 11203
965 4594
965 10862
965 12569
967 10602
967 10888
967 12033
972 3765
972 12571
987 1234
987 1247
987 4691
988 1296
988 1301
988 5227
988 6495
990 3765
990 5287
990 7535
990 9478
990 10371
990 10602
990 10606
990 10634
990 10635
990 10890
990 10894
990 11362
990 11432
990 11436
990 12571
991 8449
991 9559
995 10607
995 11364
995 12507
995 12569
998 12404
999 8481
999 8688
999 8694
999 8695
999 8767
999 10634
1013 10887
1014 10599
1014 12508
1014 12569
1015 5227
1015 8485
1016 12569
1029 3087
1029 3571
1029 3573
1029 3588
1029 3594
1029 5842
1029 6827
1029 6846
1029 8626
1033 1207
1033 1234
1033 1246
1033 1272
1033 3659
1033 6495
1033 6497
1038 12571
1046 5285
1046 5351
1046 5382
1046 10304
1046 10609
1046 10634
1046 10862
1046 10889
1046 10895
1046 11431
1046 12507
1046 12569
1046 12572
1048 1277
1048 1330
1048 1353
1048 5501
1048 12508
1053 12578
1053 13965
1056 12844
1065 10889
1065 12569
1065 12572
1066 4763
1066 10889
1066 12569
1084 6436
1085 5952
1085 8052
1085 8134
1085 8449
1085 8465
1085 8694
1085 8775
1085 10634
1097 8449
1097 8688
1097 8695
1097 8767
1097 9559
1097 10602
1103 4302
1103 4903
1103 8485
1103 13425
1109 7427
1109 8129
1109 11256
1109 12404
1122 1962
1122 4677
1122 5268
1122 6201
1122 7322
1122 7571
1122 7604
1122 9678
1122 12579
1135 1047
1135 4771
1135 4918
1135 4967
1135 5269
1135 5281
1135 5284
1135 6837
1135 8134
1135 8481
1135 8699
1135 12560
1135 12580
1135 12597
1139 10607
1139 10891
1139 10895
1139 11436
1139 11437
1143 12573
1148 10634
1148 10891
1148 11364
1148 11434
1149 4594
1149 4763
1149 9625
1149 10599
1149 10634
1149 10895
1149 11437
1149 12572
1159 1047
1159 4771
1159 4967
1159 5232
1159 6837
1159 12579
1159 12597
1162 4363
1162 7604
1162 11357
1163 4363
1163 7571
1163 7604
1163 10959
1163 11357
1163 12573
1164 5282
1164 7510
1164 8449
1164 8465
1164 8688
1164 8695
1164 10367
1164 10605
1164 10634
1164 11974
1166 10379
1190 7984
1190 12560
1192 11364
1192 12033
1200 4594
1200 10607
1200 10862
1200 10889
1200 10891
1200 11032
1202 1207
1202 1270
1202 1296
1202 1297
1202 1299
1202 3488
1202 4235
1202 4239
1202 4241
1202 4242
1202 4243
1202 4244
1202 4251
1202 5227
1202 5267
1202 6495
1202 7983
1202 8677
1202 11203
1202 12573
1209 10634
1209 10895
1209 12507
1209 12569
1209 12572
1210 5285
1210 5351
1210 10304
1210 10889
1210 10895
1210 12569
1219 1207
1219 1270
1219 7535
1219 10129
1219 10606
1222 1297
1222 1389
1222 1395
1222 3488
1222 3659
1222 4204
1223 11684
1224 5227
1235 12561
1253 5213
1255 8229
1255 9480
1255 9535
1264 3488
1264 4903
1264 7604
1264 7983
1264 11203
1264 12573
1265 3488
1265 4903
1265 7571
1265 7982
1265 7983
1265 11203
1265 12573
1268 3659
1268 3660
1268 4903
1268 11203
1280 1246
1280 1299
1280 3488
1280 4237
1280 4238
1280 7983
1280 10379
1281 3489
1281 3490
1281 4679
1281 6436
1281 7982
1281 7983
1281 8485
1281 11203
1283 4363
1283 6610
1283 10063
1283 10607
1291 3765
1291 10371
1291 10634
1294 5213
1294 5282
1294 7510
1294 10605
1294 10634
1294 11974
1300 10890
1312 5952
1312 10304
1316 6436
1316 11516
1316 12560
1316 12579
1316 12580
1318 10599
1318 10603
1318 12572
1320 5952
1320 10304
1320 10368
1320 10609
1320 10634
1320 10889
1320 11032
1320 11431
1320 12569
1323 5227
1331 5311
1331 7535
1331 10129
1331 10980
1331 11364
1331 12033
1331 12844
1333 1207
1333 1234
1333 1272
1333 1277
1333 4251
1333 6495
1333 6497
1333 7983
1333 8677
1334 10634
1340 5285
1340 8694
1340 10634
1343 5283
1344 10541
1344 10604
1344 10634
1344 10980
1345 5952
1345 8465
1345 8775
1345 10304
1345 10634
1345 12572
1346 8465
1346 10634
1357 3413
1357 4204
1357 4324
1357 4903
1357 5134
1357 6521
1368 4677
1368 5268
1368 6201
1368 6203
1368 7322
1368 12031
1371 8019
1374 10607
1374 10887
1374 10889
1374 10891
1374 10895
1374 12569
1374 12572
1375 4763
1375 5285
1375 10862
1375 11032
1375 12572
1376 8134
1376 10304
1376 10634
1376 10889
1376 10895
1376 11032
1376 11431
1376 12569
1387 3571
1387 3588
1387 3589
1387 3594
1387 5842
1387 6846
1388 3400
1388 3402
1388 3444
1388 3459
1388 3462
1390 12033
1396 1276
1396 3656
1396 5120
1397 5283
1400 1246
1400 1353
1400 4237
1400 4238
1400 4239
1400 4240
1400 4242
1400 4243
1400 5067
1410 10889
1410 10895
1410 12569
1414 8134
1414 10599
1414 11436
1414 11437
1415 1207
1415 1234
1415 1246
1415 1272
1415 4236
1415 4240
1415 5351
1415 5952
1415 6610
1415 10304
1415 10607
1415 10889
1415 12508
1415 12569
1416 6503
1416 7983
1417 1207
1417 1234
1417 1277
1417 3604
1417 4237
1417 4240
1417 4242
1417 4247
1417 4248
1417 4302
1417 5120
1417 6495
1417 6497
1417 6530
1417 6592
1419 5285
1419 10599
1419 10607
1419 10887
1419 11032
1419 11364
1419 11434
1419 11436
1419 11437
1427 2586
1427 3087
1427 3185
1427 3571
1427 3572
1427 3588
1427 3589
1427 3592
1427 3594
1427 6827
1427 6846
1427 7061
1427 8060
1438 1275
1438 1353
1438 3379
1438 5501
1438 6530
1438 6592
1446 8052
1446 8688
1446 9559
1451 4918
1451 5213
1451 5282
1451 5293
1451 7510
1451 8052
1451 8449
1451 8465
1451 8694
1451 10606
1451 10635
1451 11974
1453 5282
1453 5287
1453 7535
1453 8052
1453 9559
1453 10377
1453 10634
1453 10635
1453 12571
1455 3570
1455 4301
1455 4771
1455 4918
1455 5154
1455 6203
1455 6837
1455 8450
1455 9535
1455 11819
1455 12580
1455 12597
1458 4967
1458 5232
1458 10666
1458 10675
1460 5282
1464 1047
1464 4967
1464 5214
1464 6837
1464 10431
1464 12018
1464 12560
1464 12597
1470 1246
1470 1270
1470 1302
1470 1328
1470 11203
1478 5283
1481 4763
1481 6503
1481 10599
1481 10634
1481 10647
1481 10862
1481 12569
1481 12572
1484 1353
1484 4324
1484 4392
1484 5101
1486 5269
1486 5281
1486 5287
1486 6201
1486 10371
1486 10605
1486 10634
1486 10635
1486 11974
1486 12571
1486 12579
1493 5282
1493 7510
1493 12571
1494 1246
1494 3656
1495 1277
1495 5067
1504 1234
1504 1246
1511 10063
1511 10599
1511 10607
1519 10602
1519 10890
1519 10980
1519 11432
1519 12033
1523 4763
1523 10889
1523 12572
1524 7983
1524 8465
1524 10634
1524 10647
1524 10887
1524 12572
1525 8688
1525 10304
1525 10887
1525 11434
1525 12569
1525 12572
1526 10376
1526 12507
1526 12572
1530 5285
1530 8465
1530 12507
1532 5382
1532 10634
1532 10862
1532 10889
1532 10895
1532 11032
1532 12507
1532 12569
1532 12572
1535 1942
1535 7571
1535 12580
1538 7535
1538 8129
1538 8449
1538 9535
1544 4967
1544 5281
1544 5284
1544 8229
1544 8450
1544 9480
1544 12597
1545 5952
1545 7983
1545 8694
1545 10304
1545 10634
1545 10647
1545 12572
1546 4763
1546 5382
1546 6503
1546 8134
1546 8767
1546 10376
1546 10634
1546 10647
1549 3765
1549 5213
1549 7510
1550 7860
1550 9461
1552 12561
1556 1196
1556 3087
1556 3571
1556 3572
1556 3588
1556 3592
1556 6827
1556 6846
1556 8060
1562 8134
1562 8449
1562 10890
1566 5270
1566 8450
1566 9535
1569 1962
1569 5282
1569 7571
1569 9478
1569 10129
1569 10604
1570 5959
1570 7344
1570 8481
1570 8695
1570 10599
1570 10607
1570 11437
1570 12508
1570 12745
1572 7510
1572 8134
1572 8449
1572 8465
1572 9478
1572 9559
1572 10129
1572 10541
1572 10605
1572 10890
1572 11432
1572 12571
1579 1296
1579 3488
1579 5227
1579 5267
1579 7983
1582 3488
1582 3663
1582 4903
1582 5267
1582 7982
1582 8677
1582 10379
1582 12080
1582 12573
1582 13425
1583 10801
1584 10888
1584 11364
1596 4677
1596 5282
1596 6201
1596 10634
1601 10606
1603 12031
1607 3753
1607 8465
1607 8688
1607 10634
1607 10887
1607 10889
1607 11364
1607 11431
1607 11434
1636 1246
1636 8134
1636 10889
1636 10895
1636 11431
1636 12507
1636 12569
1636 12572
1638 5351
1638 10304
1638 10634
1638 10887
1638 10889
1638 10895
1638 11431
1638 11434
1638 12569
1642 10607
1642 10609
1642 10889
1642 10895
1642 11431
1642 12569
1643 8134
1643 10304
1643 12507
1643 12569
1644 1962
1644 5382
1644 5952
1644 8134
1644 12569
1644 12572
1645 5351
1645 10304
1645 10634
1645 10889
1645 12507
1645 12569
1651 12560
1652 4918
1652 5268
1652 6201
1652 6203
1652 7322
1652 8129
1652 8229
1652 12580
1656 8450
1656 12508
1661 10888
1661 12571
1662 3656
1662 3659
1662 4205
1671 5959
1671 10602
1671 11362
1671 11436
1677 3765
1677 10894
1677 12033
1677 12571
1679 3185
1679 7427
1679 12586
1680 4594
1680 8775
1680 10599
1680 10607
1680 11437
1686 1207
1686 1234
1686 1272
1686 1389
1686 3656
1686 3659
1686 4236
1686 4241
1686 4244
1686 6495
1686 6610
1686 11203
1690 12572
1692 3723
1692 3753
1692 4763
1692 5285
1692 10304
1692 10368
1692 10423
1692 10609
1692 10634
1692 10647
1692 10862
1692 10895
1692 11431
1692 12171
1692 12569
1692 12572
1696 5213
1696 5282
1696 8052
1696 10980
1697 1041
1697 7535
1697 10980
1697 12508
1713 1207
1713 1234
1713 4235
1713 6495
1713 6610
1713 12508
1720 5120
1720 5267
1726 10602
1726 10890
1726 10980
1726 11432
1726 11436
1734 1047
1734 4771
1734 4967
1734 10959
1734 12597
1736 1296
1736 4232
1736 4239
1736 4243
1736 4244
1736 4251
1736 6605
1736 8481
1739 4232
1739 4235
1742 7535
1742 9478
1742 10888
1744 4763
1744 5285
1744 5351
1744 5382
1744 6503
1744 8465
1744 10377
1744 10647
1744 10889
1744 10895
1744 11431
1744 12507
1744 12569
1744 12572
1745 5213
1745 8465
1745 11432
1746 11364
1748 4271
1752 1041
1752 4345
1752 7101
1752 12042
1752 12508
1753 1942
1753 5952
1754 5952
1754 6503
1754 8134
1754 10889
1754 12507
1769 7344
1769 12745
1773 5283
1776 1270
1776 4235
1776 11203
1777 4241
1778 8465
1778 10887
1778 11434
1781 1246
1781 1270
1781 1277
1781 1302
1781 1328
1781 3488
1781 6495
1781 7983
1781 12573
1782 4763
1782 10607
1782 11437
1782 12042
1782 12508
1784 1276
1784 3659
1784 3660
1784 5067
1787 5285
1787 5351
1787 5382
1787 9625
1787 10304
1787 10889
1787 10895
1787 11431
1787 12569
1787 12572
1795 7982
1795 7983
1795 12573
1795 13425
1806 4763
1806 6503
1806 10607
1806 12507
1806 12572
1807 12573
1808 7604
1808 12573
1809 1942
1809 4363
1809 5271
1809 7571
1809 7604
1809 11203
1822 4763
1822 5351
1822 5382
1822 5952
1822 10376
1822 10634
1822 10647
1822 10887
1822 10889
1822 11431
1822 11434
1822 12507
1822 12569
1822 12572
1830 10606
1830 10634
1838 1234
1838 1272
1838 3488
1838 4236
1838 4251
1838 5067
1838 6497
1838 12573
1848 8134
1848 11436
1849 3087
1849 3571
1849 3572
1849 3573
1849 3588
1849 3589
1849 3592
1849 3594
1849 6399
1849 6827
1849 6846
1849 8723
1850 1234
1852 5351
1852 5382
1852 6503
1852 10304
1852 10377
1852 10889
1852 12569
1854 6537
1859 10129
1859 11364
1859 12033
1862 6503
1862 8134
1862 10891
1862 11364
1864 1207
1864 1234
1864 1270
1864 3491
1864 11203
1869 1246
1869 1270
1869 1302
1869 1328
1869 1353
1869 5501
1869 6495
1869 11203
1870 1389
1870 1395
1870 3659
1871 1389
1871 1395
1871 3659
1871 5067
1872 1247
1872 4242
1872 4244
1872 5227
1873 4763
1873 4804
1873 5285
1873 5382
1873 6503
1873 8465
1873 10304
1873 10368
1873 10376
1873 10609
1873 10634
1873 10647
1873 10889
1873 11431
1873 12569
1873 12572
1881 1207
1881 1234
1881 4324
1881 4691
1881 5067
1881 6521
1886 10603
1886 10887
1886 11032
1886 12572
1887 8449
1888 8688
1889 1301
1889 3396
1889 3398
1890 4300
1890 6503
1890 10634
1898 10602
1898 10888
1902 4763
1902 5351
1902 8688
1902 9625
1902 10304
1902 10376
1902 10647
1902 10887
1902 10895
1902 11434
1902 12569
1902 12572
1904 4270
1904 4271
1904 6495
1905 1270
1905 1299
1905 4204
1905 5227
1905 11203
1910 9559
1910 10634
1911 1389
1911 3660
1911 11203
1913 1962
1913 9478
1913 10634
1913 10894
1913 11016
1913 12571
1916 3658
1916 4903
1916 6495
1916 11203
1917 4324
1917 4392
1917 7604
1921 10634
1921 11364
1922 1302
1922 1353
1922 4270
1922 11203
1923 11357
1923 11362
1924 3765
1924 5232
1924 5287
1924 5385
1924 8052
1924 8688
1924 10371
1924 10634
1924 10635
1924 10890
1924 11432
1924 11974
1926 1296
1926 5227
1926 5267
1926 7983
1926 10379
1935 1234
1935 1395
1935 3659
1935 3662
1937 1328
1937 5501
1938 8134
1938 8465
1939 4345
1939 4594
1939 10607
1939 10862
1939 10887
1939 10889
1939 12042
1939 12507
1940 5271
1940 7604
1940 7982
1940 7983
1940 12573
1940 13425
1941 11364
1944 5351
1944 10304
1944 10368
1944 12170
1944 12171
1944 12569
1949 3488
1949 3489
1949 4324
1949 4903
1949 7604
1949 7982
1949 7983
1949 8485
1949 11203
1949 12080
1949 12573
1949 13425
1953 1389
1953 1395
1953 3659
1953 7604
1954 4386
1955 3463
1963 3489
1963 7982
1963 13425
1964 3491
1964 4679
1964 6418
1965 7510
1965 10635
1969 5285
1969 5351
1969 5952
1969 8465
1969 10304
1969 10609
1969 10634
1969 10895
1969 11431
1969 12569
1970 4324
1970 7982
1970 7983
1970 12573
1970 13425
1976 5293
1976 10604
1976 10888
1980 8134
1980 8465
1981 6436
1981 6837
1981 11974
1981 12560
1981 12580
1981 13425
1982 4345
1982 12042
1985 1234
1985 5227
1985 7604
1985 11203
1986 1207
1986 1234
1986 1277
2002 1395
2002 3658
2002 4205
2002 4271
2002 4273
2008 4248
2015 1353
2015 4324
2017 3660
2017 3662
2018 1962
2018 4903
2018 7571
2018 7604
2029 3463
2029 3660
2029 3662
2032 1234
2040 4679
2040 7982
2043 4392
2045 10888
2045 10890
2045 12571
2046 4273
2046 10129
2046 10894
2046 11016
2048 4300
2048 8052
2050 4903
2050 7133
2050 7982
2050 12080
2050 12573
2050 13425
2054 1234
2060 7344
2060 7345
2060 12745
2067 3488
2067 4363
2067 4903
2067 5267
2067 7527
2067 7604
2067 12573
2072 13425
2074 4594
2074 10607
2074 12569
2076 5282
2076 7535
2076 8465
2076 8694
2076 10634
2077 3415
2077 8465
2078 3765
2078 5287
2078 10606
2078 10635
2078 10888
2078 10980
2078 12571
2079 4763
2079 10304
2079 10647
2079 10887
2079 10889
2079 12572
2081 1234
2081 1274
2084 10888
2087 3413
2088 1234
2090 12042
2095 1353
2095 4270
2096 1301
2097 5959
2097 11362
2097 12031
2104 7345
2111 1272
2111 4594
2111 6417
2113 7101
2113 12042
2113 12508
2117 1041
2117 10606
2117 12042
2126 6537
2127 1207
2127 1234
2127 1270
2127 1277
2127 1395
2127 3658
2127 3659
2127 7983
2130 1047
2130 6837
2130 7984
2130 12560
2130 12597
2135 7344
2135 10862
2151 1234
2151 11203
2153 4903
2153 7982
2153 13425
2156 3603
2156 3604
2156 3605
2156 5207
2156 6360
2159 10602
2159 10634
2159 10890
2159 10894
2159 10980
2159 11432
2162 10634
2162 11431
2163 7983
2173 3765
2173 5287
2173 7322
2173 7510
2173 7535
2173 10605
2173 10634
2173 10635
2173 12597
2174 7535
2175 10604
2175 10606
2183 10129
2183 10541
2183 10606
2183 10888
2183 10980
2183 11364
2183 11435
2184 3748
2184 3765
2184 5213
2184 7510
2184 10371
2184 10634
2184 10635
2184 10890
2184 10894
2184 12571
2185 1962
2185 7571
2185 9678
2187 8688
2187 10129
2187 10606
2187 10635
2189 1298
2189 5067
2192 10606
2192 10634
2194 3489
2194 4903
2194 5227
2194 12080
2195 1247
2195 4353
2195 5227
2198 1047
2198 6203
2198 6837
2198 7322
2198 10894
2198 12571
2198 12580
2198 12597
2203 10606
2203 10890
2204 8449
2204 8695
2204 10634
2209 5268
2209 8229
2212 5271
2215 4763
2215 5285
2215 5382
2215 6503
2215 10304
2215 10368
2215 10376
2215 10609
2215 10634
2215 10647
2215 10862
2215 10895
2215 12569
2215 12572
2216 5952
2216 8134
2216 10603
2216 11436
2216 11437
2217 1047
2217 6436
2217 6837
2217 8229
2217 12597
2223 3660
2228 4903
2228 7982
2228 7983
2228 12573
2228 13425
2229 1942
2229 7571
2229 7604
2229 10129
2229 10959
2229 11203
2230 1296
2230 1297
2230 4251
2230 7983
2230 12573
2231 5287
2231 10606
2232 5952
2232 10603
2232 11436
2234 12031
2235 5382
2235 8465
2235 8688
2235 10634
2235 10895
2235 11364
2235 11431
2235 12572
2236 4763
2236 9625
2236 10891
2240 11436
2245 1207
2247 1234
2247 1246
2247 1299
2247 4237
2247 4238
2247 4239
2247 4241
2247 4242
2247 4243
2247 4244
2247 5227
2247 6605
2247 8677
2248 5382
2248 12507
2251 4250
2251 5952
2251 8449
2251 8688
2251 10634
2252 4763
2252 5382
2252 10376
2252 10647
2252 10889
2252 12844
2253 7535
2253 8465
2253 9559
2253 10606
2253 10888
2253 10890
2255 5287
2255 7535
2255 8052
2255 8695
2255 12571
2258 4918
2259 8465
2259 8694
2259 8695
2259 10634
2261 8449
2261 10368
2261 10634
2262 3765
2262 10634
2262 10890
2265 10602
2265 10634
2270 1047
2270 6837
2270 12560
2270 12597
2275 1207
2275 1234
2275 1246
2275 1272
2275 4232
2275 4236
2275 4238
2275 6497
2275 6592
2275 11203
2277 8134
2279 7982
2279 11203
2279 13425
2282 7510
2282 8694
2282 10367
2282 10605
2282 10634
2282 11974
2282 12119
2293 11294
2307 1234
2307 4235
2308 1296
2308 1299
2308 4903
2308 7604
2308 7983
2308 11203
2308 12573
2309 2271
2309 4677
2309 5268
2309 6201
2309 7322
2309 9678
2309 11256
2309 12579
2311 1047
2311 4771
2311 4967
2311 6837
2311 7322
2311 12579
2311 12597
2313 10634
2317 5351
2317 12569
2321 1277
2321 1299
2322 4345
2322 10634
2322 11032
2325 4918
2325 6203
2325 8449
2325 8465
2325 8688
2325 8695
2325 10377
2325 10634
2325 12580
2331 5959
2331 12031
2339 3490
2339 4392
2339 6418
2342 3773
2342 9535
2344 1301
2344 6521
2352 3603
2352 3604
2352 6360
2352 8481
2352 11203
2358 7984
2358 10634
2359 5285
2359 5311
2359 5351
2359 5382
2359 6503
2359 8052
2363 4804
2363 10063
2363 10603
2363 11436
2368 3765
2368 5287
2368 7510
2368 10371
2368 10605
2368 10634
2368 10635
2368 12119
2372 1272
2372 4243
2372 4251
2372 4353
2372 5267
2372 6475
2372 7983
2372 12573
2387 5268
2387 9678
2388 6837
2388 12018
2388 12560
2399 8485
2403 7604
2403 11203
2403 12573
2404 1207
2404 1246
2404 1272
2404 3489
2404 7983
2404 12573
2405 12571
2406 3748
2406 3760
2406 3765
2406 7510
2406 8465
2406 9478
2406 10377
2406 10634
2406 11016
2406 11974
2406 12571
2409 1272
2409 1298
2409 4236
2409 4239
2409 4240
2409 4241
2409 4242
2409 4243
2409 4244
2412 7860
2412 9461
2416 10890
2416 11432
2416 11436
2420 4808
2424 8134
2424 8449
2424 8688
2424 10634
2429 12031
2433 1246
2433 1277
2433 4238
2438 4763
2438 10862
2438 10895
2438 12572
2439 5287
2439 9559
2439 10980
2439 12571
2443 8134
2443 8449
2443 11436
2445 8449
2445 8481
2445 10602
2445 11436
2450 10603
2450 10607
2450 11032
2450 11436
2471 8052
2471 10888
2471 10890
2471 11364
2471 11432
2471 11435
2471 12031
2474 6535
2474 6537
2477 1234
2477 1275
2477 1353
2477 3379
2477 3488
2477 4239
2477 4240
2477 4246
2477 5267
2477 6495
2477 6591
2477 7983
2478 1234
2478 1246
2478 1270
2478 1297
2478 3488
2478 4235
2478 4238
2478 5067
2478 6495
2478 6497
2478 11203
2479 5952
2479 10599
2483 1299
2483 5120
2490 3603
2490 3605
2490 3682
2490 4235
2490 4248
2490 4302
2490 5207
2495 10634
2495 10890
2495 11432
2500 4244
2501 1207
2501 1234
2501 1270
2501 3413
2501 3463
2501 6417
2501 11203
2502 8481
2502 8695
2502 9559
2519 5285
2519 5351
2519 8134
2519 10368
2519 10609
2519 10889
2519 11431
2519 12569
2522 8134
2522 8688
2522 11364
2531 7535
2531 10634
2538 12508
2540 1272
2540 4236
2540 6592
2540 6593
2540 10634
2540 11203
2541 5232
2541 5282
2541 5284
2541 5287
2541 5293
2541 8688
2541 10606
2541 10635
2541 11432
2548 10063
2548 10603
2548 10607
2548 10895
2552 1047
2552 4771
2552 4918
2552 4967
2552 6436
2552 6837
2552 12567
2552 12580
2552 12597
2554 1246
2554 1298
2554 4236
2554 4250
2554 6495
2558 10659
2558 10666
2558 10674
2562 8450
2562 9535
2562 12031
2563 11364
2563 12033
2570 1395
2570 4345
2570 12508
2570 12571
2572 7984
2572 10890
2575 4345
2576 1301
2576 5067
2576 8723
2579 3488
2579 3489
2579 4903
2579 5267
2579 7982
2579 12080
2579 12573
2579 13425
2580 3765
2580 5287
2580 9478
2580 10634
2580 11016
2580 12571
2584 8449
2584 10634
2584 11364
2584 12033
2588 4763
2588 8134
2588 10599
2588 10891
2588 11364
2588 11436
2588 11437
2588 12572
2595 10889
2595 10895
2595 11431
2595 12507
2602 4677
2602 10607
2604 5282
2604 5293
2604 10634
2604 10635
2604 10890
2604 11432
2609 7344
2609 7535
2609 8449
2609 10129
2609 10894
2609 12033
2609 12508
2609 12745
2610 1207
2610 1234
2610 1302
2610 1328
2610 4232
2610 4235
2610 4240
2610 4246
2610 4248
2610 6592
2613 1047
2613 4677
2613 4771
2613 4918
2613 4967
2613 6203
2613 6837
2613 7322
2613 12506
2613 12580
2613 12597
2614 7510
2614 10129
2614 10894
2614 11016
2615 5351
2615 8696
2615 10304
2615 10368
2615 10609
2615 10634
2615 12569
2619 3748
2619 4918
2619 5232
2619 5282
2619 7510
2619 8129
2619 8229
2619 8449
2619 8481
2619 9559
2619 10634
2619 11974
2619 12567
2619 12580
2619 12597
2620 5227
2620 6475
2623 5285
2623 5382
2623 10376
2623 10647
2623 11364
2632 11684
2635 6436
2636 3489
2636 7983
2636 12573
2637 1234
2637 4232
2638 5067
2650 10604
2650 10894
2652 1275
2652 3379
2652 4232
2652 4245
2652 4247
2652 5120
2652 6591
2652 6592
2652 6593
2653 10634
2654 1047
2654 12560
2654 12597
2655 3415
2655 7983
2655 9478
2655 10541
2656 1047
2656 6203
2656 7322
2656 7360
2656 8229
2656 8301
2656 12560
2656 12580
2659 5287
2659 12571
2662 10634
2663 6846
2663 11256
2663 12404
2663 12586
2664 1247
2664 4232
2664 4240
2664 4241
2664 4242
2664 4243
2664 4244
2664 4248
2664 4302
2664 5120
2664 8019
2665 3413
2665 10541
2665 10606
2665 10888
2665 12042
2666 3663
2666 4918
2666 5267
2666 5269
2666 6203
2666 6837
2666 7322
2666 12560
2666 12580
2670 1234
2672 2271
2672 5118
2672 11256
2677 10890
2679 1942
2679 4345
2679 10541
2679 10890
2679 10894
2679 10980
2679 12033
2680 3765
2680 5287
2680 8449
2680 8695
2680 8767
2681 4804
2681 5952
2681 10862
2681 10895
2682 1942
2682 1962
2682 11294
2686 4299
2686 4363
2686 8694
2686 10129
2686 10894
2686 11016
2688 5067
2688 8485
2689 1207
2689 1234
2689 1270
2689 1299
2689 4232
2689 4235
2689 4239
2689 4240
2689 4243
2689 4244
2689 6605
2689 11203
2698 4967
2698 5232
2698 5268
2698 12579
2698 12597
2699 3489
2699 7133
2701 4363
2701 7571
2701 11203
2701 12580
2702 1942
2702 3462
2702 7571
2702 7604
2702 11203
2702 12580
2703 1234
2703 1296
2703 1297
2703 1299
2703 1389
2703 4204
2703 4205
2703 4903
2703 5120
2703 5227
2703 5267
2703 6495
2703 7983
2703 12573
2704 3489
2704 3659
2705 1234
2705 1272
2705 1298
2705 4232
2705 4236
2705 4238
2705 4239
2705 4240
2705 4241
2705 4243
2705 4248
2705 4250
2705 4251
2705 5267
2705 6495
2705 6497
2706 1207
2706 1234
2706 1246
2706 1277
2707 1296
2707 1297
2707 4903
2707 5267
2708 3659
2708 4205
2709 1207
2709 1234
2709 1246
2709 1270
2709 1277
2709 1296
2709 1328
2709 1962
2709 3488
2709 3490
2709 4235
2709 4239
2709 4240
2709 4241
2709 4243
2709 4363
2709 5267
2709 6495
2709 6497
2709 7604
2709 7983
2709 8677
2709 10379
2709 11203
2709 12418
2709 12573
2710 4251
2710 7983
2710 12573
2712 1301
2714 1234
2714 1302
2714 11203
2716 1207
2716 1234
2716 1272
2716 3488
2716 4232
2716 4236
2716 4238
2716 4239
2716 4240
2716 4241
2716 4242
2716 4243
2716 4244
2716 4248
2716 4250
2716 4251
2716 4302
2716 5067
2716 5120
2716 5267
2716 5952
2716 6495
2716 6497
2716 7983
2716 8019
2716 8134
2716 8449
2716 8485
2716 8677
2716 8775
2718 1207
2718 1234
2718 1275
2718 3379
2718 3488
2718 4232
2718 4238
2718 4239
2718 4241
2718 4242
2718 4243
2718 4244
2718 4245
2718 5120
2718 5267
2718 6495
2718 6591
2718 6592
2718 6593
2718 7983
2718 10379
2718 11203
2722 1207
2722 1234
2722 1270
2722 3489
2722 11203
2723 5282
2723 8688
2723 8694
2723 8695
2723 9559
2724 1234
2724 3659
2724 4249
2724 4316
2724 5227
2724 6605
2724 10379
2725 12560
2725 12571
2727 1353
2727 7983
2727 8485
2727 10379
2727 12573
2728 4903
2728 7983
2728 12573
2729 4241
2729 4242
2729 4244
2729 4249
2731 1234
2731 1247
2731 1296
2731 4235
2731 4244
2731 7983
2732 3490
2732 3660
2732 4386
2732 4392
2732 6418
2733 11974
2734 1301
2734 1354
2734 4251
2736 1207
2736 1234
2736 1246
2736 4235
2736 4238
2736 4242
2736 4243
2736 4251
2736 6495
2736 6497
2736 7983
2736 8677
2736 11203
2737 1207
2737 4232
2737 4239
2737 5120
2737 12573
2738 1207
2738 1272
2738 1277
2738 1330
2738 1353
2740 1207
2740 1272
2740 4236
2740 4243
2740 4248
2740 4302
2740 4763
2740 5382
2740 6497
2740 8134
2740 10304
2740 10379
2740 12042
2740 12508
2740 12569
2740 12572
2741 1207
2741 1234
2741 1270
2742 1354
2742 5283
2743 1207
2743 1234
2743 3493
2743 4324
2743 4679
2743 5271
2743 7982
2743 7983
2743 8485
2743 11203
2743 12573
2743 13425
2745 1301
2747 1247
2747 1301
2747 4244
2747 4302
2747 4324
2747 5067
2747 8019
2748 5213
2748 5282
2748 7510
2748 8052
2748 8449
2748 8450
2748 8688
2748 9535
2748 9559
2748 10605
2748 10634
2748 11974
2749 7604
2749 7983
2749 11203
2749 12573
2749 13425
2750 1207
2750 1234
2750 1246
2750 1302
2750 1330
2750 1353
2750 5501
2750 6495
2750 6530
2750 11203
2751 3488
2751 4324
2751 4386
2751 5120
2751 7983
2751 8485
2751 10379
2751 12573
2753 1297
2754 1246
2754 1275
2754 3379
2754 4232
2754 4235
2754 4238
2754 4245
2754 5267
2754 6591
2754 6593
2755 1234
2755 1270
2755 1297
2755 1299
2755 1328
2755 1353
2755 3488
2755 3489
2755 4235
2755 4240
2755 4242
2755 4243
2755 4244
2755 4248
2755 4251
2755 4691
2755 5271
2755 5501
2755 6521
2755 6530
2755 7983
2755 8129
2755 8229
2755 8485
2755 9559
2755 11203
2756 1275
2756 4244
2756 4245
2756 6591
2756 6592
2757 1234
2757 1275
2757 3379
2757 4240
2757 4245
2757 4246
2757 4691
2757 5120
2757 6591
2757 6592
2757 6593
2758 1234
2758 1270
2758 1277
2758 1353
2758 4235
2758 4239
2758 4240
2758 4241
2758 4243
2758 4244
2758 4248
2758 5120
2758 6610
2758 8485
2759 1207
2759 1302
2759 1330
2759 1353
2759 3379
2759 4240
2759 4246
2759 4247
2759 5267
2759 5501
2759 6495
2759 7983
2759 10379
2759 11203
2760 1275
2760 4245
2760 4251
2760 6591
2761 1246
2761 1270
2761 1354
2761 4235
2761 4238
2761 4249
2761 6605
2762 1207
2762 1234
2762 1302
2762 1942
2762 3379
2762 4232
2762 4235
2762 4239
2762 4244
2762 4247
2762 4251
2762 5120
2762 6591
2762 6592
2762 8677
2762 11203
2763 8688
2763 8695
2764 1207
2764 1275
2764 1302
2764 3379
2764 3488
2764 4242
2764 4245
2764 4251
2764 6591
2764 6592
2764 6593
2764 10634
2766 1296
2766 4235
2766 4251
2766 7983
2766 12573
2768 1234
2768 3379
2768 4232
2768 4245
2768 4247
2768 6495
2768 6591
2768 6592
2768 6593
2770 1207
2770 1302
2771 1272
2771 4232
2771 4235
2771 4236
2771 4239
2771 4244
2771 4245
2771 5267
2771 8485
2771 10379
2771 12573
2772 5351
2772 8449
2772 8688
2772 10304
2772 10607
2772 10609
2772 10889
2772 10895
2772 11431
2772 12569
2773 1207
2773 1234
2773 1272
2773 1297
2773 1298
2773 1299
2773 1330
2773 4236
2773 4240
2773 5067
2776 1207
2776 1302
2776 4302
2776 6592
2776 11203
2777 6530
2778 6591
2778 7535
2778 8481
2778 8485
2778 9559
2779 8052
2779 10634
2780 12042
2781 13425
2782 10634
2782 10888
2784 1275
2784 3379
2784 4245
2784 6591
2785 12580
2786 1207
2786 1275
2786 1353
2786 4235
2786 4245
2786 4248
2786 4251
2786 6591
2786 8677
2787 1246
2787 1272
2787 1353
2788 10890
2790 5227
2790 8767
2793 10129
2793 10604
2793 10606
2793 11436
2794 4763
2794 5351
2794 5952
2794 7984
2794 10304
2794 10889
2794 11431
2794 12569
2794 12635
2797 12042
2798 4271
2798 4272
2799 3765
2799 5282
2799 10634
2799 10890
2799 10894
2799 12571
2800 1302
2800 1353
2800 3488
2800 5501
2800 6530
2805 1247
2805 4236
2805 5067
2805 5267
2811 1247
2814 1272
2814 4302
2814 5067
2814 5134
2814 6495
2814 10379
2815 6495
2817 1207
2817 1234
2817 4235
2817 5120
2817 5267
2817 6497
2817 6530
2817 11203
2819 1246
2819 1277
2819 4241
2819 4247
2819 4249
2820 1299
2820 1301
2820 1353
2820 3396
2820 3398
2820 3659
2820 4324
2820 5101
2820 6495
2822 1207
2822 1270
2822 3603
2822 3604
2822 3605
2822 3682
2822 4232
2822 4235
2822 4240
2822 4248
2822 5207
2822 6360
2822 6495
2822 6497
2824 1234
2824 1270
2824 4324
2825 1275
2825 1302
2825 3379
2825 4239
2825 4241
2825 4247
2825 6530
2825 6591
2825 6592
2826 1246
2826 1302
2826 1330
2826 3379
2826 3488
2826 4236
2826 4242
2826 4243
2826 4244
2826 4246
2826 5120
2826 6530
2826 10634
2827 1207
2827 1234
2827 4691
2827 5227
2830 12586
2833 1234
2833 1302
2836 1207
2836 1234
2836 1302
2836 3604
2836 4302
2836 4691
2836 6593
2836 11203
2842 7983
2842 10541
2844 5287
2844 5311
2844 8688
2844 10606
2844 10888
2844 12033
2844 12506
2845 1330
2845 1353
2845 3488
2845 5501
2845 6495
2846 3604
2846 4247
2848 1207
2848 1296
2848 4232
2848 4235
2848 11203
2849 10599
2849 10889
2849 10895
2849 11437
2850 1246
2850 1270
2850 1302
2850 1328
2850 1353
2850 4235
2850 4238
2850 4246
2850 5501
2850 6592
2850 10379
2850 11203
2851 8723
2852 3754
2852 4677
2852 11362
2852 12579
2853 1207
2853 1234
2853 1277
2853 1302
2853 1353
2853 1942
2853 3379
2853 3413
2853 3491
2853 4324
2853 4345
2853 4679
2853 4691
2853 5067
2853 5101
2853 7982
2853 7983
2853 12560
2853 12573
2853 13425
2854 3488
2854 3489
2854 5271
2854 8485
2854 11203
2854 12573
2859 3663
2859 6497
2861 1207
2861 1234
2861 1246
2861 1272
2861 1298
2861 3396
2861 4232
2861 4236
2861 4238
2861 4239
2861 4244
2861 4302
2861 8019
2861 10607
2861 11203
2863 1301
2864 4324
2864 6417
2865 1354
2865 5283
2866 4245
2866 4763
2866 6503
2866 6591
2866 6610
2866 8694
2866 10377
2866 10379
2866 10634
2866 10647
2866 10889
2866 11431
2866 12572
2867 1207
2867 1234
2867 1302
2867 4235
2867 4240
2867 4242
2867 4243
2867 4245
2867 4248
2867 4251
2867 5067
2867 6591
2867 8485
2867 8677
2870 10888
2870 10890
2871 1234
2871 1275
2871 3379
2871 4235
2871 4239
2871 4240
2871 4241
2871 4242
2871 4245
2871 4247
2871 5120
2871 6591
2871 6593
2872 4251
2872 8485
2875 3603
2875 3604
2875 3605
2875 4232
2875 4236
2875 4239
2875 4240
2875 4241
2875 4243
2875 4244
2875 4248
2875 4250
2875 6495
2875 7983
2876 3379
2877 4345
2880 7510
2880 10634
2880 10894
2880 12844
2881 4763
2881 5285
2881 10889
2882 4734
2883 1246
2883 1272
2883 1299
2883 1353
2883 6497
2885 5267
2886 1234
2887 5382
2887 12572
2888 1272
2888 1276
2888 1389
2888 3656
2888 3659
2888 7983
2889 5227
2890 1302
2890 1328
2890 3379
2890 3765
2890 4246
2890 5213
2890 5282
2890 5501
2890 6592
2890 7510
2890 8465
2890 8694
2890 10367
2890 10371
2890 10605
2890 10634
2890 10635
2890 11190
2890 11432
2890 12571
2891 1275
2891 4247
2891 6530
2891 6591
2891 6592
2891 6593
2892 1296
2892 1301
2892 6495
2895 1297
2895 3488
2895 5227
2895 5267
2895 7982
2895 7983
2895 10379
2898 1246
2898 1302
2898 1330
2898 4236
2898 4238
2898 4246
2898 6592
2899 1296
2899 4235
2899 4239
2899 4241
2899 4242
2899 4243
2899 4244
2899 4251
2900 1272
2900 1330
2900 10304
2900 12569
2902 1234
2902 6593
2904 3765
2904 10634
2905 1272
2908 6536
2910 1270
2910 3603
2910 3604
2910 3682
2910 5134
2910 5207
2910 6360
2911 1234
2911 1299
2911 4239
2911 4244
2911 5067
2912 4269
2912 4324
2913 3658
2913 3659
2915 1234
2915 4691
2916 1207
2916 1234
2916 1270
2916 1302
2916 1328
2916 1353
2916 3488
2916 4235
2916 4246
2916 4691
2916 5101
2916 5120
2916 5267
2916 5501
2916 6495
2916 8485
2916 11203
2917 1302
2917 4691
2917 8485
2918 5227
2924 8052
2924 9559
2925 3765
2925 5287
2925 8694
2925 10371
2925 10634
2925 10635
2925 12571
2928 1234
2928 4316
2929 12579
2930 3379
2930 4232
2930 4240
2930 4241
2930 4248
2930 4250
2930 4251
2930 6592
2933 1272
2933 4204
2935 1302
2935 1353
2935 4232
2935 4235
2935 4239
2935 4246
2935 5501
2935 6530
2938 1207
2938 1234
2938 1246
2938 1276
2938 1389
2938 3656
2938 3659
2938 4236
2938 11203
2939 1207
2939 1234
2939 3396
2939 4204
2939 4205
2940 4236
2940 8134
2941 4324
2941 4903
2941 7982
2942 3413
2942 10304
2942 10599
2942 10887
2942 10895
2942 11032
2945 6535
2945 6537
2949 1041
2950 10889
2950 11364
2950 12572
2953 1452
2953 7427
2953 8626
2953 12586
2955 4386
2957 10603
2957 11436
2958 3488
2958 3489
2958 3490
2958 3493
2958 4903
2958 7982
2958 7983
2958 12080
2958 12573
2958 13425
2959 12176
2964 8688
2965 4763
2965 10634
2965 11364
2971 5351
2971 6503
2971 10304
2971 10368
2971 10609
2971 12120
2971 12569
2973 3765
2973 10894
2973 10960
2973 12571
2974 7344
2974 12745
2976 1041
2976 4345
2976 7101
2976 12042
2976 12508
2979 8465
2993 8129
2993 12018
2993 12031
2993 12506
2995 7535
2995 10894
2995 12571
3003 3765
3004 3765
3005 8694
3010 12042
3016 1207
3016 1234
3016 1270
3016 1277
3016 1296
3016 3659
3016 4232
3016 4235
3016 4239
3016 4241
3016 4243
3016 4244
3016 6495
3016 6497
3016 11203
3019 10602
3019 11362
3019 11436
3028 4763
3028 5382
3028 10634
3028 10891
3028 12572
3029 9478
3029 10129
3029 10606
3029 10634
3029 10894
3029 11016
3029 12033
3035 10888
3035 10894
3035 12571
3045 10634
3046 5213
3046 5293
3046 10377
3046 10606
3046 12575
3047 5227
3047 6475
3048 10634
3051 5287
3051 5293
3051 9478
3051 10129
3051 10371
3051 10634
3051 10890
3051 10894
3051 11432
3051 12571
3052 1047
3052 4677
3052 6436
3052 6837
3052 12597
3053 1301
3053 3488
3053 4324
3053 7982
3053 7983
3053 11203
3053 12573
3054 6503
3054 10895
3058 5952
3058 8134
3058 8449
3058 8688
3061 10634
3063 7344
3063 12745
3067 5952
3067 8465
3067 11364
3070 7535
3070 9478
3070 10129
3070 10602
3070 10890
3070 10894
3070 10980
3070 11016
3070 11364
3070 11432
3070 11436
3070 12571
3077 3396
3077 3398
3077 3414
3077 3659
3077 4903
3079 1942
3079 12580
3081 5952
3081 8481
3081 9625
3081 9675
3081 11711
3089 1234
3089 4302
3089 6592
3090 12566
3091 7571
3091 7604
3092 5952
3092 8449
3110 5952
3110 10889
3110 11431
3110 11436
3110 11437
3114 9478
3114 10634
3114 10888
3114 11435
3116 9559
3116 10634
3120 1301
3120 3396
3120 3398
3120 6495
3125 10887
3125 10891
3125 11364
3125 11434
3131 7360
3134 10634
3134 10890
3134 12033
3135 6535
3143 2586
3143 3087
3143 3571
3143 3572
3143 3592
3143 6827
3143 7061
3143 8060
3144 7345
3144 12745
3148 1328
3148 1353
3154 6536
3162 6536
3163 7535
3163 8481
3165 3570
3165 6846
3165 8060
3167 4763
3167 10889
3167 10895
3167 11431
3167 12572
3178 5213
3178 8688
3178 10634
3178 10890
3178 10894
3178 10980
3178 11432
3184 984
3184 1962
3184 11516
3184 12560
3184 12579
3184 12635
3190 3753
3190 4763
3190 5285
3190 5351
3190 5382
3190 9625
3190 10376
3190 10599
3190 10607
3190 10609
3190 10634
3190 10647
3190 10862
3190 10889
3190 12569
3190 12572
3197 5154
3197 7344
3197 7345
3198 3489
3198 7982
3198 7983
3198 11203
3198 12573
3198 13425
3200 5270
3200 8450
3200 9535
3202 3604
3202 3605
3202 3682
3202 5207
3203 3413
3203 4903
3203 5267
3203 7982
3203 7983
3203 10379
3203 11203
3203 12573
3204 8688
3204 8694
3204 8695
3212 5285
3216 1047
3216 4967
3216 5287
3216 6201
3216 6203
3216 7322
3216 12560
3216 12579
3216 12580
3220 2586
3220 3571
3220 3572
3220 3573
3220 3592
3220 3594
3220 5842
3220 6827
3220 6846
3220 7061
3220 8723
3221 7360
3221 10888
3221 11364
3221 11435
3222 5285
3222 8694
3222 10304
3222 10376
3222 11032
3222 12171
3239 8690
3242 11364
3244 9625
3244 10599
3244 10603
3244 12507
3244 12569
3245 3488
3245 5281
3245 5282
3245 5284
3245 6197
3245 6203
3245 10379
3253 6535
3253 6537
3255 5154
3260 7535
3260 10606
3260 10894
3260 12571
3267 6837
3267 12597
3272 9478
3272 10634
3272 10890
3272 11016
3277 4931
3277 13965
3278 3488
3278 6610
3278 8688
3278 8694
3278 11190
3278 11357
3278 11362
3278 12573
3280 3765
3280 5282
3280 8052
3280 12571
3286 7345
3286 12042
3290 5382
3290 6503
3290 10376
3290 10634
3290 10862
3290 10895
3290 11032
3290 12507
3297 9559
3300 10634
3301 8690
3305 1047
3305 4771
3305 6837
3305 8129
3305 8229
3306 4771
3306 4918
3306 4967
3306 5269
3306 6203
3306 6837
3306 9480
3306 12580
3306 12597
3312 5287
3317 7984
3317 12560
3320 11436
3322 8723
3322 10980
3328 4967
3328 5269
3328 5281
3328 5284
3328 6203
3328 7322
3328 9678
3328 12580
3330 5282
3330 10888
3330 10980
3330 11364
3330 11435
3330 12033
3336 4903
3336 5271
3336 7982
3336 12573
3336 13425
3344 3765
3344 5213
3344 5282
3344 5287
3344 7510
3344 8052
3344 8465
3344 8694
3344 10367
3344 10371
3344 10605
3344 10634
3344 10635
3344 11974
3344 12571
3345 4677
3345 5268
3345 6201
3345 7322
3345 8129
3345 12579
3349 6535
3358 5282
3358 5293
3358 9678
3358 10606
3358 10634
3358 10635
3358 10894
3358 10980
3358 11432
3358 12571
3360 5285
3360 5351
3360 6503
3360 12572
3362 12571
3365 1234
3365 1276
3365 4691
3365 5120
3365 6593
3365 6605
3368 12031
3371 10599
3371 11436
3371 11437
3372 1301
3374 6535
3376 8134
3376 8465
3376 10887
3376 11434
3377 8465
3377 10376
3377 10634
3377 10647
3381 12580
3386 8449
3386 8688
3388 3720
3388 5274
3388 10665
3389 7510
3389 10371
3389 10894
3390 6536
3393 4903
3393 7982
3394 5842
3394 6827
3399 3658
3399 3659
3399 3660
3399 3662
3405 10634
3405 10894
3405 10980
3405 11364
3405 12571
3411 5227
3411 11203
3419 5154
3419 10602
3419 10980
3426 10634
3431 1296
3431 1328
3433 5270
3434 1942
3434 8450
3434 9535
3437 5154
3440 6837
3440 12597
3447 4363
3447 7983
3447 11203
3447 12573
3450 12561
3451 10890
3451 12571
3453 8775
3453 12844
3466 1270
3466 6495
3466 11203
3469 12055
3471 5952
3471 10891
3471 11364
3474 7983
3474 11203
3474 12573
3474 13425
3477 10602
3477 10634
3477 10980
3477 12571
3479 8450
3479 9535
3481 10634
3482 6837
3482 12597
3483 1942
3483 1993
3483 5270
3484 3490
3484 3491
3484 5271
3485 3659
3485 3660
3485 4324
3486 1207
3486 1272
3486 3659
3486 4236
3486 4238
3486 4250
3486 5952
3486 6497
3486 8449
3492 4345
3492 7345
3492 10599
3492 10603
3492 10607
3492 10887
3492 11190
3492 11431
3492 11436
3492 11437
3492 12507
3495 8688
3495 9559
3495 10634
3525 4808
3548 4808
3549 4808
3551 3812
3551 4808
3555 4324
3557 12031
3557 12506
3565 11362
3568 8134
3569 5282
3569 10605
3569 10634
3569 11364
3569 12033
3575 5952
3575 8688
3575 8695
3579 11364
3581 1047
3581 1962
3581 6837
3581 10959
3581 12560
3581 12597
3586 4808
3587 4808
3590 6537
3591 3415
3591 5282
3591 5287
3591 10602
3591 11016
3595 11364
3596 3754
3596 4677
3596 4771
3596 4918
3596 4967
3596 5214
3596 5232
3596 5256
3596 5269
3596 5311
3596 6201
3596 6203
3596 6837
3596 12018
3596 12560
3596 12579
3596 12580
3596 12597
3598 11436
3607 5959
3607 11362
3610 5382
3610 10634
3610 11032
3612 4808
3617 5952
3617 8134
3617 8450
3617 8465
3617 8688
3617 8694
3617 9535
3617 10889
3617 11431
3617 12844
3622 4808
3623 3812
3623 4808
3624 4808
3626 1047
3626 4771
3626 4967
3626 5281
3626 5284
3626 6203
3626 7322
3626 12579
3626 12597
3629 4967
3633 1942
3633 1962
3633 1996
3633 12560
3636 11364
3637 6837
3648 10894
3653 3775
3653 12595
3654 7322
3654 12579
3667 4808
3669 3812
3669 4808
3670 4808
3671 4808
3676 1234
3676 3463
3676 6417
3676 6495
3680 3765
3680 5282
3680 5293
3680 8052
3680 8465
3680 10371
3680 10634
3680 10635
3680 12571
3681 3752
3681 3765
3681 5287
3681 8052
3681 10371
3681 10635
3686 1207
3686 1234
3686 1246
3686 1272
3686 1330
3686 1353
3686 6495
3686 6610
3686 12508
3688 6537
3691 1942
3692 11364
3694 12576
3697 7133
3697 7527
3697 11362
3707 1234
3711 11436
3717 9535
3717 12567
3722 6536
3724 4808
3727 3812
3727 4808
3729 11364
3730 11362
3731 5959
3731 7101
3731 11362
3732 3773
3732 4733
3734 11362
3734 12042
3735 11362
3736 5959
3736 11362
3737 5959
3737 11362
3738 7101
3738 11436
3739 12031
3739 12560
3740 1302
3740 1330
3740 1353
3740 4236
3740 5501
3740 6495
3740 6530
3744 7535
3746 10634
3749 5293
3749 10890
3755 5293
3755 10634
3759 11362
3761 12580
3764 11364
3768 4763
3768 10376
3768 10647
3778 3660
3778 7604
3779 12031
3781 10887
3781 11434
3782 11362
3786 12567
3788 11294
3789 6837
3789 9535
3789 12560
3791 1246
3791 1277
3791 1299
3792 10606
3792 12571
3792 12579
3801 11364
3804 4917
3804 6436
3804 13206
3815 10891
3815 11364
3817 13206
3821 4412
3821 12578
3824 3720
3824 5274
3824 12576
3826 1047
3826 6837
3826 7322
3826 12560
3826 12579
3826 12580
3830 3488
3830 11362
3833 4931
3833 13965
3839 8450
3839 9535
3840 1047
3840 4771
3840 4967
3840 12597
3851 3570
3851 6846
3860 5959
3860 11362
3863 4931
3863 13965
3868 10801
3875 1207
3875 1234
3875 4270
3875 4316
3885 5285
3885 10376
3885 10895
3885 11431
3888 1270
3888 1276
3888 1389
3888 1395
3888 3658
3888 3659
3888 5120
3888 6495
3888 6497
3890 3488
3890 5281
3890 6203
3890 7535
3890 10379
3894 4763
3894 5285
3894 5351
3894 5382
3894 5952
3894 8465
3894 10304
3894 10368
3894 10609
3894 10634
3894 10889
3894 11032
3894 11431
3894 12569
3894 12572
3895 3765
3895 12571
3896 10129
3896 10602
3896 10604
3901 1207
3901 3463
3901 3490
3903 1234
3904 1207
3904 1962
3904 4324
3904 5101
3905 8052
3905 10634
3914 6535
3914 6537
3914 10634
3916 9625
3916 10634
3929 7101
3929 12042
3929 12508
3930 5287
3930 10634
3930 11016
3931 10599
3931 12508
3939 5952
3939 8134
3939 9535
3940 1942
3940 7604
3940 12573
3948 1047
3948 4771
3948 4967
3948 6837
3948 7360
3948 12018
3948 12597
3950 8695
3950 9559
3952 11364
3953 1272
3953 7984
3953 12569
3967 8688
3967 8695
3967 8767
3967 10606
3975 3812
3975 4808
3977 12635
3979 5269
3984 10377
3984 10603
3984 10607
3984 10634
3984 10891
3984 11032
3984 11364
3984 11436
3984 11437
3985 12597
3990 1207
3990 1234
3990 1270
3990 6495
3990 6610
3990 7984
3990 11974
3990 12571
3995 8465
3999 10634
4001 1234
4001 3489
4001 4316
4001 4363
4001 4691
4001 6610
4005 5952
4005 7535
4005 8129
4005 8449
4005 8465
4005 9535
4005 9559
4008 10599
4008 11431
4008 11436
4008 11437
4013 3765
4013 11016
4014 10890
4014 12571
4018 6610
4021 7345
4021 11294
4069 1246
4069 1270
4069 3604
4069 3682
4069 6495
4069 7983
4070 1962
4070 4677
4070 5269
4070 5281
4070 6201
4070 7322
4070 12579
4077 12566
4082 1270
4082 6610
4082 7983
4082 10379
4085 8694
4087 3765
4087 10634
4087 11364
4087 12033
4087 12571
4089 3488
4089 4677
4089 5268
4089 6201
4089 6203
4089 6837
4089 12560
4089 12573
4089 12579
4089 12580
4092 3604
4092 3605
4094 3488
4094 3489
4094 3490
4094 4903
4094 7982
4094 12080
4094 13425
4098 3765
4098 5282
4098 5311
4098 9478
4098 10371
4098 10635
4098 10890
4098 10894
4098 10980
4098 11432
4098 12033
4098 12571
4101 4594
4101 6503
4101 10634
4101 10862
4101 10887
4101 10891
4101 11364
4101 11434
4106 5271
4106 7982
4106 12573
4106 13425
4120 5959
4120 11362
4121 5154
4121 12566
4124 7860
4124 9461
4125 3823
4125 7535
4125 8688
4131 10888
4131 11435
4133 5382
4133 10599
4133 10887
4139 6536
4146 12171
4153 4594
4153 10634
4153 10862
4153 12572
4155 12571
4158 10634
4162 11436
4163 3765
4163 8052
4163 10634
4167 4763
4167 8134
4167 10634
4168 1247
4168 4237
4168 4302
4168 5067
4168 5120
4170 12595
4173 10129
4173 10634
4173 11436
4176 6536
4182 5267
4182 7571
4182 7604
4182 7982
4182 7983
4182 10379
4183 1207
4183 1276
4183 3463
4183 3656
4183 3659
4183 3660
4183 3662
4183 4204
4183 6495
4183 7983
4184 1207
4184 3488
4184 3489
4184 4903
4184 5267
4184 7982
4184 7983
4184 11203
4184 12080
4184 12573
4184 13425
4189 4763
4189 5285
4189 5382
4189 6503
4189 8696
4189 10368
4189 10376
4189 10634
4189 10895
4189 12170
4189 12171
4189 12569
4189 12572
4191 5293
4191 10371
4191 10634
4191 10635
4191 12571
4194 5382
4194 6503
4194 10376
4194 10609
4194 10634
4194 10647
4194 12507
4194 12572
4196 7322
4196 12579
4196 12580
4202 12179
4203 1207
4203 1234
4203 1302
4203 3491
4203 3682
4203 4324
4203 4363
4203 4691
4203 6610
4203 7983
4203 11203
4203 12573
4210 8134
4210 8688
4210 10604
4216 12560
4220 5287
4220 10604
4220 10890
4220 10980
4220 11436
4225 11016
4226 1234
4226 1272
4226 1276
4226 1389
4226 3488
4226 3656
4226 7604
4226 7983
4226 8485
4226 10379
4226 11203
4226 12573
4227 4763
4227 5285
4227 5382
4227 8052
4227 8696
4227 10304
4227 10368
4227 10376
4227 10609
4227 10634
4227 10647
4227 12171
4227 12572
4229 5351
4229 8696
4229 9625
4229 11431
4234 10602
4234 12571
4252 4300
4252 5351
4252 5952
4252 8134
4254 1047
4254 4771
4254 4918
4254 4967
4254 6203
4254 6436
4254 6837
4254 7322
4254 12560
4254 12580
4254 12597
4256 8052
4257 10888
4259 6537
4260 4677
4260 4918
4260 6201
4260 6203
4260 7322
4260 8129
4260 8229
4260 8450
4260 9535
4260 12560
4260 12579
4260 12580
4264 3413
4264 4903
4264 6201
4264 7571
4264 7604
4264 7983
4264 11203
4265 3413
4265 3414
4265 3489
4265 3663
4265 4363
4265 4903
4265 7604
4265 7982
4265 7983
4265 8485
4265 11203
4265 12080
4265 12573
4274 5282
4274 5287
4274 7535
4274 10890
4274 12571
4274 12580
4275 1234
4275 1395
4275 3659
4275 3660
4275 4273
4290 10888
4290 11364
4290 11435
4293 8690
4293 10894
4295 5382
4295 6503
4295 8134
4295 8465
4295 8688
4295 10895
4295 12572
4296 3823
4296 5351
4296 5382
4296 5952
4296 8134
4296 10304
4296 10895
4296 12569
4297 3488
4297 3489
4297 4903
4297 5267
4304 10063
4304 10603
4304 10634
4307 4903
4308 10801
4309 10604
4309 11364
4309 11436
4311 2586
4311 3588
4311 6827
4311 6844
4311 6846
4311 8060
4314 4733
4314 8465
4314 8695
4315 10888
4315 10894
4319 5382
4319 6503
4319 10895
4319 12572
4326 3571
4351 10634
4351 11364
4355 10541
4355 11016
4355 12571
4357 3773
4357 10604
4357 12033
4358 4305
4358 4412
4358 4925
4358 5275
4358 12570
4358 12595
4364 9559
4367 10606
4367 12508
4374 1452
4374 4677
4374 6201
4374 6436
4374 7322
4374 12579
4380 1246
4380 1247
4380 1272
4380 1330
4380 4236
4380 4246
4380 5501
4380 6497
4389 1047
4389 3756
4389 4677
4389 4771
4389 4918
4389 5268
4389 6201
4389 6837
4389 7322
4389 12560
4389 12579
4389 12597
4394 4677
4394 4771
4394 6837
4394 12560
4411 9478
4411 10890
4413 3663
4426 8450
4426 9535
4426 12560
4431 3463
4431 3493
4434 5287
4434 5293
4434 8052
4434 10980
4434 11432
4435 10888
4442 9625
4442 10647
4442 10887
4442 10891
4442 11364
4442 12171
4442 12572
4444 1942
4453 13206
4455 12508
4460 1207
4461 1207
4461 1234
4461 1246
4461 1277
4461 4239
4461 4691
4462 5285
4462 5351
4462 10304
4462 10609
4462 12569
4464 3765
4464 5282
4464 8465
4464 10371
4464 10634
4464 10635
4464 12571
4466 12507
4466 12569
4466 12572
4467 7535
4467 10604
4467 10606
4467 10894
4467 10980
4467 11016
4467 12571
4468 3753
4468 4763
4468 5285
4468 5382
4468 7360
4468 10368
4468 10376
4468 10609
4468 10634
4468 10862
4468 10889
4468 10895
4468 11431
4468 12171
4468 12569
4468 12572
4469 10889
4469 11431
4469 12569
4470 8465
4470 11364
4470 12507
4475 3488
4475 4324
4475 5267
4475 7982
4475 12573
4475 13425
4476 3488
4476 3489
4476 4903
4476 7982
4476 7983
4476 12080
4476 12573
4476 13425
4478 6537
4485 10607
4485 10634
4485 11190
4486 8688
4487 10888
4487 11364
4489 1246
4489 1277
4489 4237
4489 4238
4489 4250
4489 6495
4489 6497
4519 3812
4519 9535
4525 1330
4525 1353
4525 4763
4525 5382
4525 10634
4525 10647
4525 12572
4527 1942
4527 9535
4527 12560
4532 1047
4532 4677
4532 4771
4532 4917
4532 4918
4532 4967
4532 5268
4532 5269
4532 5284
4532 6197
4532 6201
4532 6203
4532 6837
4532 12018
4532 12560
4532 12579
4532 12580
4532 12597
4533 1047
4533 4677
4533 4771
4533 4917
4533 4918
4533 4967
4533 5268
4533 5269
4533 5281
4533 5284
4533 6197
4533 6201
4533 6203
4533 6837
4533 12018
4533 12579
4533 12580
4533 12597
4536 4763
4536 5382
4536 8134
4536 10376
4536 10607
4536 10634
4536 10647
4536 10862
4536 10887
4536 10889
4536 10895
4536 11431
4536 11434
4536 12507
4536 12569
4536 12572
4539 11684
4539 12404
4541 6503
4541 10599
4541 10603
4541 12572
4542 12571
4543 9478
4543 10890
4543 10894
4543 12571
4545 10599
4545 10603
4545 10607
4545 10647
4545 10887
4545 10889
4545 10895
4545 11431
4545 12507
4545 12508
4545 12572
4548 5351
4548 8465
4548 8696
4548 9625
4548 10304
4548 10609
4548 10634
4548 11431
4548 12171
4548 12569
4549 4763
4549 5382
4549 8134
4549 8481
4549 8696
4549 10304
4549 10609
4549 10634
4549 12170
4549 12569
4550 1047
4550 4771
4550 4967
4550 6837
4550 8129
4550 12560
4550 12580
4550 12597
4551 10634
4551 11364
4554 1207
4554 1234
4554 1246
4554 1275
4554 1302
4554 4232
4554 4235
4554 4238
4554 4239
4554 4241
4554 4242
4554 4243
4554 4247
4554 5120
4554 6592
4554 6593
4554 11203
4559 1301
4559 4324
4559 6418
4562 4918
4562 4921
4562 4967
4562 5269
4562 5281
4562 5284
4562 6203
4562 8699
4562 11819
4562 12018
4562 12574
4562 12580
4565 1962
4565 9478
4565 10634
4565 10635
4565 10890
4565 10960
4565 11016
4565 11432
4565 12571
4566 1942
4566 6837
4566 10959
4566 12018
4566 12055
4566 12560
4568 5952
4568 10887
4568 10891
4568 11364
4568 11434
4568 12572
4570 12033
4571 11364
4572 11364
4572 12033
4573 1942
4573 5271
4573 7322
4573 7571
4573 7604
4573 7982
4573 7983
4573 8485
4573 11203
4573 12573
4574 5067
4575 10891
4575 11364
4575 11434
4576 10891
4576 11364
4578 11364
4579 8695
4580 8688
4580 10377
4580 10602
4582 7101
4584 1276
4584 1389
4584 1395
4584 3659
4584 10379
4585 10371
4585 10634
4585 10635
4585 12571
4593 10664
4596 4917
4596 4931
4596 13206
4596 13965
4598 10606
4605 1234
4605 12508
4610 10634
4610 10647
4610 12572
4613 5293
4613 8052
4613 8465
4613 8688
4613 8694
4615 10887
4616 7604
4616 7983
4616 11203
4616 12573
4616 13425
4620 8688
4624 3748
4624 3752
4624 5213
4624 5282
4624 5287
4624 7510
4624 8052
4624 9559
4624 10367
4624 10605
4624 11974
4627 11364
4633 8129
4633 8229
4633 9535
4633 12042
4633 12508
4641 4763
4641 5382
4641 12572
4643 5282
4643 5287
4643 8767
4643 10371
4645 4345
4649 3573
4653 4594
4653 5351
4653 6503
4653 10599
4653 10647
4653 10862
4653 10889
4653 10891
4653 10895
4653 11032
4653 11364
4653 11431
4653 11434
4653 12507
4653 12569
4655 4324
4655 5101
4656 4677
4656 4918
4656 5268
4656 5269
4656 5281
4656 5311
4656 6201
4656 6203
4656 7322
4656 12579
4662 4305
4662 4891
4662 5275
4662 12595
4663 8052
4663 10890
4663 10894
4663 12571
4664 10634
4664 12571
4665 8694
4665 10659
4665 10666
4665 10674
4665 10675
4665 11708
4667 6535
4667 6537
4668 6536
4678 5282
4678 10890
4682 6837
4682 8229
4682 9535
4682 11362
4684 4947
4684 7456
4685 1354
4685 4242
4688 10980
4689 8767
4689 10674
4694 7345
4694 8134
4700 5285
4700 5351
4700 6503
4700 8449
4700 11364
4700 12507
4713 1041
4713 12566
4714 1234
4714 1270
4714 11203
4721 10666
4722 10888
4723 3765
4723 5282
4723 5287
4723 5293
4723 6837
4723 8688
4723 10367
4723 10377
4723 10602
4723 10605
4723 10635
4723 10890
4723 10894
4723 10980
4723 11364
4723 11974
4724 1270
4727 10634
4727 10890
4727 11364
4732 11364
4735 11364
4737 10129
4739 4392
4739 4679
4740 7535
4740 8449
4752 5285
4752 10634
4755 8694
4756 11364
4759 7510
4759 7535
4759 8465
4759 10634
4759 10635
4761 11362
4766 11819
4766 12018
4766 12560
4770 4305
4770 5275
4770 12595
4783 1234
4783 3488
4786 1047
4786 3663
4786 4677
4786 4967
4786 5284
4786 6201
4786 6837
4786 7322
4786 8129
4786 12018
4786 12560
4786 12579
4786 12597
4800 4392
4801 8449
4801 9559
4810 11364
4815 1942
4815 6837
4815 12018
4815 12560
4816 7322
4816 12579
4816 12597
4822 12031
4825 11357
4831 4931
4831 13965
4833 6837
4833 7360
4833 8450
4833 9535
4833 12018
4833 12560
4843 12580
4848 10891
4848 11364
4851 13206
4852 3748
4852 3752
4852 3765
4852 5213
4852 5287
4852 5293
4852 7510
4852 9478
4852 10367
4852 10371
4852 10634
4852 10635
4852 10894
4852 11016
4852 12571
4853 3488
4853 5282
4853 5293
4853 7983
4853 9478
4853 10377
4853 10634
4853 12571
4856 12572
4861 6837
4861 12031
4861 12560
4871 1207
4871 1234
4871 3605
4871 3682
4871 4316
4871 6610
4872 5959
4876 3489
4876 3491
4876 3493
4876 5101
4876 13425
4892 3396
4892 3398
4896 1234
4896 3491
4896 4691
4896 6418
4906 10599
4906 11436
4909 1207
4909 1234
4909 1270
4909 1296
4909 1297
4909 1299
4909 1301
4909 3396
4909 3398
4909 3488
4909 4235
4909 4244
4909 4251
4909 4324
4909 5227
4909 5267
4909 6495
4909 6497
4909 6605
4909 7983
4909 8677
4909 11203
4912 12560
4913 3765
4913 5213
4913 12571
4914 5285
4914 8695
4923 8229
4923 8450
4923 9535
4927 8229
4927 9535
4932 8450
4932 9535
4935 10980
4938 1207
4938 1234
4938 1247
4938 1299
4938 4232
4938 4237
4938 4239
4938 4241
4938 4242
4938 4243
4938 4249
4938 5067
4938 5120
4938 5227
4938 6495
4938 6605
4939 3488
4939 3491
4939 4691
4939 5067
4939 5227
4939 5267
4939 6605
4939 11203
4939 12573
4943 1047
4943 4771
4943 6837
4943 12579
4943 12597
4943 12920
4944 1047
4944 4771
4944 4918
4944 4967
4944 5269
4944 6203
4944 6837
4944 7322
4944 12580
4944 12597
4958 10604
4958 11436
4964 1962
4964 1996
4968 11364
4974 4808
4976 4888
4979 12031
4979 12506
4986 4677
4986 5382
4986 6201
4986 8129
4986 8229
4986 12579
4992 10887
4992 11364
4993 10599
4993 10889
4993 10895
4993 12507
4993 12572
5006 10634
5006 11032
5017 3604
5017 3605
5017 5134
5017 12118
5017 12559
5017 12567
5017 12574
5021 12576
5023 3489
5023 3490
5023 3491
5023 3493
5023 4324
5023 4903
5023 5271
5023 7982
5023 8485
5023 12573
5023 13425
5029 3765
5029 5282
5029 5287
5029 10634
5029 10635
5029 10894
5029 12571
5031 1207
5031 1270
5031 1297
5031 5227
5031 6495
5031 11203
5035 10604
5035 11016
5035 11436
5037 3760
5037 5268
5037 5382
5037 6503
5037 8696
5037 12120
5037 12579
5045 4733
5045 11436
5046 10602
5046 10894
5046 10980
5046 11364
5058 10606
5058 10888
5058 12571
5059 3490
5059 7982
5059 12573
5059 13425
5060 5287
5060 10129
5060 10541
5060 10606
5060 10888
5060 10894
5060 11364
5060 11435
5062 3489
5062 4903
5062 7982
5062 7983
5062 8485
5062 10545
5062 13425
5074 5293
5084 5952
5084 8129
5084 8134
5084 8449
5084 9535
5085 5287
5085 12571
5086 4363
5086 5287
5086 10129
5086 10541
5086 10606
5086 10960
5086 12571
5088 10606
5088 10635
5088 10890
5088 11432
5088 12571
5089 10634
5089 12571
5090 5293
5090 10635
5090 12571
5091 10634
5091 12571
5092 12571
5093 5287
5093 5293
5093 10980
5093 12571
5094 7535
5094 10888
5094 10890
5094 10980
5094 12571
5096 10894
5098 8688
5098 12508
5103 4594
5103 10862
5103 12171
5105 10604
5105 10888
5105 10894
5105 10980
5105 12033
5106 9926
5106 12031
5107 6535
5107 6537
5110 4763
5110 5285
5110 10634
5110 10891
5110 10895
5110 11364
5111 8465
5111 8767
5112 5287
5112 12033
5112 12571
5119 7345
5122 5154
5122 12508
5125 3488
5125 5267
5125 7983
5125 11203
5125 12573
5140 1207
5140 1234
5140 1272
5140 1277
5140 1298
5140 3489
5141 10606
5141 10890
5141 10894
5141 10980
5141 12033
5150 4305
5150 12595
5155 6535
5155 6537
5160 5285
5160 5382
5160 8694
5160 10368
5160 10376
5160 10377
5160 10609
5160 10634
5160 12171
5160 12569
5160 12572
5167 9678
5167 12031
5171 1246
5171 1247
5171 1270
5171 1296
5171 1299
5171 3488
5171 4235
5171 5267
5171 6495
5171 6497
5171 6605
5171 12573
5176 6837
5176 9535
5178 1234
5178 1275
5178 4235
5178 4247
5178 6592
5178 6593
5180 5274
5180 12576
5184 3775
5184 12562
5184 12595
5185 10634
5186 12560
5187 1047
5187 4903
5187 4967
5187 6837
5187 7322
5187 12560
5187 12579
5187 12580
5187 12597
5192 4305
5192 5275
5192 12595
5194 8688
5194 10634
5198 1234
5198 6495
5198 6497
5203 7982
5203 12573
5203 13425
5210 11364
5216 7982
5216 13425
5220 10634
5220 11364
5221 5154
5221 12042
5225 3765
5225 8052
5225 9478
5225 10129
5225 10371
5225 10634
5225 10635
5228 1296
5228 1299
5228 1301
5229 10659
5229 10674
5231 11362
5231 12561
5239 3765
5239 10602
5239 12033
5239 12571
5241 7535
5241 12571
5251 1234
5251 1302
5251 6592
5251 11203
5254 6535
5254 6537
5255 8694
5261 10890
5261 12571
5263 5285
5263 5351
5263 8465
5263 8688
5263 8690
5263 10304
5263 10368
5263 10370
5263 10609
5263 10634
5272 10799
5278 12562
5288 4763
5288 5382
5288 6503
5288 10634
5288 10647
5288 10895
5288 11364
5288 12507
5288 12572
5295 3488
5295 3660
5295 3662
5295 11203
5298 1234
5298 1275
5298 1302
5298 3379
5298 11203
5300 12033
5303 4925
5305 7535
5306 6535
5307 6535
5314 9535
5315 11294
5315 12042
5318 4345
5318 7101
5318 7604
5318 12042
5319 5282
5319 5287
5319 10606
5319 10634
5319 10894
5319 11432
5322 9478
5322 10634
5322 10980
5322 11432
5322 12033
5323 5287
5323 7510
5323 8688
5323 12571
5324 3415
5324 10129
5324 10602
5324 11436
5328 3087
5328 6846
5332 7535
5334 3087
5334 3571
5334 3572
5334 3573
5334 3589
5334 3592
5334 3594
5334 5842
5334 6827
5345 5213
5345 5282
5345 7510
5345 7535
5345 10367
5345 10605
5345 10980
5345 11432
5345 11974
5355 10888
5355 11364
5355 11435
5355 11436
5357 3588
5357 3589
5357 3592
5357 3594
5357 5842
5357 6846
5357 7061
5357 8060
5357 12586
5360 12508
5376 7510
5376 10634
5380 5281
5380 5284
5387 10889
5387 11032
5390 6837
5390 7360
5390 12018
5390 12560
5394 5959
5394 10602
5394 11362
5396 1207
5396 1234
5396 1246
5396 1272
5396 4232
5396 4236
5396 4239
5396 4240
5396 4241
5396 4243
5396 4250
5396 5120
5396 5267
5396 6497
5396 7983
5396 10379
5396 11203
5396 12573
5401 7360
5403 4903
5403 13425
5416 10888
5416 11364
5416 11435
5417 10604
5417 10890
5417 10894
5417 10980
5417 12571
5418 3488
5418 3489
5418 4903
5418 7982
5418 7983
5418 8485
5418 11203
5418 12573
5420 3488
5420 7983
5420 8485
5420 10379
5420 11203
5420 12573
5425 10634
5425 12179
5426 1207
5426 1234
5426 8485
5426 11203
5438 5287
5438 10602
5442 1207
5442 1330
5442 5501
5442 6495
5442 11203
5443 9478
5443 10606
5443 10888
5443 11364
5443 11435
5445 10634
5445 11016
5448 10888
5448 11364
5449 10891
5449 10895
5449 11364
5450 11364
5453 11436
5454 8449
5455 8688
5456 5270
5457 5270
5457 8450
5458 6837
5458 7360
5458 8229
5458 8450
5458 9535
5458 12018
5458 12560
5459 10887
5459 10889
5459 10895
5459 11364
5459 11434
5459 12572
5459 12575
5463 5952
5463 8129
5463 8449
5463 8450
5463 9535
5463 9559
5464 8134
5464 10634
5464 12572
5465 10599
5465 10862
5465 10889
5465 10891
5465 10895
5465 11364
5465 11431
5465 11436
5465 11437
5466 5282
5466 9478
5466 10634
5466 11016
5473 1047
5473 12560
5473 12597
5475 12560
5476 4677
5476 6201
5476 12042
5477 4677
5477 6201
5477 12042
5478 8229
5479 8688
5483 10377
5483 10634
5486 5285
5486 6503
5486 10603
5486 10634
5486 10887
5486 10889
5486 10891
5486 10895
5486 11431
5486 11436
5486 12507
5486 12572
5488 11364
5489 10603
5489 11364
5489 11436
5489 11437
5490 8688
5490 8695
5490 10634
5499 3660
5509 5282
5509 5293
5509 7510
5509 10367
5509 10605
5509 10634
5509 11974
5517 9535
5519 10862
5519 10889
5519 10891
5519 11032
5519 12507
5522 11364
5525 3402
5525 3458
5525 3463
5526 10894
5526 11016
5526 12571
5528 4799
5528 11364
5529 5293
5529 10129
5535 8134
5535 8449
5549 5287
5549 8688
5549 10371
5549 10635
5549 12571
5555 8450
5555 9535
5558 8450
5563 3490
5563 3493
5563 4392
5563 4679
5564 10606
5564 11436
5571 8129
5571 8229
5571 8450
5571 9535
5572 8465
5572 8688
5572 10634
5573 5952
5573 8134
5573 8449
5574 10602
5574 11436
5577 10890
5577 11432
5579 10894
5583 8052
5584 8134
5584 8694
5585 11364
5585 12033
5586 10634
5586 10647
5587 10634
5588 8688
5588 10602
5589 9535
5589 10799
5591 10895
5593 3571
5593 3573
5593 3588
5593 3589
5593 3594
5593 6846
5593 7851
5594 10888
5604 10129
5604 10604
5604 11432
5604 11436
5605 10603
5605 11436
5605 11437
5607 11364
5609 12572
5614 5232
5614 6436
5614 6837
5614 9480
5614 12579
5614 12580
5614 12597
5615 1234
5615 1277
5615 1299
5615 6497
5619 5293
5619 11016
5620 5213
5620 5282
5620 11364
5620 12033
5621 4244
5621 4250
5621 8134
5624 5287
5624 5293
5624 10371
5624 10377
5624 10634
5624 10635
5624 10894
5624 11432
5624 12571
5626 10666
5626 10675
5629 1047
5629 8129
5629 8229
5629 8450
5629 9535
5629 12580
5629 12597
5639 10604
5639 10606
5640 10887
5640 10891
5640 11434
5640 12507
5641 11364
5641 11435
5647 4677
5647 6201
5647 12579
5649 11974
5651 8450
5651 9535
5653 10634
5656 8229
5656 9535
5663 5293
5663 10634
5663 11436
5666 3765
5666 9478
5666 10894
5666 12571
5672 12562
5680 7535
5680 8465
5680 10980
5680 11364
5680 11435
5682 10634
5682 10894
5683 11364
5692 11364
5702 8134
5702 11436
5706 11364
5706 11435
5715 3765
5715 5213
5715 5282
5715 5293
5715 8688
5715 8694
5715 10371
5715 10634
5715 10635
5715 11016
5715 12571
5718 12635
5732 5959
5737 10980
5738 5311
5738 6203
5738 8465
5738 10602
5739 8134
5739 8481
5740 8465
5740 8690
5740 8694
5740 8695
5740 12119
5743 1047
5743 7984
5743 11974
5744 10888
5751 1276
5751 1389
5751 1395
5751 3659
5751 5120
5751 7983
5751 12508
5752 5281
5752 5284
5757 5213
5757 5282
5757 8688
5757 9478
5757 10634
5757 11435
5761 3087
5761 3185
5761 3588
5761 3589
5761 3592
5761 3594
5761 5842
5761 6846
5761 12031
5769 5281
5769 5284
5769 7322
5769 8229
5771 10894
5771 10980
5771 11364
5775 11684
5777 3491
5777 3493
5777 7982
5777 7983
5791 4763
5791 12121
5795 10888
5795 11435
5795 12031
5802 6535
5802 6537
5804 11364
5804 12031
5812 4299
5812 8449
5812 8694
5812 9559
5817 8052
5817 8465
5817 8688
5817 10634
5820 4242
5822 4903
5822 7527
5822 7982
5822 10545
5822 12573
5822 13425
5827 3748
5827 3765
5827 5213
5827 5287
5827 10634
5827 11974
5827 12571
5828 4235
5835 10604
5835 11436
5839 10599
5839 10891
5839 10895
5839 12572
5840 10862
5840 10889
5840 10895
5840 11032
5840 12507
5840 12572
5841 10890
5841 12571
5846 3444
5846 3462
5847 11364
5849 11436
5850 10666
5850 10675
5855 10634
5856 6837
5856 12560
5856 12575
5866 12560
5871 12576
5873 1047
5873 4301
5873 4303
5873 4771
5873 4917
5873 5269
5873 6203
5873 6837
5873 7322
5873 8129
5873 12018
5873 12560
5873 12597
5873 13206
5880 5285
5880 10891
5880 11364
5890 10370
5890 10609
5890 10895
5891 10634
5891 11364
5894 5293
5894 11364
5895 11364
5896 5952
5913 12571
5915 10890
5920 1207
5920 1234
5920 1270
5920 1299
5920 3489
5920 4232
5920 4235
5920 4241
5920 4242
5920 4324
5920 6497
5920 8485
5921 12571
5922 1047
5922 6837
5922 12597
5932 4763
5932 5351
5932 9625
5932 10304
5932 10609
5932 10634
5932 10647
5932 10895
5932 12171
5932 12507
5932 12569
5932 12572
5933 1207
5933 1234
5933 4691
5942 1299
5943 10603
5943 11436
5943 11437
5944 5293
5944 12575
5945 3603
5945 3604
5945 3605
5945 3682
5945 5207
5945 6360
5948 11434
5949 12031
5949 12506
5958 12031
5961 1207
5961 1234
5961 4335
5961 4363
5961 5067
5961 6497
5962 11684
5962 12579
5965 3659
5965 3660
5965 7982
5967 10634
5971 4808
5973 4808
5974 4808
5975 4808
5978 10607
5978 10889
5978 12575
5982 4917
5982 13206
5983 10895
5983 11431
5984 11362
5985 11362
5986 12562
5989 6436
5989 12576
5992 4345
5997 5959
5999 5274
5999 12576
6001 11436
6010 6436
6010 8485
6012 1047
6012 6837
6012 8129
6012 8229
6012 12579
6012 12597
6014 1207
6014 1234
6014 1270
6014 1328
6014 1353
6023 6537
6026 10801
6028 1277
6028 1299
6028 4237
6028 4238
6028 4241
6028 4249
6028 5120
6028 5227
6028 6605
6031 4300
6031 5351
6031 10887
6031 10889
6031 11364
6031 11434
6031 12171
6032 10604
6032 12508
6033 5281
6033 5284
6033 6201
6033 12579
6034 3413
6035 10801
6044 4763
6045 3570
6046 11974
6048 6535
6048 6537
6050 1296
6050 4235
6050 5067
6052 4250
6053 6197
6054 1270
6054 1277
6054 1296
6054 1297
6055 1234
6055 3379
6056 1207
6056 1246
6056 1272
6056 1330
6056 4236
6056 4238
6056 4241
6056 4244
6056 4247
6056 11203
6057 7344
6057 7345
6057 12745
6058 3765
6058 5213
6058 5282
6058 7510
6058 8465
6058 10367
6058 10634
6058 10894
6058 11974
6060 6535
6060 6537
6061 1207
6061 1272
6061 1277
6061 4594
6061 4903
6061 5351
6061 5952
6061 6495
6061 6610
6061 7983
6061 7984
6061 8134
6061 9559
6061 10063
6061 10304
6061 11203
6061 12508
6061 12560
6061 12569
6061 12573
6065 1207
6065 1246
6065 1302
6065 1330
6065 1353
6065 4232
6065 4240
6065 4244
6065 4245
6065 4246
6065 4251
6065 5501
6065 6495
6065 8677
6066 12404
6066 12579
6069 6503
6070 1275
6070 5120
6070 6530
6070 6591
6070 10890
6072 1302
6072 4302
6072 4691
6072 6495
6072 6593
6074 7982
6074 8485
6078 1275
6078 4247
6078 4302
6078 6591
6079 1207
6079 1270
6079 6610
6079 12508
6085 5293
6085 10606
6085 10634
6086 1207
6086 3379
6086 4241
6086 4242
6086 4324
6086 5067
6086 5120
6086 6495
6086 6530
6091 8450
6091 9535
6091 11362
6099 1942
6099 6837
6099 10959
6099 12580
6099 12597
6115 1047
6115 4771
6115 4967
6115 6837
6115 12560
6115 12579
6115 12597
6117 12945
6119 5287
6119 12571
6120 10801
6121 6537
6122 6536
6127 8449
6128 1207
6128 1299
6128 4249
6128 5067
6128 6605
6129 12597
6141 10888
6141 10890
6141 10894
6141 12033
6147 1246
6147 1276
6147 1301
6147 1389
6147 3659
6147 3660
6148 4305
6148 5275
6148 10672
6148 12595
6156 12562
6162 12578
6165 8694
6167 8450
6173 4903
6173 5271
6173 7982
6173 13425
6174 1354
6174 5283
6175 4903
6175 7133
6175 7982
6175 12080
6177 8688
6177 11190
6178 1246
6178 4238
6178 4240
6178 4246
6178 4248
6178 5120
6178 6495
6178 6592
6178 6593
6179 5267
6179 7510
6179 8688
6179 8694
6179 10129
6179 10367
6179 10379
6179 10605
6179 10634
6179 11974
6179 12508
6181 1207
6181 1234
6181 3658
6181 3659
6181 4204
6181 4232
6181 4235
6181 4239
6181 4241
6181 4243
6181 4244
6181 4345
6181 5067
6181 5120
6181 6495
6181 7983
6182 1296
6182 1297
6182 4204
6182 5271
6183 1234
6193 9625
6193 10634
6193 10891
6193 11190
6194 8694
6194 10888
6207 11684
6210 3571
6210 3572
6210 3573
6210 3589
6210 3592
6210 3594
6210 5842
6210 8723
6216 1047
6216 4677
6216 5284
6216 6201
6216 6203
6216 6837
6216 7322
6216 12560
6216 12579
6216 12580
6216 12597
6217 10801
6218 10377
6218 10634
6218 10635
6220 1246
6220 1272
6220 1302
6220 4236
6220 4238
6220 4240
6220 5101
6224 3379
6224 4247
6225 3488
6225 4302
6225 6495
6225 6497
6225 6521
6225 7983
6226 1207
6226 1234
6226 1247
6226 1270
6226 1296
6226 1297
6226 1301
6226 1353
6226 3488
6226 3489
6226 3491
6226 4287
6226 5267
6226 6495
6226 6497
6226 6610
6226 7983
6226 10379
6226 11203
6226 12573
6229 6535
6229 6537
6229 10634
6230 1234
6230 3379
6230 6592
6231 11684
6244 5067
6244 5283
6247 10888
6247 10980
6249 11684
6250 5213
6250 7535
6251 8465
6251 8690
6251 12572
6253 10634
6254 11294
6257 10634
6262 1234
6262 1302
6269 6503
6271 9478
6271 10371
6271 10634
6271 10635
6271 10888
6271 10890
6271 12571
6276 8052
6276 8694
6276 11190
6278 10891
6278 11364
6285 5952
6285 8449
6285 8688
6285 8767
6285 8775
6285 10304
6285 10889
6285 11431
6286 12018
6290 5154
6290 8450
6290 9535
6291 6610
6291 7604
6291 10129
6291 12508
6292 5267
6292 8485
6292 10379
6294 9559
6296 11436
6301 8688
6302 8688
6302 11364
6316 4345
6324 7983
6324 10129
6324 10894
6324 12573
6327 10603
6329 10634
6335 11436
6339 4763
6339 5351
6339 10634
6339 10889
6339 12572
6345 6535
6345 6537
6347 5293
6347 6537
6347 10634
6349 982
6349 4931
6349 13965
6354 3748
6354 5213
6354 8465
6354 10367
6354 10605
6354 11190
6354 11974
6356 3765
6364 1942
6364 1962
6364 1993
6364 1996
6365 3663
6365 4918
6365 5269
6365 5304
6365 6203
6365 7322
6365 12031
6365 12506
6365 12580
6369 10891
6369 11364
6370 1942
6370 9535
6371 4890
6372 4305
6372 5275
6372 12595
6373 5213
6373 5282
6373 5287
6373 7510
6373 10367
6373 10605
6373 10634
6373 11974
6390 4763
6390 5285
6390 6503
6390 10304
6390 10368
6390 10376
6390 10609
6390 10634
6390 10647
6390 12569
6390 12572
6396 11294
6396 12561
6397 1234
6397 3659
6402 8465
6402 8688
6402 8695
6402 12844
6404 3489
6404 4903
6404 7982
6404 7983
6404 12573
6405 3489
6405 4903
6405 7983
6405 12573
6408 12033
6411 11974
6413 12560
6414 5287
6414 8449
6414 10371
6414 10635
6414 12571
6415 11357
6425 1047
6425 4771
6425 4967
6425 6197
6425 8229
6425 9480
6425 12172
6425 12597
6426 10634
6431 11436
6435 4917
6435 13206
6454 10895
6454 11032
6462 11684
6464 5293
6465 10541
6468 9478
6468 10888
6468 10890
6468 10894
6468 10980
6468 12033
6471 7535
6474 9478
6474 10634
6476 1270
6476 1277
6476 1302
6476 1328
6476 1353
6476 3488
6476 4235
6476 4246
6476 5120
6476 5501
6476 6495
6477 8465
6477 8767
6477 11436
6478 10603
6478 10889
6478 10891
6478 11436
6478 12404
6479 10604
6479 10606
6479 11436
6480 5959
6480 8695
6480 10599
6480 10603
6480 11190
6480 11362
6480 11437
6485 10634
6489 4917
6489 13206
6492 10634
6492 10888
6492 11364
6501 1041
6506 4305
6506 4917
6508 7322
6508 12579
6514 11362
6516 4205
6517 6837
6517 7360
6517 12018
6517 12560
6519 8450
6533 4412
6533 4925
6533 12570
6541 11364
6547 3488
6547 5285
6547 10599
6549 5274
6549 12576
6551 11364
6551 12033
6555 6503
6555 10603
6555 10607
6555 10862
6555 10891
6555 11364
6555 12507
6556 1942
6556 5270
6556 8450
6556 9535
6557 3087
6557 3573
6557 3588
6557 3592
6557 3594
6557 6846
6558 4903
6567 12560
6572 1047
6572 4967
6572 6436
6572 6837
6572 12560
6572 12567
6572 12580
6572 12597
6583 9478
6583 10894
6583 10980
6584 3379
6584 4245
6584 4251
6584 6591
6584 8767
6586 9478
6586 10634
6595 1270
6595 1297
6595 1302
6595 11203
6596 6537
6599 4248
6607 12572
6608 1047
6608 6837
6608 12560
6609 1942
6609 7322
6609 12560
6609 12579
6609 12580
6624 10980
6624 11016
6624 11364
6624 12033
6625 10887
6625 11364
6627 6837
6627 12560
6628 1942
6628 6837
6628 12560
6629 2586
6629 3087
6629 6846
6629 7061
6630 3760
6630 3765
6630 8465
6630 10371
6630 10634
6630 10890
6630 11432
6630 12571
6631 11294
6638 10634
6639 1207
6639 1234
6639 1247
6639 1299
6639 1301
6639 4249
6639 6605
6641 6535
6642 3588
6652 11364
6653 11436
6659 11362
6659 12031
6661 12031
6661 12506
6662 12562
6663 12562
6666 5959
6666 11362
6667 3773
6667 5959
6667 11362
6668 5959
6668 11362
6668 12506
6675 10801
6681 11436
6681 12507
6684 11364
6687 6536
6690 11364
6690 11436
6692 5287
6692 5293
6692 10371
6692 10634
6704 3603
6704 3605
6704 3682
6704 5207
6704 6360
6709 7535
6709 8449
6709 10602
6712 3463
6712 4324
6712 5067
6712 6521
6716 3765
6717 4345
6717 5287
6717 10606
6717 10634
6717 10894
6717 10980
6717 11432
6720 5952
6720 8134
6720 8481
6721 10607
6724 1047
6724 6203
6724 7322
6724 11357
6724 11819
6724 12018
6724 12031
6724 12042
6724 12560
6724 12579
6724 12580
6724 12597
6725 11357
6725 11819
6726 11357
6727 10634
6727 11436
6727 12033
6730 8450
6730 9535
6731 12571
6732 4363
6732 10541
6732 11016
6736 3775
6736 4305
6736 12595
6740 12560
6744 1207
6744 1234
6744 1272
6744 4232
6744 4236
6744 4238
6744 4239
6744 4241
6744 4242
6744 4243
6744 4244
6744 4250
6744 6495
6744 6497
6746 12031
6746 12506
6748 10634
6753 1276
6753 1389
6753 3659
6758 11364
6759 4763
6759 10634
6759 10862
6763 3765
6763 4677
6763 5213
6763 7510
6763 8694
6763 9478
6763 10367
6763 10605
6763 10606
6763 10634
6763 10635
6763 10890
6763 10894
6763 11974
6763 12571
6766 10634
6776 10603
6776 11436
6785 4763
6785 10862
6785 10891
6785 10895
6785 12507
6790 6535
6790 6537
6794 5351
6794 6503
6794 10423
6794 10862
6794 10889
6794 10891
6800 5285
6800 10368
6800 10599
6800 10609
6800 11437
6800 12569
6803 12573
6808 10862
6808 10891
6808 11364
6808 11434
6809 8688
6809 8690
6809 10634
6813 11436
6815 4967
6815 5281
6815 5284
6817 1234
6817 1302
6817 1328
6817 1353
6817 4335
6817 5101
6822 10634
6824 11364
6829 2271
6829 11256
6829 12404
6831 3594
6831 7427
6838 6536
6841 1962
6841 4918
6841 5281
6841 12575
6841 12580
6843 10891
6843 11364
6847 6535
6849 7510
6849 7984
6849 9478
6849 11432
6849 11974
6849 12571
6850 11516
6850 11684
6850 12404
6850 12580
6851 8449
6851 10634
6855 6495
6857 1234
6857 1302
6857 3488
6858 1962
6858 6837
6861 1207
6861 1234
6861 3605
6861 4691
6861 6497
6861 11203
6862 9926
6862 12031
6867 3414
6867 3663
6867 4363
6867 7604
6870 10609
6875 12404
6876 4763
6876 10895
6876 12572
6878 3570
6878 4918
6878 6203
6878 7510
6878 10606
6878 12580
6879 6827
6879 8723
6881 4771
6881 4918
6881 5232
6881 5256
6881 12567
6881 12580
6881 12597
6894 1452
6894 3592
6894 3594
6894 6846
6897 4763
6897 8695
6897 8767
6897 10368
6897 12171
6901 5351
6901 5952
6901 10304
6917 10980
6918 3765
6918 9559
6919 7535
6919 9478
6919 10888
6919 10890
6919 10894
6927 12560
6927 12597
6928 4345
6928 13551
6929 1047
6929 11898
6929 12560
6929 12597
6931 8688
6931 10634
6934 10674
6934 10675
6937 5268
6937 6201
6937 7322
6937 12404
6937 12579
6939 3087
6939 5118
6939 6827
6939 8060
6939 12945
6940 7535
6940 10634
6943 10634
6950 11974
6951 9478
6951 10890
6951 10894
6954 1047
6954 4771
6954 4967
6954 5284
6954 6837
6954 12597
6956 11364
6957 8465
6957 8694
6957 8695
6957 10129
6957 10890
6957 12119
6959 10604
6959 12571
6962 5067
6962 7360
6962 12031
6970 7984
6970 11974
6970 12560
6972 4918
6972 5232
6972 5281
6972 5284
6972 6203
6972 7322
6972 12404
6972 12580
6973 5282
6973 10634
6973 10888
6973 11364
6973 11435
6973 11436
6974 4763
6974 5351
6974 5382
6974 6503
6974 8690
6974 10304
6974 10368
6974 10376
6974 10609
6974 10634
6974 10647
6974 12569
6974 12572
6982 8450
6982 9535
6997 4236
6997 4238
6997 4239
6997 4240
6997 4241
6997 4243
6997 4247
6997 4248
6997 4250
6997 4300
6997 4302
6997 5952
6997 6360
6997 6503
6997 8134
6997 8449
6997 8465
6997 8767
6998 11684
7001 11364
7002 10599
7002 11436
7009 12042
7011 1246
7011 1330
7011 1353
7011 4246
7011 5501
7011 6530
7012 1272
7016 10634
7016 11364
7016 12033
7018 11364
7019 11364
7020 11364
7021 11364
7022 10634
7022 11364
7022 12033
7024 10602
7026 6535
7026 6537
7027 6537
7028 6535
7028 6537
7028 7510
7029 7984
7029 11974
7031 11364
7033 4303
7033 12031
7034 8052
7034 8694
7034 10666
7034 11708
7039 5285
7039 8134
7039 12170
7042 5282
7045 11516
7047 5293
7047 10890
7047 10894
7049 1047
7049 6837
7049 8229
7052 6536
7055 6537
7060 4799
7060 4808
7063 1207
7063 1272
7063 3491
7063 4324
7063 4353
7063 6497
7063 6610
7076 9535
7083 12042
7083 12508
7084 5285
7084 10862
7084 10889
7084 11032
7084 11364
7084 11431
7085 4303
7085 5304
7085 12031
7087 1277
7087 4232
7087 4238
7087 4239
7087 4240
7087 4241
7087 4242
7087 4243
7087 4244
7087 6497
7089 5213
7089 7535
7089 8449
7089 9559
7089 10371
7089 10890
7089 10894
7089 11432
7089 11974
7089 12571
7092 3760
7092 5285
7092 5952
7092 8134
7092 8775
7092 10304
7092 10368
7092 10377
7092 10609
7092 12507
7092 12569
7092 12572
7094 5227
7097 1207
7097 1234
7097 1272
7097 4232
7097 4236
7097 4238
7097 4239
7097 4240
7097 4241
7097 4242
7097 4243
7097 4244
7097 4248
7097 5120
7097 6495
7097 6497
7097 8019
7097 10379
7097 11203
7099 4299
7099 7535
7099 8465
7099 8688
7099 8694
7099 9559
7102 4594
7102 8134
7102 10063
7102 10603
7102 10607
7102 11364
7103 7061
7103 12031
7105 1301
7118 6536
7128 6837
7128 8450
7128 12560
7135 1234
7135 1246
7135 1275
7135 3379
7135 4236
7135 4238
7135 4247
7144 5227
7149 11294
7149 12561
7151 2586
7151 3087
7151 3571
7151 3572
7151 3573
7151 3588
7151 3589
7151 3592
7151 3594
7151 5842
7151 6846
7151 7061
7151 8060
7151 8626
7155 9559
7155 10888
7155 11436
7161 5213
7161 5282
7161 5287
7161 7360
7161 7510
7161 8052
7161 9478
7161 10605
7161 10634
7161 10635
7161 10890
7161 11016
7161 11432
7161 12571
7163 10129
7163 10890
7163 10980
7163 11016
7163 11364
7166 10377
7166 10634
7173 3773
7173 5959
7173 7360
7173 9678
7173 11362
7175 1301
7175 8019
7180 6536
7182 5282
7182 8052
7182 10367
7182 10634
7182 10635
7182 10890
7182 11432
7192 1962
7192 4918
7192 5268
7192 5281
7192 6201
7192 6203
7192 7322
7192 8129
7192 9678
7192 12579
7192 12580
7200 11436
7206 1041
7206 3773
7206 5959
7206 10602
7207 5285
7207 8465
7207 8690
7207 10304
7207 10368
7207 10609
7207 11190
7207 12569
7208 3087
7208 3588
7208 12404
7212 4771
7212 5232
7212 6436
7212 6837
7212 9480
7212 12172
7214 6537
7224 4240
7224 4248
7224 4302
7224 8019
7227 3765
7227 10634
7227 12571
7236 12562
7237 3765
7237 5213
7237 7510
7237 8449
7237 10894
7237 11974
7237 12571
7256 1207
7256 1270
7256 3489
7256 7983
7256 8485
7256 11203
7256 12573
7263 11364
7263 12033
7264 11364
7264 12033
7265 10129
7265 12571
7267 8134
7267 10889
7267 12572
7268 4763
7268 5285
7268 5382
7268 10376
7268 10634
7268 10647
7268 10889
7268 12572
7269 10634
7275 1234
7275 1275
7275 3489
7275 4316
7276 4345
7276 10599
7276 10607
7282 6537
7286 1452
7286 6827
7286 7061
7286 12586
7288 11364
7290 6537
7295 10129
7295 10602
7295 10604
7295 11362
7295 11436
7303 1942
7303 1962
7303 1993
7303 1996
7308 4917
7315 5287
7324 1234
7326 8229
7327 10665
7332 8450
7332 9535
7339 7982
7343 8129
7349 5293
7351 10801
7352 8229
7352 8450
7352 9535
7356 8450
7356 9535
7358 3723
7358 3753
7358 4300
7358 5349
7358 5351
7358 8465
7358 8696
7358 8767
7358 10423
7362 1047
7362 6837
7362 12031
7362 12560
7363 10634
7363 12569
7370 8229
7378 4921
7378 12574
7378 12580
7390 5304
7390 12031
7395 12562
7396 5304
7396 12031
7402 8449
7402 9559
7408 4763
7408 10895
7408 12572
7412 10634
7422 12031
7422 12506
7424 9535
7431 5282
7431 10894
7431 11435
7437 6201
7454 10659
7454 10674
7460 5382
7460 9820
7471 4921
7471 5269
7471 11819
7471 12561
7471 12574
7471 12579
7471 12580
7471 12740
7478 1246
7480 4967
7480 5232
7480 5267
7480 12573
7492 12562
7493 5227
7507 11364
7508 982
7508 4931
7508 13965
7509 10606
7509 12575
7512 1041
7512 5287
7512 10371
7513 12574
7526 1047
7526 4771
7526 6436
7526 12597
7531 1207
7531 1234
7531 1275
7531 3605
7531 4302
7537 11364
7540 3489
7540 3490
7540 4903
7540 7527
7540 12080
7540 13425
7546 5293
7546 7535
7546 10634
7546 10890
7546 11432
7551 9678
7551 9926
7554 10634
7554 10890
7554 10894
7554 11432
7555 4345
7555 12508
7556 3087
7556 3571
7556 3572
7556 3573
7556 3588
7556 3592
7556 3594
7556 6846
7557 10599
7557 11436
7557 11437
7564 1234
7564 1275
7564 3379
7564 5267
7564 6592
7581 7360
7581 9678
7581 12031
7582 11364
7583 11016
7583 11364
7588 3379
7588 4238
7588 4247
7588 6591
7588 6593
7588 8677
7589 1207
7593 6521
7597 12740
7600 10890
7600 11974
7611 7984
7611 10599
7611 10603
7611 12508
7622 4903
7622 7982
7623 5959
7623 11362
7628 6503
7628 12507
7629 6837
7629 12560
7632 11436
7636 11362
7636 11436
7641 6837
7641 9535
7641 12018
7641 12560
7651 1246
7651 1301
7651 4232
7651 4237
7651 4239
7651 4242
7651 4243
7651 4249
7651 6592
7651 6605
7652 6537
7653 10801
7654 4345
7654 10607
7654 10634
7654 10889
7654 10895
7654 11431
7654 12507
7654 12572
7655 11190
7656 12576
7658 12171
7660 10891
7660 11364
7660 12506
7661 1354
7661 4237
7661 4247
7661 4249
7661 6605
7663 3087
7663 3185
7663 3588
7663 3589
7663 6827
7663 6846
7663 7061
7663 8060
7663 8723
7665 1962
7665 4677
7665 5268
7665 6201
7665 7322
7665 7571
7665 7604
7665 12579
7666 5351
7666 10304
7666 10862
7666 12569
7668 5270
7669 1354
7669 4242
7669 4243
7669 4244
7669 4249
7669 4251
7669 5227
7669 5283
7669 6605
7670 12569
7671 12575
7678 10801
7682 6436
7682 6837
7682 12560
7682 12578
7682 12579
7685 11357
7685 11819
7698 4299
7698 5293
7698 7510
7698 8694
7702 12031
7705 1047
7705 4677
7705 4771
7705 4967
7705 6201
7705 6436
7705 6837
7705 7322
7705 7984
7705 12018
7705 12031
7705 12506
7705 12560
7705 12579
7705 12597
7711 10634
7711 10894
7711 12575
7716 6203
7716 8688
7716 10602
7716 10634
7716 11362
7716 11436
7719 6837
7719 9535
7719 12560
7722 5282
7722 10634
7723 5293
7723 11364
7723 12575
7730 10604
7730 11436
7733 4363
7733 10541
7733 10602
7733 10604
7733 10980
7733 11364
7736 1047
7736 6837
7736 8229
7741 10606
7741 10634
7741 10890
7746 11436
7746 12033
7751 4921
7751 12561
7753 11436
7757 11364
7759 5267
7759 6593
7761 8229
7761 12580
7763 12595
7764 9535
7765 8449
7765 8465
7765 10634
7772 11364
7773 10634
7778 6201
7778 8129
7778 12579
7779 5293
7779 10371
7779 10634
7780 984
7780 4931
7780 13965
7784 4808
7786 1942
7786 6837
7786 8450
7786 9535
7786 11294
7786 11362
7786 12018
7786 12031
7786 12560
7786 12580
7787 4804
7787 5285
7787 5351
7787 5382
7787 10368
7787 10609
7787 10634
7787 10647
7787 10895
7787 12569
7787 12572
7789 8767
7789 11364
7793 4363
7793 5304
7793 12031
7793 12506
7795 3589
7795 6827
7800 12571
7806 5268
7806 5269
7806 5281
7806 6201
7806 6203
7806 7322
7806 8229
7806 12579
7808 1207
7808 1234
7808 1246
7808 1272
7808 1302
7808 1330
7808 1353
7808 4236
7808 4246
7808 5952
7808 6495
7808 6497
7808 7983
7808 8449
7808 10634
7808 11203
7813 6536
7814 6536
7818 11364
7819 1047
7819 3756
7819 4301
7819 4771
7819 6201
7819 6837
7819 7322
7819 12031
7819 12560
7819 12579
7819 12597
7820 9478
7820 10634
7820 11016
7828 1962
7828 9478
7828 10634
7828 12508
7833 11364
7833 11436
7834 3570
7834 3765
7835 5287
7835 12571
7836 7535
7836 12571
7842 12571
7844 12562
7848 11436
7850 5282
7852 6503
7852 10376
7852 10634
7852 10647
7852 12572
7854 8449
7854 8688
7858 3489
7858 4324
7858 5271
7858 7982
7858 12573
7858 13425
7859 8450
7864 4808
7865 8134
7865 10634
7865 10895
7865 11431
7865 12507
7879 10634
7879 11364
7879 12033
7885 3490
7885 4903
7885 7982
7886 5382
7886 6503
7886 10376
7886 10377
7886 10634
7886 10647
7886 12572
7894 1962
7894 4918
7894 5268
7894 5269
7894 6201
7894 6203
7894 7322
7894 9678
7894 12579
7894 12580
7912 7360
7912 10634
7912 10894
7912 11016
7912 12560
7914 12562
7916 12562
7917 12562
7918 12578
7920 12562
7922 12562
7923 12562
7924 11364
7925 7535
7925 8229
7925 8449
7925 9535
7926 12562
7927 12562
7929 4763
7929 5382
7929 6503
7929 10304
7929 10634
7929 12569
7929 12572
7934 3489
7934 3663
7934 12560
7934 12575
7934 12597
7936 1942
7936 3488
7936 4363
7936 5067
7936 7322
7936 7571
7936 7604
7936 7983
7936 10606
7936 12573
7936 12579
7945 12042
7946 4303
7946 5265
7946 9461
7946 9480
7946 12574
7954 12562
7956 1962
7956 4677
7956 5268
7956 5269
7956 5281
7956 6201
7956 7322
7956 12579
7962 12562
7964 3765
7964 5213
7964 10890
7966 6503
7966 10603
7966 10634
7966 12507
7967 4679
7967 5067
7967 5101
7972 6837
7972 12018
7972 12560
7973 6745
7973 8301
7973 9480
7977 5270
7977 12578
7979 10658
7979 10674
7979 11708
7985 1942
7997 5213
7997 5287
7997 5293
7997 7984
7997 8688
7997 10367
7997 10371
7997 10605
7997 10634
7997 10635
7997 11016
7997 11974
8006 5283
8013 4204
8014 12562
8015 11436
8022 3757
8022 5282
8022 8767
8024 6846
8024 12031
8025 5270
8030 5293
8030 7510
8030 8690
8030 10367
8030 10605
8030 10634
8030 11974
8032 12562
8035 12562
8037 10634
8038 12562
8041 3812
8042 12562
8043 5351
8043 5952
8043 10304
8043 10603
8043 10889
8043 12569
8051 3488
8051 6495
8057 12562
8063 6837
8063 8450
8063 9535
8063 12018
8063 12560
8066 10634
8068 11436
8069 6837
8069 12580
8070 8688
8070 8694
8071 1246
8071 3656
8071 3659
8071 4238
8071 7983
8072 12562
8079 12562
8083 5293
8083 9478
8083 10894
8083 11016
8083 11432
8088 5285
8088 8465
8088 11364
8088 11434
8090 11364
8091 8688
8093 12031
8096 11016
8096 11364
8103 11016
8103 11364
8107 9535
8110 3765
8110 10634
8110 11364
8110 12844
8115 12576
8120 4918
8120 4921
8120 5269
8120 6837
8120 11819
8120 12574
8120 12579
8120 12580
8122 4903
8122 7982
8123 1234
8123 4324
8123 7527
8123 12573
8126 6535
8128 10801
8130 12562
8131 12562
8133 12562
8135 12562
8137 12562
8143 11364
8144 11436
8147 6837
8147 12597
8150 4931
8150 13965
8152 5282
8152 5293
8152 7510
8152 7535
8152 8465
8152 8694
8152 8695
8152 10367
8152 10371
8152 10605
8152 10634
8152 10890
8152 11190
8152 11432
8152 11974
8153 7101
8153 12042
8155 9926
8155 12031
8157 10604
8157 11436
8158 5274
8158 12576
8162 12560
8162 12597
8177 4903
8179 1047
8179 4677
8179 4967
8179 5281
8179 5284
8179 6201
8179 12579
8179 12597
8181 4763
8181 9820
8181 10634
8181 10862
8181 10895
8183 10634
8183 10980
8186 1276
8186 1395
8186 3659
8186 5067
8186 7983
8186 10379
8187 12031
8188 1207
8188 1277
8188 1301
8188 3604
8188 4324
8188 6495
8188 6605
8190 1196
8190 2586
8190 3087
8190 3588
8190 6846
8190 8723
8197 10634
8198 7571
8203 3765
8203 6537
8205 1353
8207 5285
8207 7983
8207 8134
8207 8465
8207 8688
8207 8775
8207 9625
8207 10304
8207 10368
8207 10609
8207 10634
8207 10647
8207 10889
8207 11431
8207 12120
8207 12569
8208 10129
8208 10541
8213 12567
8213 12576
8215 1047
8215 4771
8215 4967
8215 7322
8215 12579
8215 12580
8215 12597
8216 7101
8218 11364
8219 11364
8224 13965
8254 10604
8254 10634
8254 10888
8254 11364
8254 11435
8254 12031
8262 7456
8267 6535
8284 4763
8284 8134
8284 10599
8284 10603
8284 10607
8284 12507
8284 12572
8290 4804
8290 5952
8290 8465
8290 11364
8292 11364
8292 11436
8292 12033
8293 5304
8293 9678
8293 9926
8302 6837
8302 12597
8312 10634
8312 12572
8313 1942
8313 1993
8313 6837
8313 12560
8314 12560
8319 3773
8319 10606
8319 11362
8334 4918
8334 4921
8334 5269
8334 12561
8334 12574
8334 12580
8338 1942
8338 1962
8338 7322
8338 7571
8338 7604
8338 9678
8338 12579
8338 12580
8339 3087
8339 3185
8339 3571
8339 3573
8339 3588
8339 3589
8339 3828
8339 5118
8339 5842
8339 6827
8339 12945
8352 5311
8356 4302
8361 1047
8361 4677
8361 4771
8361 4967
8361 5281
8361 5284
8361 6201
8361 6203
8361 7322
8361 8129
8361 8229
8361 12560
8361 12579
8361 12580
8361 12597
8362 4345
8362 7535
8362 11974
8362 12560
8362 12580
8362 12597
8367 12562
8372 3765
8372 7510
8372 10634
8374 11436
8377 11032
8377 11364
8382 11436
8383 11436
8384 11364
8384 11436
8386 4303
8386 4677
8386 4771
8386 4918
8386 5268
8386 5269
8386 6201
8386 6203
8386 7322
8386 12018
8386 12031
8386 12560
8386 12579
8386 12580
8386 12597
8400 4677
8400 5268
8400 5281
8400 6201
8400 6837
8400 7322
8400 8129
8400 12018
8400 12560
8400 12579
8401 3773
8401 9926
8401 12031
8401 12506
8404 984
8404 12561
8405 10129
8405 10634
8406 4918
8406 5304
8406 6203
8406 7322
8406 9678
8406 12031
8406 12580
8410 8465
8410 10367
8410 10605
8410 10634
8412 10888
8412 11364
8413 11364
8417 3489
8417 3660
8417 4324
8417 4903
8417 7982
8417 7983
8417 12573
8418 1234
8418 1246
8418 1275
8418 3379
8418 4232
8418 4235
8418 4238
8418 4241
8418 4244
8418 4247
8418 6591
8418 6592
8418 6593
8420 6837
8420 8450
8420 9535
8420 12560
8422 1207
8422 1234
8422 4691
8422 6593
8422 11203
8423 5067
8423 5282
8433 8450
8433 9535
8434 8485
8435 11364
8443 6537
8455 10887
8455 10895
8455 11032
8455 11364
8455 11434
8460 10634
8460 11190
8460 11436
8468 3604
8468 3605
8468 4316
8468 4392
8468 6417
8472 1942
8472 4363
8472 7604
8472 12573
8473 12560
8473 12580
8473 12635
8477 7101
8487 3488
8487 5267
8487 10801
8487 12573
8495 984
8495 1942
8495 1962
8495 1993
8495 8450
8495 9535
8495 12560
8495 12561
8495 12575
8495 12578
8495 13965
8498 4300
8498 8465
8509 4808
8513 1298
8515 3087
8515 3572
8515 3588
8515 6827
8515 6846
8520 5952
8520 8449
8520 8481
8520 8694
8536 10634
8544 7360
8544 11436
8547 4763
8547 10634
8547 10862
8547 10887
8547 11032
8547 12572
8551 1276
8551 3656
8551 3659
8551 3662
8552 1389
8552 3656
8552 3659
8553 7510
8553 9478
8554 12031
8554 12560
8564 1272
8564 4236
8564 4238
8564 4239
8564 4240
8564 4242
8564 4243
8564 4248
8564 5120
8580 5285
8580 11364
8581 12597
8582 8052
8584 8688
8584 8694
8584 8695
8584 8767
8585 3488
8585 5959
8585 6197
8585 6203
8585 11362
8585 12018
8586 10599
8586 10862
8586 10887
8586 10895
8586 11032
8586 11434
8586 12507
8588 12562
8597 5952
8597 8449
8597 8767
8597 11190
8599 10634
8600 11294
8607 1207
8607 1234
8607 4302
8607 6605
8607 8019
8608 11016
8612 4250
8612 4733
8613 5293
8613 9478
8613 10890
8613 10980
8613 11016
8613 11432
8614 6535
8614 6537
8617 6745
8617 12635
8620 5952
8620 8229
8620 8449
8620 8695
8620 9559
8623 11364
8627 12595
8630 3087
8630 3571
8630 3572
8630 3573
8630 3588
8630 3589
8630 3592
8630 3594
8630 6827
8630 6846
8630 8723
8634 10801
8636 8052
8636 8694
8641 10888
8641 10890
8641 12033
8641 12571
8646 4677
8646 5268
8646 5304
8646 7461
8646 12031
8647 3765
8647 10888
8647 11364
8648 3489
8648 4903
8648 7982
8650 8229
8650 10980
8650 11364
8658 4903
8658 7982
8658 7983
8658 12573
8658 13425
8668 12597
8669 5282
8669 8465
8669 8694
8669 10634
8669 11436
8670 6536
8671 8450
8671 9535
8671 12031
8676 10606
8693 11436
8702 3773
8702 5959
8702 6197
8702 11362
8710 11436
8714 11819
8714 12580
8719 10666
8720 10634
8720 11364
8720 12033
8727 1962
8727 1993
8727 1996
8727 8450
8733 6837
8734 6535
8739 11294
8739 12055
8740 7535
8740 8449
8740 8465
8740 8694
8740 9559
8742 3773
8742 5959
8742 11362
8750 1962
8750 10377
8750 10862
8750 11436
8751 12560
8753 12562
8756 5213
8756 7510
8756 11974
8756 12575
8757 4918
8757 4967
8757 12127
8757 12559
8757 12567
8757 12580
8762 4808
8763 1207
8763 1246
8763 1270
8763 4238
8763 4244
8763 6497
8763 11203
8773 12579
8773 12580
8779 3489
8779 4903
8779 7982
8779 12080
8779 13425
8781 4808
8784 8229
8784 11364
8784 12031
8784 12506
8789 11436
8802 10674
8804 10634
8810 11190
8810 11364
8823 11364
8823 12033
8825 11294
8827 10801
8831 1234
8831 3379
8831 4247
8831 6593
8837 1301
8838 1234
8838 11203
8840 11294
8840 12055
8841 11364
8850 2271
8850 5311
8850 12586
8851 10377
8851 10634
8863 1047
8863 3663
8863 4301
8863 4303
8863 4771
8863 4918
8863 4967
8863 5232
8863 5269
8863 5284
8863 6837
8863 7322
8863 7535
8863 12506
8863 12580
8863 12597
8866 5304
8866 12018
8866 12031
8868 10665
8868 10666
8868 10675
8872 11364
8873 10980
8873 11435
8884 11364
8888 11364
8888 11436
8896 1047
8896 4771
8896 4967
8896 5268
8896 5284
8896 6837
8896 7322
8896 9480
8896 12560
8896 12567
8896 12579
8896 12597
8900 3087
8900 3588
8900 6827
8900 6846
8900 8723
8905 5959
8905 11362
8912 5293
8912 10634
8912 10894
8912 10980
8922 1270
8922 1277
8922 1302
8922 1353
8922 3491
8922 6497
8922 11203
8925 5213
8925 5287
8925 7510
8925 7984
8925 8052
8925 8449
8925 8465
8925 8688
8925 10371
8925 10634
8925 10635
8925 11974
8925 12571
8927 1047
8927 4771
8927 6837
8927 7360
8927 9926
8927 12031
8927 12597
8928 8450
8928 9535
8929 8694
8937 8695
8937 9559
8940 5267
8940 5274
8940 5284
8945 10063
8945 11364
8947 8129
8951 4677
8951 4918
8951 5268
8951 6201
8951 6203
8951 7322
8951 8129
8951 8450
8951 12579
8952 12579
8952 12580
8953 9478
8953 10606
8953 10634
8953 11016
8953 11364
8953 11436
8956 5213
8956 7510
8956 8694
8956 10367
8956 10605
8956 10634
8956 11974
8965 11436
8970 3415
8970 3462
8970 3489
8970 4363
8977 4903
8977 13425
8979 5282
8979 5293
8979 8465
8979 10367
8979 10371
8979 10379
8979 10634
8979 11974
8981 10599
8981 10862
8981 12572
8981 12580
8982 12576
8989 1301
8991 11364
8994 6537
8995 11364
8997 3490
8997 4392
8999 5271
9003 11436
9005 11436
9012 3773
9012 11362
9015 12033
9016 10634
9016 10890
9017 3185
9017 6827
9024 5959
9024 11362
9026 11294
9033 1047
9033 5284
9033 6837
9033 8229
9033 9535
9033 10604
9033 12560
9034 4804
9034 5285
9034 6503
9034 10609
9034 10647
9034 11431
9034 12171
9035 3489
9035 4903
9035 13425
9040 8723
9040 11684
9041 7322
9041 12579
9044 12576
9046 6536
9052 7322
9052 12560
9052 12579
9052 12580
9056 7322
9056 11516
9056 12560
9056 12579
9056 12580
9064 11364
9065 12576
9066 5282
9066 5293
9066 10367
9066 10605
9066 11364
9066 11974
9067 5351
9067 10599
9067 11364
9067 12507
9068 13425
9073 3765
9074 5293
9074 8465
9074 8694
9076 1270
9076 3658
9076 3659
9076 4345
9077 10894
9078 1047
9078 4677
9078 4967
9078 5268
9078 5269
9078 5284
9078 5311
9078 6201
9078 6203
9078 7322
9078 12579
9078 12597
9082 10634
9082 11364
9083 1234
9083 1299
9083 1354
9083 4232
9083 4237
9083 4241
9083 4242
9083 4243
9083 4244
9083 4249
9083 5120
9083 6605
9085 11357
9088 1047
9088 4771
9088 4967
9088 6201
9088 6436
9088 6837
9088 8229
9088 12560
9088 12579
9088 12580
9088 12597
9089 8767
9089 11364
9090 3765
9090 7510
9090 8465
9095 3765
9095 5287
9095 6436
9095 7510
9095 7535
9095 7984
9095 8449
9095 8688
9095 12571
9098 7101
9098 12042
9099 1207
9099 1234
9099 1353
9099 4232
9099 4236
9099 4238
9099 4239
9099 4240
9099 4242
9099 4243
9099 4244
9099 4250
9099 5067
9099 5120
9099 6495
9099 6497
9099 6592
9099 8134
9105 11684
9113 12597
9121 11364
9125 11364
9131 6436
9131 12576
9133 1246
9133 4316
9133 4324
9134 12576
9137 8465
9138 1047
9138 4771
9138 4921
9138 6436
9138 6837
9138 7322
9138 7984
9138 9926
9138 11294
9138 11819
9138 12018
9138 12560
9138 12597
9139 1047
9139 4967
9139 7322
9139 12580
9139 12635
9140 1047
9140 5120
9140 12597
9157 10379
9157 11190
9161 1942
9161 1993
9166 10634
9171 12576
9179 8134
9179 10607
9179 10862
9179 10887
9179 10895
9179 11032
9179 12507
9179 12572
9182 5274
9182 12576
9185 1207
9185 1234
9185 1246
9185 1272
9185 1298
9185 3656
9185 3659
9185 4236
9185 5267
9185 6495
9185 6497
9185 6605
9185 7983
9185 11203
9196 8129
9196 9535
9198 7571
9198 7604
9198 7983
9198 11203
9198 12573
9204 4677
9204 4918
9204 6201
9204 6203
9204 7322
9204 12580
9205 9535
9209 1234
9209 1270
9209 1302
9209 1353
9209 4235
9209 4243
9209 4248
9209 6592
9215 8449
9215 10980
9215 11435
9222 10634
9224 10634
9225 1047
9225 4771
9225 4918
9225 5274
9225 5284
9225 6203
9225 7322
9225 12580
9238 3773
9238 11362
9240 12576
9248 1246
9248 4235
9248 4238
9248 4250
9248 6497
9248 11190
9249 11364
9250 4305
9250 12595
9251 11516
9251 12579
9251 12580
9252 3773
9252 11362
9253 4804
9253 8052
9253 8465
9253 8690
9253 8767
9265 8465
9265 8767
9265 10379
9265 10634
9268 6536
9276 1234
9276 5227
9276 11203
9277 8134
9277 8465
9277 10304
9277 10368
9277 10607
9277 10609
9277 11362
9277 12120
9277 12569
9281 12576
9290 8229
9294 1031
9296 5304
9296 8129
9296 12031
9304 11362
9311 1942
9311 10959
9338 12576
9342 5959
9342 8129
9342 8229
9342 8450
9342 9535
9342 11362
9344 4808
9350 4808
9353 11364
9358 8465
9358 10607
9358 10634
9361 11294
9365 12576
9366 12562
9375 6837
9375 10801
9376 12170
9376 12171
9377 10634
9380 5959
9380 11362
9380 12042
9385 10603
9390 12562
9397 10634
9400 11436
9401 10801
9403 6503
9403 8449
9403 10647
9403 10889
9403 10895
9403 11431
9403 12507
9403 12572
9405 11264
9417 12404
9418 10634
9419 5285
9419 10634
9421 10606
9426 11294
9426 12561
9429 8465
9432 10634
9448 10606
9448 10894
9448 10980
9449 3488
9449 4677
9449 5268
9449 5281
9449 6201
9449 6837
9449 12018
9449 12560
9449 12573
9449 12579
9451 12562
9452 12562
9458 1234
9458 1302
9458 3488
9469 4363
9469 7604
9469 7983
9469 11203
9469 12573
9471 11436
9473 10541
9473 10602
9473 11436
9476 5282
9476 5293
9476 10367
9476 10605
9476 10634
9476 10635
9476 11364
9476 12571
9483 10980
9484 5311
9485 3773
9485 12031
9487 10634
9487 10980
9493 5952
9493 8134
9493 8465
9493 8688
9493 8695
9493 9535
9493 10368
9493 10609
9493 10634
9493 12569
9496 12576
9497 12031
9497 12506
9523 11357
9526 5382
9526 10634
9526 12171
9528 6837
9528 9535
9528 11362
9528 12031
9528 12560
9545 5067
9547 1207
9547 1246
9547 1277
9547 1299
9547 4242
9547 5067
9547 5120
9547 6497
9566 8688
9567 3760
9568 3760
9573 1285
9574 3185
9574 3588
9574 6827
9574 7061
9574 8971
9575 5382
9575 10376
9575 10647
9575 11032
9575 12572
9576 12560
9576 12579
9577 5287
9577 10606
9577 10634
9577 10980
9579 12576
9580 12404
9583 6536
9585 11364
9588 8450
9588 9535
9595 11364
9596 4763
9596 10862
9596 10889
9596 11032
9596 12572
9599 10659
9599 10674
9600 11362
9600 11819
9604 1962
9604 7571
9604 7604
9604 11684
9605 8485
9606 3663
9606 3773
9606 3978
9606 5959
9606 11362
9606 12506
9624 1962
9624 4677
9624 4918
9624 5268
9624 5269
9624 6203
9624 7322
9624 12580
9628 12562
9631 1047
9631 3570
9631 5267
9631 6436
9631 12580
9632 5067
9635 1234
9635 4903
9635 7604
9635 8485
9635 12573
9636 1299
9636 4232
9636 4237
9636 4242
9636 4251
9637 12562
9644 7604
9644 7982
9644 12573
9644 13425
9652 6537
9658 11362
9661 4773
9663 10603
9663 10607
9663 10891
9665 10604
9665 11436
9692 7535
9692 8449
9692 8465
9692 9559
9697 3588
9697 6846
9697 12404
9699 3723
9699 3753
9699 5351
9699 8052
9699 8696
9699 10304
9699 10368
9699 10376
9699 10609
9699 10634
9699 12569
9700 5304
9700 12031
9706 10607
9706 11437
9707 10634
9709 4967
9709 12576
9712 12576
9714 1277
9714 1299
9714 4237
9714 4242
9714 6605
9715 5285
9715 8449
9715 8465
9715 10634
9718 3414
9721 11364
9721 11436
9730 5282
9730 10980
9730 11016
9733 6837
9733 12031
9742 1275
9742 3379
9742 4243
9742 4245
9742 6591
9743 8690
9743 8767
9743 11364
9746 3489
9746 4386
9746 7982
9746 13425
9750 12031
9750 12580
9750 12635
9757 1207
9757 1234
9757 1247
9757 1299
9757 1354
9757 4232
9757 4239
9757 4241
9757 4242
9757 4243
9757 4244
9757 4324
9757 5120
9758 4299
9758 5213
9758 7510
9758 8052
9758 8449
9758 8450
9758 8688
9758 8694
9758 9559
9758 10605
9758 10634
9758 10635
9758 11190
9758 11974
9758 12571
9759 1247
9759 1298
9759 4236
9759 4238
9759 4244
9761 4763
9761 8767
9761 10634
9761 10647
9761 12572
9763 1047
9763 4301
9763 4771
9763 4921
9763 5270
9763 11294
9763 12574
9765 4763
9765 10634
9770 7535
9770 9478
9770 10129
9770 10980
9775 1207
9775 1234
9775 1270
9775 1302
9775 1328
9775 1395
9775 6495
9775 6497
9775 12508
9780 11436
9781 3773
9781 11362
9785 11016
9787 5382
9787 6503
9787 10634
9787 10887
9787 10895
9787 11364
9787 11434
9787 12507
9789 4918
9789 5268
9789 6201
9789 6203
9789 7322
9789 8699
9789 12579
9789 12580
9790 11364
9792 4890
9795 1247
9795 1301
9795 4248
9795 4302
9795 8019
9795 8677
9799 11436
9800 11436
9807 1246
9807 1328
9807 1353
9807 4232
9807 4235
9807 4238
9807 4240
9807 4246
9807 4247
9807 4248
9807 5501
9807 6495
9807 6592
9807 6593
9807 8767
9810 5952
9810 8449
9810 8465
9810 10634
9816 6535
9816 6537
9838 7133
9838 7982
9838 12080
9840 5282
9840 10634
9858 3087
9858 3185
9858 3571
9858 3572
9858 3573
9858 3588
9858 3589
9858 3592
9858 3594
9858 3828
9858 5118
9858 5842
9858 6846
9858 7061
9858 11256
9858 12404
9891 12576
9907 12567
9907 12571
9916 8450
9916 9535
9916 11362
9917 8449
9918 4763
9918 5285
9918 5351
9918 10376
9918 10634
9918 10647
9918 12171
9918 12572
9922 6537
9924 10603
9924 11436
9930 12576
9931 3463
9931 3490
9934 1207
9934 4903
9934 5271
9934 7982
9937 2586
9937 3087
9937 3571
9937 3572
9937 3588
9937 3589
9937 8723
9947 11436
9948 5293
9948 11364
9948 12033
9955 11436
9965 9535
9965 12567
9966 8450
9968 6537
9971 4771
9971 4967
9971 5232
9971 5284
9971 12635
9972 1047
9972 4345
9972 4771
9972 4918
9972 4967
9972 6197
9972 6203
9972 6436
9972 6837
9972 7510
9972 11974
9972 12559
9972 12580
9972 12597
9975 984
9975 7984
9975 12560
9975 12561
9975 12575
9975 12635
9975 13965
9978 1354
9978 4237
9978 4238
9978 4241
9978 4244
9978 4251
9978 5267
9978 8677
9981 2586
9981 3572
9981 3592
9981 3594
9981 6846
9981 8060
9981 8626
9986 9535
9986 12560
9987 3631
9999 11684
10005 1234
10005 1302
10005 1353
10005 6592
10005 6593
10007 4232
10007 4239
10007 4249
10007 5120
10008 10604
10008 11364
10008 11436
10019 1207
10019 1234
10019 4242
10019 4248
10019 4302
10019 6493
10019 8019
10023 3588
10030 4299
10030 7535
10030 8229
10030 9559
10030 10606
10030 10980
10030 11364
10030 11435
10030 11436
10030 12033
10032 11684
10034 11684
10034 12404
10036 6537
10039 4412
10039 8229
10039 12576
10047 6201
10047 6827
10047 7322
10047 12579
10047 12580
10052 5293
10054 11436
10058 984
10058 5270
10058 8450
10058 12560
10058 12561
10058 12575
10058 12578
10058 13965
10060 10604
10060 11357
10061 1207
10061 1234
10061 1353
10061 3488
10061 4236
10061 4238
10061 4246
10061 5501
10061 5952
10061 6495
10061 7983
10061 8481
10061 8485
10061 8677
10061 8688
10061 8767
10061 12508
10062 4763
10062 5285
10062 5952
10062 8449
10062 8465
10062 10634
10062 11431
10062 12569
10062 12572
10075 7101
10077 12576
10081 12576
10082 6535
10082 6537
10092 12031
10096 1301
10111 1207
10111 4691
10111 6497
10122 4237
10122 4238
10122 4239
10122 4241
10122 4249
10122 4250
10122 6475
10123 1299
10123 4239
10123 4241
10123 4242
10123 4243
10123 4244
10123 4251
10134 6537
10138 12573
10139 4903
10139 7982
10139 13425
10142 4808
10144 10634
10145 8129
10145 8229
10145 12635
10149 6535
10149 6537
10150 9535
10150 12560
10151 5952
10154 12560
10158 9535
10162 12595
10163 4917
10163 13206
10165 6535
10165 6537
10167 8129
10167 8450
10167 9535
10168 11362
10168 11436
10173 10634
10173 10960
10180 5293
10180 11436
10181 6537
10194 3720
10194 4888
10194 5274
10194 12576
10196 3488
10196 5267
10196 5959
10196 11362
10196 12573
10201 12031
10207 5285
10207 10887
10207 10891
10207 11364
10207 11434
10209 12031
10209 12506
10210 12031
10213 3773
10213 11362
10214 7510
10214 10367
10214 10634
10223 11364
10226 10634
10227 4412
10227 12576
10227 12578
10236 4918
10236 6203
10236 8695
10236 10603
10236 10634
10236 11190
10236 12580
10239 4808
10242 8465
10242 8694
10242 10634
10248 12031
10253 11364
10256 12576
10265 6536
10276 7535
10282 8052
10282 8449
10284 6837
10284 12018
10284 12560
10287 4931
10287 13965
10305 13965
10308 4931
10308 13965
10309 1298
10310 11364
10314 4345
10315 12573
10321 13965
10324 6537
10324 10801
10329 1047
10329 6837
10329 8129
10329 8229
10329 12579
10331 10604
10331 11436
10346 1207
10346 1270
10346 1296
10346 1328
10346 1353
10346 3413
10346 4232
10346 4235
10346 4239
10346 4240
10346 4241
10346 4242
10346 4243
10346 4244
10346 4246
10346 4248
10346 4691
10346 5120
10346 6495
10346 8677
10346 11203
10346 12508
10347 5959
10347 11362
10350 1942
10350 3773
10350 4677
10350 7322
10350 9678
10350 11362
10350 12579
10350 12580
10351 5268
10351 5281
10351 5293
10351 6201
10351 7322
10351 12560
10351 12579
10356 12562
10357 3185
10357 5118
10357 6827
10357 12945
10360 8134
10360 8449
10360 8465
10382 12031
10387 11294
10388 5270
10388 9535
10391 8449
10391 9559
10405 10891
10405 11364
10408 13425
10409 5274
10409 12576
10419 12576
10435 6837
10435 12055
10435 12560
10441 3087
10441 3571
10441 3572
10441 3573
10441 3588
10441 3589
10441 3592
10441 3594
10441 6827
10441 6846
10445 4931
10445 13965
10447 10889
10447 10891
10447 11364
10447 11434
10455 3413
10455 7510
10455 7984
10455 8052
10455 9559
10455 10371
10455 10605
10455 10634
10455 11974
10455 12571
10462 10634
10463 1047
10463 4967
10463 12560
10463 12580
10470 11294
10474 8129
10474 11362
10474 12560
10486 8465
10487 3400
10487 3456
10487 3462
10488 5304
10488 12031
10493 1301
10493 3490
10493 3491
10493 4232
10493 4235
10493 4241
10493 4242
10493 4243
10493 4324
10493 4903
10493 5101
10493 5120
10493 6418
10493 6495
10493 7982
10493 13425
10505 5118
10505 6827
10505 12945
10507 1234
10507 1247
10507 1299
10507 4237
10507 4239
10507 4241
10507 4242
10507 4243
10507 4244
10507 5067
10507 5120
10516 4236
10516 4238
10516 6495
10530 3760
10530 4300
10530 4763
10530 5285
10530 8134
10530 8449
10530 8465
10530 10304
10530 10376
10530 10377
10530 10609
10530 10634
10530 11190
10530 12569
10530 12572
10542 1246
10542 1277
10542 4249
10542 8677
10549 1207
10549 4691
10549 5267
10549 7983
10549 10379
10549 11203
10549 12573
10550 12576
10563 11016
10565 1047
10565 6837
10565 12560
10565 12597
10567 6837
10567 11362
10579 4412
10579 12578
10580 4303
10580 6201
10580 8129
10581 4303
10581 6201
10581 8129
10586 7101
10595 4967
10595 6837
10595 12580
10595 12597
10598 11974
10601 1302
10601 4235
10601 4242
10601 5067
10615 3658
10615 3659
10617 8052
10617 10606
10617 10888
10617 11364
10617 11435
10617 12031
10618 5271
10618 7982
10618 13425
10623 4908
10623 4931
10623 13965
10640 3604
10640 3605
10640 3682
10640 4903
10640 5207
10640 7133
10640 7982
10640 12080
10640 13425
10642 6837
10649 4931
10649 13965
10668 5959
10668 11362
10669 4677
10669 5268
10669 6201
10669 7322
10669 8129
10669 12579
10683 7535
10683 8688
10683 10634
10696 3752
10696 12575
10697 12560
10697 12597
10700 6203
10700 7322
10700 7983
10700 12560
10700 12580
10702 3765
10702 7510
10702 8052
10702 9478
10702 9480
10702 10634
10702 10890
10706 8465
10706 8695
10708 5285
10708 5952
10708 8052
10708 8449
10708 8465
10708 8481
10708 10599
10708 10603
10708 10607
10708 11437
10708 12844
10710 3603
10710 3604
10710 6360
10714 3823
10714 5285
10714 5351
10714 10607
10714 10889
10714 10895
10714 11431
10714 12507
10714 12569
10753 12031
10756 3571
10756 3572
10756 3588
10756 3592
10756 6399
10756 6846
10757 6837
10757 12018
10757 12560
10759 6837
10759 11362
10759 12031
10759 12042
10760 1354
10760 4249
10760 5283
10760 6605
10764 5959
10764 11362
10768 1247
10768 1299
10768 4232
10768 4238
10768 4241
10768 4244
10768 5227
10772 4763
10772 5382
10772 6503
10772 7983
10772 8465
10772 8694
10772 8695
10772 10368
10772 10376
10772 10379
10772 10634
10772 10647
10772 12572
10775 5959
10775 11362
10786 5268
10786 5269
10786 6201
10786 6203
10786 12560
10786 12579
10786 12580
10792 6537
10796 1207
10796 1234
10796 1246
10796 11203
10804 13965
10807 12080
10807 13425
10813 4925
10813 12570
10814 11357
10815 5959
10815 11362
10818 11362
10819 1942
10819 1962
10819 1993
10819 1996
10820 12595
10821 13425
10824 11364
10826 12576
10828 5382
10828 10599
10828 10887
10828 11436
10852 1047
10852 4771
10852 5067
10852 6837
10852 12579
10852 12597
10853 1047
10853 4771
10853 8229
10853 12562
10853 12597
10855 1047
10855 6837
10855 12560
10855 12597
10856 3765
10856 6436
10856 7510
10856 9478
10856 10634
10856 10635
10856 10890
10856 11432
10856 11974
10856 12571
10857 7535
10857 9478
10857 10894
10857 11974
10857 12571
10858 1207
10858 1234
10858 1270
10858 1296
10858 4235
10858 4241
10858 4242
10858 4244
10858 4691
10858 5067
10858 5120
10858 6495
10858 11203
10858 12508
10860 1277
10860 1299
10860 1301
10864 8134
10864 8449
10864 8465
10868 11364
10871 982
10871 4931
10871 13965
10879 5959
10879 11362
10880 11364
10885 3489
10885 3490
10885 4679
10886 4763
10886 5351
10886 10862
10886 10889
10886 12569
10886 12572
10892 4238
10892 4243
10892 5952
10892 7983
10892 8677
10892 10379
10898 5293
10898 5959
10898 10602
10898 11362
10899 9535
10899 12635
10909 3660
10909 3662
10913 3765
10913 5213
10913 5287
10913 7510
10913 7535
10913 7984
10913 8052
10913 8449
10913 9478
10913 9559
10913 10890
10913 11016
10913 12571
10915 12561
10921 1277
10921 1299
10921 4241
10921 4251
10921 4903
10926 5067
10926 6495
10926 6691
10927 6837
10927 9535
10927 11362
10927 12031
10927 12560
10934 4763
10934 5952
10934 8449
10934 8465
10934 8695
10934 8767
10934 8775
10934 10376
10934 10423
10934 10634
10934 10647
10934 12844
10938 5213
10938 7510
10938 7984
10938 8695
10938 9478
10938 10605
10938 10634
10938 10890
10938 11974
10941 11364
10944 8465
10944 8767
10944 10376
10944 10634
10944 10647
10944 10889
10944 11364
10944 12572
10948 11294
10950 12560
10951 3748
10951 5213
10951 5282
10951 5287
10951 7510
10951 8694
10951 10367
10951 10371
10951 10605
10951 10634
10951 10635
10951 11974
10951 12571
10953 4299
10953 10606
10953 10888
10953 11364
10953 11435
10966 6436
10966 7984
10966 8134
10966 10862
10966 12569
10975 13206
10984 1301
10984 4386
10984 5067
10988 3415
10988 5285
10988 5382
10988 8465
10988 10304
10988 10609
10988 10634
10990 4287
10990 6745
10990 12635
10996 10634
10998 7101
10998 12042
11000 1246
11000 4236
11000 4248
11000 4250
11000 6495
11000 6497
11000 11203
11003 3379
11003 4247
11003 6592
11006 5274
11006 12576
11008 4303
11008 4918
11014 12031
11017 1207
11017 1234
11017 1270
11017 4232
11017 4235
11017 4240
11017 4250
11017 6497
11017 6592
11017 6593
11017 11203
11018 4917
11024 1047
11024 1962
11024 6837
11024 10960
11024 12560
11024 12580
11024 12597
11028 4677
11028 4918
11028 5269
11028 6203
11028 6837
11028 7322
11028 10634
11028 12018
11028 12560
11028 12579
11028 12580
11031 4249
11031 5283
11040 3773
11040 11436
11042 11436
11050 5952
11050 8134
11050 8449
11050 8481
11050 8688
11050 8775
11050 10634
11050 12507
11050 12569
11051 5285
11051 5351
11051 10889
11053 12569
11054 7427
11054 11256
11054 12404
11054 12586
11057 9535
11059 10801
11063 3400
11063 3401
11063 3402
11063 3413
11063 3456
11063 3462
11063 4345
11063 5067
11065 7984
11065 10599
11065 10887
11065 10889
11065 12569
11067 4594
11067 10304
11067 10862
11067 10887
11067 10889
11067 11431
11067 12569
11072 4763
11072 10304
11072 10368
11072 10376
11072 10609
11072 10634
11072 12170
11072 12171
11072 12569
11074 1047
11074 4301
11074 4771
11074 4967
11074 5213
11074 5232
11074 5267
11074 6837
11074 7982
11074 10367
11074 10634
11074 11974
11074 12018
11074 12080
11080 11364
11086 5952
11086 7535
11098 3748
11098 5213
11098 7510
11098 8465
11098 8688
11098 9678
11098 9926
11098 10634
11098 12031
11099 13425
11101 6537
11106 3765
11106 5213
11106 6837
11106 7510
11106 7535
11106 7984
11106 9478
11106 9559
11106 10888
11106 10890
11106 10894
11106 11974
11106 12560
11106 12571
11106 12597
11113 3775
11113 10672
11113 12595
11114 12562
11114 12595
11116 7101
11117 11357
11138 1047
11138 4771
11138 5281
11138 5284
11138 6837
11138 7322
11138 8301
11138 12560
11138 12597
11139 1047
11139 4677
11139 5268
11139 5281
11139 5284
11139 6197
11139 6201
11139 6837
11139 7322
11139 12018
11139 12560
11139 12579
11139 12597
11145 7510
11145 7984
11145 8688
11145 8694
11145 11974
11148 12562
11154 1047
11154 3765
11154 4967
11154 5284
11154 6436
11154 6837
11154 7322
11154 8229
11154 12560
11154 12571
11154 12579
11154 12580
11154 12597
11158 7344
11158 8134
11158 8449
11158 8767
11158 10607
11158 12508
11158 12745
11159 3631
11160 4771
11160 8465
11160 8688
11160 12560
11160 12597
11161 11364
11164 1962
11166 12569
11167 11974
11168 6837
11168 12567
11170 7344
11170 10634
11172 5293
11172 10634
11175 4763
11175 10634
11175 10889
11176 1196
11176 2586
11176 3087
11176 3571
11176 3572
11176 3588
11176 3589
11176 3592
11176 3594
11176 6827
11176 6846
11178 1047
11178 3754
11178 4771
11178 4918
11178 6203
11178 12560
11178 12580
11178 12597
11178 12920
11179 4594
11179 5267
11179 5268
11179 5382
11179 7983
11179 10063
11179 10304
11179 10607
11179 10609
11179 10862
11179 10889
11179 11434
11179 12569
11179 12572
11185 3413
11185 3415
11188 8450
11194 4763
11194 6503
11194 8465
11194 10376
11194 10609
11194 10634
11194 10647
11194 11362
11194 11436
11194 11437
11194 12569
11194 12572
11199 12562
11201 12579
11213 11684
11223 8767
11224 3775
11224 12595
11225 3765
11225 5213
11225 6837
11225 7510
11225 8465
11225 8688
11225 8694
11225 10367
11225 10377
11225 10605
11225 10606
11225 10634
11225 11974
11225 12018
11225 12560
11225 12571
11234 5293
11235 5304
11235 12031
11236 4236
11236 4250
11236 5952
11236 8134
11236 8449
11236 8688
11245 1047
11245 6436
11245 6837
11245 11516
11245 12560
11245 12579
11245 12580
11246 982
11246 12561
11246 13965
11247 6201
11247 7101
11247 8465
11247 8694
11247 8695
11247 10634
11247 12042
11247 12579
11252 1354
11252 4232
11252 4239
11252 4241
11252 4242
11252 4243
11252 4244
11252 4249
11252 5120
11252 5283
11254 5293
11255 7983
11255 12573
11255 13425
11257 5287
11272 12562
11277 8696
11277 10304
11277 12569
11279 1246
11279 4232
11279 4250
11279 8449
11289 3604
11289 3605
11289 5134
11290 10801
11298 12562
11301 6537
11309 12562
11313 7510
11313 11974
11325 3413
11325 5213
11325 9478
11325 10129
11325 10894
11325 11974
11325 12571
11326 1246
11327 7984
11327 12569
11328 8485
11333 4345
11333 7984
11333 9478
11333 10890
11333 11432
11346 7535
11346 7984
11346 11974
11348 4763
11348 5285
11348 5351
11348 5382
11348 10304
11348 10609
11348 12569
11348 12572
11350 5959
11350 11362
11351 5959
11351 11362
11352 11362
11353 4345
11353 7982
11353 11974
11355 4345
11355 5213
11355 7510
11355 9478
11355 10890
11355 12560
11361 5282
11361 11364
11361 12571
11367 10887
11367 10895
11367 11434
11369 3400
11369 3402
11369 3462
11380 11436
11385 10304
11385 11364
11401 11436
11402 11436
11408 11436
11409 11436
11410 11436
11417 5304
11417 12031
11433 3720
11433 5274
11433 12576
11441 7535
11441 8481
11450 2271
11450 12579
11452 10634
11453 3773
11453 11362
11455 3489
11455 4903
11455 7982
11455 10545
11455 12080
11455 13425
11477 5154
11477 8450
11477 9535
11477 12506
11480 6537
11480 10801
11489 4412
11489 4925
11489 12578
11493 5351
11493 8134
11493 10304
11493 12569
11493 12572
11507 7604
11507 11516
11514 1247
11514 4238
11526 4345
11529 12595
11539 6837
11539 12560
11541 1234
11541 1299
11541 1354
11541 4232
11541 4237
11541 4239
11541 4242
11541 4249
11541 5120
11541 5227
11541 6605
11541 7983
11544 5959
11544 11362
11544 12031
11579 5959
11579 11362
11579 12042
11581 1452
11581 8723
11587 12562
11588 7535
11588 8129
11588 8229
11588 8449
11588 12571
11591 9535
11591 12018
11591 12560
11597 1047
11597 3765
11597 7510
11597 7984
11597 9478
11597 10371
11597 10605
11597 10890
11597 10894
11597 11432
11597 11974
11597 12560
11597 12571
11606 12031
11611 11364
11628 984
11628 11362
11637 1207
11637 1234
11637 1272
11637 5067
11637 6417
11641 4345
11641 7535
11641 9559
11647 6837
11647 12560
11654 6495
11655 1047
11655 4771
11655 4967
11655 6203
11655 6837
11655 7322
11655 12579
11655 12597
11656 8129
11656 11362
11660 1942
11660 1993
11660 1996
11661 11294
11670 12595
11690 1207
11690 1270
11690 3489
11690 4232
11690 4235
11690 4241
11690 4242
11690 7604
11690 7983
11690 10379
11690 11203
11690 12573
11699 7427
11701 12595
11712 10634
11712 12033
11714 12562
11745 1207
11745 1234
11745 1246
11745 1272
11745 1276
11745 1389
11745 3488
11745 3656
11745 4236
11745 4238
11745 6495
11745 7983
11745 8465
11745 11203
11749 10634
11749 10894
11765 4238
11765 4302
11765 5120
11765 8019
11770 4300
11770 5285
11770 5952
11770 8688
11770 10609
11771 3570
11784 3570
11784 4363
11784 7571
11784 7604
11796 3415
11796 7984
11796 10862
11796 12569
11798 8450
11798 9535
11802 12576
11811 1942
11811 4363
11811 7604
11811 11203
11811 12573
11826 11294
11833 11364
11839 1353
11839 4235
11839 6495
11839 6592
11846 1277
11846 1299
11846 1301
11846 4232
11846 4239
11846 4241
11846 4242
11846 4244
11846 4324
11856 3415
11856 3753
11856 4763
11856 5351
11856 8465
11856 8688
11856 8696
11856 10304
11856 10368
11856 10376
11856 10607
11856 10609
11856 10634
11856 10647
11856 10889
11856 12171
11856 12569
11856 12572
11857 5287
11857 7510
11857 8052
11857 8465
11857 8688
11857 9559
11857 10367
11857 10605
11857 10634
11857 10635
11857 11190
11857 11974
11857 12571
11858 1234
11858 1246
11858 1247
11858 1299
11858 1301
11858 1354
11858 4232
11858 4237
11858 4238
11858 4239
11858 4241
11858 4242
11858 4243
11858 4249
11858 5120
11858 5227
11858 6605
11858 8677
11861 1207
11861 1234
11861 1247
11861 1277
11861 1299
11861 3488
11861 4232
11861 4237
11861 4239
11861 4242
11861 4243
11861 4244
11861 4251
11861 5120
11861 5227
11861 6495
11861 7983
11861 8485
11861 8677
11861 11203
11878 8134
11878 10887
11890 11364
11892 3828
11892 5118
11892 6827
11896 3604
11896 3605
11896 4691
11896 5134
11896 6360
11897 1041
11897 1246
11897 5213
11897 7510
11897 7535
11897 8688
11897 8695
11897 9559
11897 10367
11897 10602
11897 10634
11897 10635
11897 10980
11897 11974
11897 12508
11901 1207
11901 1272
11901 5952
11912 6436
11912 8052
11912 8694
11912 10634
11913 11974
11913 12033
11920 10604
11920 10894
11920 12033
11935 8449
11935 8694
11935 10635
11937 10888
11937 10890
11937 11974
11956 12576
11957 5274
11963 10634
11971 4300
11971 5285
11971 5952
11971 8052
11971 8465
11971 8694
11971 10304
11971 10368
11971 10376
11971 10609
11971 10647
11971 10889
11971 10895
11971 11190
11971 11431
11971 12569
11971 12572
11979 5213
11979 7510
11979 7535
11979 7983
11979 8052
11979 8449
11979 8465
11979 8688
11979 8694
11979 9535
11979 9559
11979 10379
11979 10605
11979 10634
11979 11974
11979 12844
11982 9535
11983 5213
11983 5287
11983 5293
11983 8688
11983 10635
11983 11190
11983 12571
11984 6537
11991 11364
11993 5293
11993 9478
11993 10605
11993 10606
11993 10888
11993 10890
11993 10894
11993 10980
11993 11974
11993 12033
12001 12562
12002 10634
12003 3765
12003 5101
12003 5213
12003 7535
12003 8129
12003 8134
12003 8229
12003 8449
12003 8688
12003 8695
12003 9535
12003 9559
12003 10371
12003 10604
12003 10634
12003 10635
12003 12508
12003 12571
12007 11362
12012 3456
12012 4363
12012 4903
12012 5267
12012 5268
12012 7571
12012 7604
12019 1234
12019 3414
12020 12576
12021 1942
12023 1041
12023 1942
12023 5154
12023 5952
12023 7344
12023 8695
12023 10607
12023 12507
12023 12508
12023 12569
12023 12572
12025 8465
12025 10602
12025 10606
12035 4763
12035 8696
12035 10304
12035 10609
12035 10634
12035 10647
12035 10862
12035 12171
12035 12569
12035 12572
12036 3765
12036 8694
12036 8695
12036 8767
12036 10635
12036 11190
12036 12571
12047 1246
12047 1299
12051 12562
12059 3570
12060 12404
12061 1207
12061 1302
12061 1328
12061 1353
12061 3379
12061 4235
12061 4246
12061 4251
12061 5067
12061 5501
12061 6495
12061 8677
12061 11203
12068 4763
12068 6503
12068 10368
12068 10609
12068 10634
12083 1207
12083 1234
12083 1270
12083 1296
12083 1297
12083 3488
12083 3493
12083 4232
12083 4235
12083 4241
12083 4242
12083 4243
12083 4251
12083 4386
12083 5120
12083 5227
12083 5267
12083 7982
12083 7983
12083 10379
12083 11203
12083 12573
12109 1047
12109 12597
12111 1246
12111 1328
12111 1353
12111 5501
12115 5213
12115 5282
12115 7510
12115 10367
12115 10605
12115 10634
12115 10635
12115 10890
12115 11974
12115 12571
12126 12562
12131 11436
12133 11436
12145 1301
12145 7982
12151 5227
12152 3490
12152 3493
12152 4392
12152 5101
12153 7982
12153 12080
12162 3087
12162 3571
12162 3572
12162 3573
12162 3588
12162 3592
12162 3594
12162 5842
12162 6846
12165 1234
12165 1296
12165 1297
12165 1299
12165 3488
12165 4235
12165 5227
12165 6605
12175 12562
12193 6537
12200 13206
12203 1207
12203 1234
12203 1277
12203 1299
12203 1301
12203 4232
12203 4237
12203 4239
12203 4241
12203 4243
12203 4244
12215 3765
12215 5293
12215 10634
12219 1247
12223 3775
12223 4305
12223 12595
12227 8465
12227 8690
12227 10370
12227 10647
12236 4324
12249 1942
12249 1962
12249 1993
12249 1996
12249 4363
12249 6837
12249 11819
12249 12018
12249 12560
12253 2586
12253 3087
12253 3572
12253 3573
12253 6846
12253 8060
12253 8626
12277 12595
12278 11364
12283 8129
12283 11362
12298 11362
12298 12042
12298 12745
12316 7984
12316 12508
12316 12569
12316 12572
12319 984
12319 8450
12319 9535
12319 12560
12319 12561
12319 12575
12319 12578
12319 13965
12326 4808
12333 1047
12333 4301
12333 4771
12333 6837
12333 8229
12333 11294
12333 11362
12333 12018
12333 12560
12333 12597
12344 4594
12344 5351
12344 5952
12344 6610
12344 8134
12344 10304
12344 12508
12344 12569
12360 3185
12360 3571
12360 3572
12360 3573
12360 3588
12360 3589
12360 6827
12360 6846
12376 12031
12376 12506
12390 1207
12390 1234
12390 1246
12390 1302
12390 1330
12390 4236
12390 4239
12390 4241
12390 4244
12390 5501
12390 6495
12390 6592
12390 6593
12390 10379
12390 11203
12397 10634
12397 10894
12408 4925
12408 12570
12411 10895
12411 12569
12413 1277
12413 1299
12413 3659
12413 4243
12413 5067
12413 6497
12413 6605
12424 1234
12424 1272
12424 1298
12424 1302
12424 1330
12424 1353
12424 3379
12424 4232
12424 4236
12424 4239
12424 4240
12424 4241
12424 4242
12424 4243
12424 4244
12424 4246
12424 4247
12424 4248
12424 4302
12424 5067
12424 5120
12424 5952
12424 6495
12424 6497
12424 7983
12424 8481
12424 8775
12424 12573
12426 11436
12431 1207
12431 1234
12431 1270
12431 1296
12431 1299
12431 3488
12431 4204
12431 4205
12431 4232
12431 4241
12431 4243
12431 4251
12431 5267
12431 6495
12431 6605
12431 7983
12431 8677
12431 10379
12431 11203
12431 12573
12434 1452
12434 2586
12434 3588
12434 6846
12434 7061
12434 7427
12434 12586
12437 5281
12437 5311
12438 11436
12438 12033
12439 2586
12439 3087
12439 3571
12439 3572
12439 3573
12439 3588
12439 3589
12439 3592
12439 3594
12439 6827
12439 6846
12439 7061
12440 1207
12440 1234
12440 1246
12440 1272
12440 1298
12440 4232
12440 4236
12440 4238
12440 4239
12440 4240
12440 4243
12440 5067
12440 5120
12440 5227
12440 5267
12440 6605
12440 7983
12440 11203
12444 4967
12444 10545
12450 9535
12470 3659
12470 3660
12471 1207
12471 1234
12471 1247
12471 3605
12471 4316
12497 5382
12497 6503
12497 10304
12497 10368
12497 10376
12497 10609
12497 10647
12497 10862
12497 11032
12497 12569
12497 12572
12510 11436
12519 3775
12519 12562
12519 12595
12528 8129
12528 11362
12533 5213
12533 7535
12533 10890
12533 12571
12534 7535
12542 10862
12542 10895
12543 7322
12543 7510
12543 7535
12543 8129
12543 8229
12543 8449
12543 9535
12543 11974
12543 12580
12545 3752
12545 3765
12545 5213
12545 6436
12545 7510
12545 7535
12545 9559
12545 10634
12545 10635
12545 10890
12545 10894
12545 11974
12554 4345
12554 11974
12555 3087
12555 3589
12555 6846
12556 4918
12556 5269
12556 5281
12556 5311
12556 6203
12556 10634
12556 12580
12577 5287
12577 6436
12577 10890
12577 11974
12577 12571
12577 12579
12581 1299
12581 4232
12581 4235
12581 4239
12581 4242
12581 5067
12581 5267
12581 6605
12585 6837
12585 12560
12587 1942
12587 7344
12587 12572
12587 12745
12588 12575
12590 1047
12590 5213
12590 6837
12590 7510
12590 9559
12590 10604
12590 11974
12590 12560
12590 12597
12606 7535
12606 10888
12606 10890
12609 1234
12611 1962
12611 3588
12611 12404
12623 6837
12623 12560
12623 12597
12624 12560
12624 12597
12625 12579
12651 4763
12651 5351
12651 5382
12651 8465
12651 8775
12651 10304
12651 10634
12651 10647
12651 12569
12651 12572
12668 5287
12668 8052
12668 8465
12668 8688
12668 8694
12668 9559
12668 10634
12668 11362
12668 12018
12668 12031
12668 12560
12668 12571
12680 1047
12680 5213
12680 6203
12680 6436
12680 7322
12680 7510
12680 7984
12680 8229
12680 8450
12680 8465
12680 9535
12680 11016
12680 11974
12680 12560
12680 12579
12680 12580
12680 12597
12681 7510
12681 9478
12681 10890
12681 11016
12681 11974
12681 12571
12683 11357
12683 12740
12690 12561
12694 3765
12694 5213
12694 7510
12694 7535
12694 9559
12694 10367
12694 10605
12694 10890
12694 10894
12694 11974
12696 3663
12696 4763
12696 5382
12696 8052
12696 10304
12696 10368
12696 10376
12696 10634
12696 10889
12696 11032
12696 11431
12696 12171
12696 12569
12696 12572
12698 7571
12698 10634
12699 8767
12699 10634
12699 11016
12702 9478
12702 10890
12702 11974
12706 7984
12706 10889
12706 10895
12706 12569
12707 4763
12707 5952
12707 10304
12707 10862
12707 11032
12707 12569
12707 12572
12709 3656
12709 5285
12709 5351
12709 5382
12709 10304
12709 10609
12709 10634
12709 10895
12709 11431
12709 12507
12709 12569
12710 1047
12710 4967
12710 5281
12710 5284
12710 6837
12710 10675
12710 12018
12710 12560
12710 12597
12711 12571
12726 12404
12727 10604
12727 11436
12731 4763
12731 5351
12731 5382
12731 6436
12731 6503
12731 9820
12731 10376
12731 10862
12731 10889
12731 10895
12731 11431
12731 12170
12731 12569
12731 12572
12738 5959
12738 11362
12746 12031
12747 12031
12748 1962
12748 4677
12748 4918
12748 5268
12748 5269
12748 6201
12748 6203
12748 7322
12748 7360
12748 9678
12748 12579
12748 12580
12749 5282
12749 7510
12749 7535
12749 8694
12749 9478
12749 11974
12750 4412
12750 9926
12750 12576
12750 12578
12751 12031
12763 3401
12763 3456
12763 3462
12765 12569
12768 5293
12768 8688
12768 9559
12768 10888
12774 3765
12774 7984
12774 10890
12774 12508
12774 12571
12778 4300
12778 4763
12778 10889
12778 11032
12778 11431
12778 12569
12778 12572
12796 1962
12796 7427
12796 11684
12825 11684
12827 3401
12827 3402
12827 3456
12827 3459
12827 3461
12827 3462
12845 1962
12845 11684
12846 11974
12846 12597
12849 8450
12849 9535
12853 3413
12853 9478
12854 12560
12856 7535
12856 8229
12856 8449
12856 8485
12856 9535
12856 9559
12867 1047
12867 1942
12867 1962
12867 4771
12867 9678
12867 10959
12867 10960
12867 12031
12867 12560
12868 1047
12868 6837
12868 12560
12868 12597
12868 13206
12869 5351
12869 5382
12869 5952
12869 10304
12869 10609
12869 10895
12869 11431
12869 11434
12869 12569
12869 12572
12873 1047
12873 6837
12873 12560
12873 12597
12874 8134
12874 12507
12886 7510
12886 10606
12886 10634
12886 10888
12886 10890
12886 11016
12886 11364
12886 11435
12887 1207
12887 1277
12887 3659
12887 4232
12887 4237
12887 4240
12887 4243
12887 4248
12887 4250
12887 6495
12887 6497
12892 6201
12892 7322
12892 12579
12892 12580
12894 5351
12894 5952
12894 8134
12894 10304
12894 11431
12894 12507
12894 12569
12895 12571
12897 10890
12897 11974
12898 4763
12898 8465
12898 10304
12898 10647
12898 10889
12907 4345
12907 10602
12907 10604
12907 10606
12913 2586
12913 3571
12913 6846
12913 8060
12917 1207
12917 1234
12917 1270
12917 4232
12917 4239
12917 4240
12917 4243
12917 4248
12917 4250
12917 6495
12917 6497
12917 6592
12917 6593
12917 8767
12917 10634
12933 9559
12933 10888
12933 10890
12933 10980
12933 11974
12939 5952
12939 8052
12939 8695
12939 8767
12939 8775
12944 1301
12944 4324
12965 1047
12965 6837
12965 12560
12965 12597
12972 3415
12972 4299
12972 9478
12972 10606
12972 10890
12972 10894
12972 11432
12972 11435
12976 1207
12976 1234
12976 3414
12976 3491
12992 1234
12992 8688
12999 1047
12999 6837
12999 7571
12999 10129
12999 10959
12999 11898
12999 12580
12999 12597
13005 4335
13005 7510
13005 8052
13005 8688
13005 8695
13005 10367
13005 10605
13005 10634
13005 11974
13006 1247
13006 1296
13006 1301
13006 1354
13006 4232
13006 4239
13006 4241
13006 4244
13006 4249
13006 5283
13015 1047
13015 4677
13015 4771
13015 6201
13015 6436
13015 6837
13015 7322
13015 12579
13015 12597
13015 13206
13031 1246
13032 4763
13032 5382
13032 6503
13032 8052
13032 8694
13032 9675
13032 10304
13032 10609
13032 10664
13032 11711
13055 3765
13055 3773
13055 5959
13055 7322
13055 7535
13055 9478
13055 10129
13055 10602
13055 10606
13055 10634
13055 10888
13055 10890
13055 10894
13055 10980
13055 11016
13055 11364
13055 11432
13055 11435
13055 12571
13105 7535
13105 11432
13107 4771
13107 4918
13107 5269
13107 6203
13107 7322
13107 7535
13107 8129
13107 8229
13107 8450
13107 9535
13107 12580
13107 12597
13112 1047
13112 4677
13112 4771
13112 4967
13112 5268
13112 6201
13112 6203
13112 11819
13112 12018
13112 12560
13112 12579
13112 12580
13112 12597
13116 5274
13116 12576
13121 2586
13121 3087
13121 3571
13121 3572
13121 3573
13121 3588
13121 6846
13121 7061
13121 8060
13122 3185
13122 3592
13122 5842
13122 6827
13122 6846
13122 8229
13130 11974
13130 12571
13131 6745
13131 12635
13145 1996
13145 5270
13145 8450
13145 9535
13162 7983
13162 8465
13162 8694
13162 8767
13162 10634
13162 10980
13162 12844
13167 11364
13198 5213
13198 10894
13198 11974
13198 12571
13205 4242
13210 1275
13210 4236
13210 4240
13210 4245
13210 4247
13210 6592
13211 1234
13211 3491
13211 3663
13211 4363
13211 6497
13214 12569
13214 12572
13217 984
13217 12560
13217 12575
13217 13965
13218 7984
13218 10894
13218 11974
13234 8129
13234 12579
13237 7061
13264 4677
13264 4771
13264 4967
13264 6837
13264 7860
13264 9461
13264 12567
13264 12597
13265 3413
13265 3415
13265 4594
13265 6610
13265 10889
13265 10895
13265 12569
13269 1247
13269 4204
13269 6605
13271 7510
13271 8688
13271 9559
13271 10606
13271 10634
13271 11974
13271 12033
13271 12560
13272 5269
13272 5382
13272 5952
13272 6503
13272 8134
13272 8449
13272 10304
13272 10368
13272 10647
13272 11431
13272 12507
13272 12572
13272 12844
13274 5282
13274 5287
13274 7535
13274 12571
13275 3087
13275 3571
13275 3589
13275 6846
13275 12580
13283 12945
13299 1047
13299 4771
13299 6436
13299 6837
13299 12597
13301 1207
13301 1234
13301 1277
13301 1299
13301 4232
13301 4237
13301 4238
13301 4239
13301 4241
13301 4242
13301 4243
13301 4244
13301 4249
13301 5067
13301 5120
13301 5227
13301 6605
13303 11364
13305 12055
13306 10634
13306 12171
13310 3723
13310 4763
13310 5351
13310 5386
13310 8052
13310 10304
13310 10368
13310 10376
13310 10609
13310 10634
13310 10647
13310 10889
13310 10895
13310 12170
13310 12171
13310 12569
13310 12572
13331 12573
13332 1047
13332 5232
13332 5268
13332 5269
13332 12579
13332 12597
13333 4903
13333 7982
13334 10801
13334 12567
13342 9535
13343 4363
13343 5227
13355 1301
13355 6497
13358 1247
13358 3489
13358 4242
13358 4903
13358 7982
13369 984
13369 1047
13369 4771
13369 6837
13369 8229
13369 12597
13409 10602
13414 4763
13414 5351
13414 5382
13414 6436
13414 10304
13414 10647
13414 10889
13414 10891
13414 10895
13414 11364
13414 11431
13414 11434
13414 12170
13414 12569
13414 12572
13415 4677
13415 4918
13415 6201
13415 12579
13417 1047
13417 11516
13417 12560
13417 12573
13417 12597
13419 5213
13419 7510
13419 9478
13419 9559
13419 10602
13419 10604
13419 10890
13419 10894
13419 11016
13419 11432
13419 11974
13419 12571
13421 1247
13421 1301
13421 4316
13424 8465
13428 11684
13429 12560
13429 12597
13442 1207
13442 1234
13442 1270
13442 1297
13442 1301
13442 3488
13442 3659
13442 4235
13442 4240
13442 4241
13442 4244
13442 5067
13442 5227
13442 5267
13442 6495
13442 6497
13442 7983
13442 8677
13442 10379
13442 11203
13442 12508
13442 12573
13446 1234
13449 11684
13454 5351
13454 10304
13454 10862
13454 10889
13454 11032
13454 12569
13454 12572
13460 1297
13460 1298
13460 3488
13460 5227
13460 6605
13460 10379
13460 12573
13473 4250
13473 5952
13473 8449
13475 5213
13475 5282
13475 10371
13475 10605
13475 10634
13475 10635
13475 10890
13475 11974
13475 12571
13486 4763
13486 5351
13486 5382
13486 6436
13486 9820
13486 10304
13486 10368
13486 10376
13486 10609
13486 10634
13486 10862
13486 10889
13486 11431
13486 12171
13486 12569
13489 3631
13489 11264
13499 3748
13499 4251
13499 4299
13499 7510
13499 8052
13499 8465
13499 8481
13499 8688
13499 8694
13499 8695
13499 9559
13499 10605
13499 12844
13506 4345
13506 5118
13506 10980
13512 7984
13512 12571
13514 10129
13514 11974
13514 12571
13535 1207
13535 1296
13535 1297
13535 1299
13535 4232
13535 5227
13535 6605
13535 11203
13535 12573
13541 7510
13541 8465
13541 10605
13541 10634
13542 4301
13552 7984
13552 12560
13556 5952
13556 9535
13556 10599
13556 11362
13556 11436
13556 11437
13557 5382
13557 8134
13558 10895
13558 12572
13561 1452
13561 7427
13566 8481
13570 12597
13572 10674
13574 3659
13574 3660
13580 1234
13580 3396
13580 3488
13580 4204
13580 4205
13580 5267
13580 10379
13580 12573
13585 6827
13588 4677
13588 6436
13588 7322
13588 7427
13588 10960
13588 12579
13592 11032
13594 6503
13594 10063
13594 10599
13594 11032
13594 12507
13595 1041
13595 10607
13602 5282
13602 6197
13602 8052
13602 8465
13602 8688
13602 8694
13602 8695
13602 9559
13602 10606
13602 11190
13602 12844
13604 3087
13604 3571
13604 3572
13604 3573
13604 3588
13604 3589
13604 3592
13604 3594
13604 6846
13604 8626
13605 8134
13608 4249
13620 11436
13621 1207
13621 1234
13621 1246
13621 1277
13621 1299
13621 3658
13621 4324
13621 6497
13644 8129
13644 8229
13644 8699
13740 5285
13740 5351
13740 8465
13740 10304
13740 10368
13740 10609
13740 10634
13740 11431
13740 12569
13814 5285
13814 5351
13814 8695
13814 10304
13814 10368
13814 10609
13814 12569
13815 2271
13815 11256
13815 12404
13815 12586
13931 8481
13941 1962
13941 4918
13941 9678
13941 12579
13942 984
13942 4771
13942 6837
13942 12560
13944 7982
13948 3658
13948 4345
13956 1246
13957 2271
13957 3588
13957 6846
13957 11256
13958 10604
13960 9478
13960 10888
13960 11974
13963 9478
13963 10129
13963 11974
13969 7101
13969 11362
13969 12042
13970 1041
13970 3662
13970 3747
13970 4345
13970 5213
13970 5268
13970 6201
13970 8695
13970 9559
13970 10606
13970 12508
13970 12844
13971 8052
13971 8129
13971 8449
13971 8694
13971 8695
13971 9535
13971 9559
13971 10634
13971 12508
13971 12844
13973 3748
13973 5213
13973 5282
13973 5287
13973 7510
13973 8695
13973 10367
13973 10377
13973 10421
13973 10605
13973 11190
13973 11974
13978 13206
13997 5267
13997 10379
13997 12573
13998 8481
13998 8485
14000 12042
14003 3444
14003 4903
14003 5502
14003 13425
14004 1207
14004 1246
14004 7983
14004 12571
14006 1207
14006 1234
14006 1272
14006 1298
14006 1299
14006 1301
14006 6495
14006 6497
14006 6605
14007 4363
14007 7604
14007 8485
14007 11203
14008 10658
14008 10675
14009 10658
14009 10666
14009 10674
14009 10675
14010 1207
14010 1296
14010 1297
14010 1354
14010 3659
14010 4244
14010 6495
14010 6605
14017 3747
14017 3748
14017 5213
14017 5287
14017 8052
14017 8688
14017 9478
14017 10367
14017 10605
14017 10634
14017 11190
14017 11974
14017 12571
14023 4324
14024 8688
14024 10604
14024 11362
14030 8694
14030 9478
14030 10890
14030 11016
14033 3765
14033 4771
14033 7510
14033 7535
14033 10371
14033 10635
14033 10890
14033 11432
14033 11974
14033 12571
14033 12575
14033 12579
14033 12597
14040 8696
14040 9625
14052 8450
14052 12562
14055 1207
14055 1246
14055 1272
14055 1277
14055 1330
14055 4236
14055 4594
14055 10603
14055 11436
14055 11437
14056 8134
14056 10599
14056 10603
14056 11362
14056 11436
14056 11437
14057 8465
14057 8688
14057 8695
14057 10606
14057 12508
14059 4345
14059 5959
14059 6201
14059 10599
14059 11436
14059 12508
14060 5952
14060 8129
14060 8465
14060 8688
14060 8694
14060 8695
14071 1942
14071 10959
14071 10960
14071 12579
14072 5959
14072 10602
14072 11362
14072 11436
14072 11819
14083 6837
14083 7535
14083 8052
14083 8229
14083 10604
14083 10606
14083 10634
14083 12560
14087 12575
14088 10604
14088 11436
14089 5959
14089 10602
14089 11362
14089 11436
14099 7984
14099 12560
14100 1299
14100 1301
14100 4324
14100 6495
14100 6605
14102 1270
14102 1296
14102 4241
14102 6495
14102 6610
14102 8677
14104 4251
14104 6610
14105 1047
14105 4301
14105 4677
14105 4771
14105 4967
14105 5268
14105 5284
14105 6201
14105 7322
14105 12018
14105 12172
14105 12560
14105 12579
14260 8688
14260 10634
14260 12575
14263 10129
14263 10606
14263 10634
14263 10635
14263 10888
14263 10894
14263 11432
14263 11435
14268 8481
14284 5213
14284 6201
14284 7510
14284 8465
14284 9559
14284 10367
14284 10605
14284 10634
14299 7535
14299 8449
14299 8465
14299 9559
14299 12844
14306 6535
14306 6537
14382 1234
14382 1272
14382 1276
14382 3656
14382 3658
14382 3659
14382 3660
14382 4204
14382 5267
14382 7983
14382 10379
14383 1330
14383 4236
14383 4240
14383 4246
14383 4251
14383 5501
14383 7983
14383 8052
14383 8677
14418 5120
14448 1299
14448 1354
14448 4232
14448 4237
14448 4239
14448 4243
14448 4249
14450 1299
14450 1354
14450 5227
14452 1962
14452 4677
14452 5268
14452 12579
14491 5287
14491 7510
14491 7535
14491 10890
14491 10894
14498 5842
14498 6846
14498 8723
14508 3415
14508 5282
14508 10634
14508 12571
14508 12579
14517 3765
14517 4299
14517 5213
14517 7510
14517 8052
14517 8465
14517 9559
14517 10371
14517 10605
14517 10634
14517 10635
14517 10894
14517 11974
14517 12571
14525 3748
14525 5213
14525 5282
14525 10367
14525 10371
14525 10605
14525 10635
14525 10890
14525 10894
14525 11432
14525 12571
