14541 14541 16391
22 646
22 907
22 2904
22 4191
22 8956
28 751
28 1572
28 1584
28 1924
28 2251
28 4485
28 4653
28 4853
28 5465
28 5585
28 6690
28 6843
28 7102
28 7263
28 7264
28 8377
31 2865
77 322
77 2240
77 2363
77 2866
77 3371
77 3984
77 4309
77 4853
77 5483
77 8544
77 8851
77 10934
79 189
79 1955
79 2029
79 2350
79 2670
79 3901
79 4183
79 5846
79 6712
79 8970
79 9931
87 8658
106 2762
106 2898
107 4307
110 5846
110 11063
111 704
111 2443
111 3789
111 4260
111 8433
111 9403
111 10058
111 10061
111 10150
113 954
113 1713
113 2705
113 2822
113 2930
113 4489
113 10493
120 6061
120 13265
122 2325
129 11277
140 5418
149 1890
149 2844
149 3028
149 5225
149 7820
149 13005
149 13486
164 2270
165 856
166 1869
166 2758
166 10061
178 338
178 575
178 1713
178 2709
178 2750
178 2800
178 2916
178 6226
178 10493
181 2845
188 988
189 79
189 696
189 1955
189 2350
189 3901
189 4182
189 4183
189 4431
189 9931
205 9185
212 1504
212 8123
212 9635
221 2850
221 3888
222 2099
222 2245
222 4077
222 4815
222 5381
222 8564
222 10757
222 10789
222 11812
225 1103
225 1281
226 8013
226 14006
229 649
230 647
230 1033
230 1784
230 1870
230 1916
230 2913
230 6181
241 211
241 750
241 7733
268 77
268 322
268 2368
268 2584
268 2604
268 2866
268 3134
268 3905
268 3984
268 4700
268 4853
268 5464
268 5483
268 6638
268 7166
268 7711
268 8851
268 9095
268 10856
268 11225
268 11452
268 11749
285 6302
285 7789
285 8841
285 9121
297 7956
302 685
302 2652
302 2734
302 2784
302 2871
302 7564
302 12061
309 462
309 1209
312 2184
312 5932
312 13162
316 6867
322 77
322 268
322 441
322 2866
322 2925
322 3061
322 3328
322 3344
322 3984
322 4964
322 5483
322 8851
322 10062
322 14040
327 367
327 534
327 1085
327 1346
327 2076
327 2204
327 2251
327 3116
327 3358
327 5855
327 7765
327 8197
327 8720
327 9419
327 9630
327 10226
327 11050
327 11194
327 12886
327 14517
328 13211
336 5458
336 8495
336 13107
337 370
337 2854
337 5418
337 6405
338 178
338 1924
338 2762
338 3575
338 3789
338 6556
345 110
345 659
345 5846
345 11063
363 667
363 3768
363 4101
363 4153
363 4173
363 4468
363 4727
363 5091
363 5682
363 6276
363 6474
363 6492
363 6851
363 6974
363 7879
363 8037
363 10706
363 12497
363 12709
363 14517
365 536
365 6033
367 327
367 534
367 1085
367 2076
367 2173
367 2251
367 3116
367 3190
367 3290
367 3358
367 3746
367 5855
367 7099
367 7182
367 8720
367 9419
367 10226
367 11194
367 12886
367 14284
381 2088
381 4714
393 1926
396 3755
396 5486
396 5967
396 7084
396 7554
396 7654
396 7741
396 8405
396 8599
396 8956
396 9166
396 9476
396 10899
396 14017
397 10391
406 268
406 425
406 2541
406 2623
406 3125
406 4194
406 4580
406 4740
406 5089
406 5220
406 5323
406 5509
406 5549
406 5683
406 5757
406 6253
406 6278
406 6373
406 6426
406 6464
406 6551
406 7092
406 10144
406 11028
406 11225
406 12668
406 12992
406 14024
407 2942
407 9361
407 11185
418 798
418 2709
418 3393
418 4476
418 6867
418 8977
419 4227
419 4846
419 7912
419 12768
419 13973
425 406
425 486
425 619
425 718
425 749
425 764
425 1524
425 1778
425 1887
425 2159
425 2261
425 2424
425 2615
425 4151
425 5653
425 6058
425 6464
425 6586
425 6748
425 6997
425 8873
425 10988
425 11028
425 11712
425 11897
425 12002
425 13486
425 13541
428 5509
436 2471
436 3067
436 7582
436 7583
436 7772
436 8218
436 8219
436 8623
436 8810
436 8888
436 10223
436 10824
436 13303
441 322
441 531
441 535
441 639
441 723
441 743
441 888
441 1453
441 1744
441 1921
441 2261
441 2282
441 2325
441 2406
441 2424
441 2653
441 2662
441 2925
441 3061
441 3328
441 3344
441 3389
441 3426
441 3916
441 4087
441 4158
441 4262
441 4853
441 6218
441 6763
441 7016
441 7865
441 9418
441 9840
441 10683
441 10944
441 11225
441 11857
441 11912
441 13055
441 13973
450 1781
450 4226
450 14382
451 717
451 785
451 1944
451 2365
451 3067
451 3190
451 4163
451 4293
451 5225
451 5430
451 6058
451 6692
451 7679
451 8582
451 8599
451 9086
451 9526
451 9634
451 10360
451 10702
451 11738
451 11856
451 12749
451 12867
451 13539
454 2854
454 5418
454 6061
458 7808
460 2232
460 5992
460 13556
461 693
461 1451
461 2192
461 5682
461 13580
462 309
462 1209
471 12411
476 2771
484 2358
486 425
486 1149
486 3045
486 5088
486 5653
486 6464
486 7716
486 8254
486 8873
486 9761
486 12002
486 12215
488 531
488 646
488 1692
488 1910
488 2531
488 4491
488 4548
488 6630
488 8804
488 9222
488 10462
488 12698
488 13414
501 2477
501 2850
501 2935
501 4783
501 8188
501 10926
510 4101
510 6690
510 6843
510 7102
510 7263
510 7264
510 7833
510 8377
510 12886
510 13055
511 518
511 1344
511 3405
511 4194
511 4585
511 7779
511 8912
511 11098
511 14508
514 1532
514 1969
514 2826
514 3358
514 3930
514 5029
514 5572
514 7358
514 8152
514 8547
514 9787
514 12545
518 511
518 1344
518 4194
518 4585
518 7546
518 7779
518 8912
518 11098
518 14508
519 3759
519 7173
519 7716
519 8742
519 10168
519 10879
519 11040
519 11350
519 11351
519 11352
519 12738
522 10938
522 11856
522 13005
531 441
531 646
531 749
531 890
531 1453
531 1692
531 1910
531 2325
531 2531
531 3046
531 4491
531 4548
531 4549
531 6218
531 6759
531 7912
531 8372
531 8804
531 9016
531 9222
531 9432
531 10462
531 12698
531 13310
531 13414
531 13973
534 327
534 367
534 441
534 535
534 706
534 723
534 743
534 888
534 1085
534 1346
534 1921
534 2076
534 2204
534 2251
534 2282
534 2424
534 2662
534 3116
534 3358
534 3389
534 3426
534 3746
534 3916
534 4087
534 4158
534 4351
534 5855
534 6763
534 7765
534 8197
534 8720
534 9419
534 9630
534 10683
534 11050
534 11194
534 11912
534 12886
534 14260
535 441
535 723
535 743
535 843
535 888
535 1921
535 2282
535 2495
535 2662
535 2779
535 3029
535 3389
535 3426
535 3916
535 4087
535 4158
535 4262
535 4351
535 4536
535 4610
535 6485
535 6763
535 10683
535 11856
535 11857
535 11912
535 14260
536 365
536 1546
536 4852
536 6033
536 9575
536 9596
536 10062
536 10856
536 11361
538 363
538 667
538 758
538 3272
538 3312
538 4153
538 4173
538 4468
538 4727
538 5091
538 5376
538 5682
538 6474
538 6492
538 6851
538 7879
538 8037
538 12545
538 14517
542 656
567 751
567 5263
567 7852
567 9358
567 10242
569 3977
569 6982
575 178
575 2709
575 2738
575 2845
575 6065
575 9775
576 2800
577 2764
577 6940
577 8979
577 10944
601 2245
601 2477
601 3486
601 4783
601 5933
601 7531
601 8188
610 212
610 1504
610 8123
610 9635
611 694
611 1870
611 1953
612 2204
612 2718
612 5573
619 268
619 425
619 990
619 1524
619 2406
619 3481
619 3495
619 4580
619 4723
619 5323
619 5549
619 6257
619 6940
619 7092
619 7546
619 7773
619 9487
619 9918
619 11098
619 11857
619 11897
619 12668
619 14024
621 14060
625 856
625 1316
631 11597
633 704
633 1566
633 4833
636 1334
636 1830
636 2866
636 6766
636 6931
636 9265
636 9577
636 11979
636 12651
639 441
639 743
639 990
639 2261
639 2406
639 2747
639 2757
639 3089
639 4853
639 7531
639 8607
639 9840
639 11839
639 11857
639 13055
639 13210
642 749
642 4664
642 6218
643 841
646 22
646 488
646 531
646 749
646 890
646 2531
646 2904
646 4191
646 4548
646 4549
646 5110
646 6058
646 6630
646 6759
646 7912
646 8804
646 8956
646 9016
646 9222
646 9432
646 10462
646 12698
646 13310
646 13414
647 230
647 6181
647 10615
649 229
654 229
654 649
654 6061
656 542
656 1143
656 1949
656 2743
659 345
659 5846
662 2584
662 4732
662 5060
662 5288
662 7084
663 3290
663 5490
663 6271
663 7268
663 8410
663 9810
664 686
664 2307
664 2705
664 2718
664 2757
664 2762
664 2776
664 2833
664 2871
664 2886
664 3707
664 4554
664 6055
664 6230
664 8418
664 8831
664 9099
664 9807
664 11003
667 363
667 538
667 758
667 2782
667 3272
667 4153
667 4173
667 4468
667 4727
667 5091
667 5682
667 6474
667 6492
667 6943
667 7879
667 8037
667 14517
668 2768
675 895
675 6028
675 10542
684 2716
685 2776
687 4226
687 8552
693 461
693 695
693 1486
693 1686
693 1871
693 1935
693 1953
693 2002
693 2192
693 4183
693 5682
693 5965
693 8551
693 8552
693 12470
693 14382
694 611
694 1870
694 1953
694 8551
695 1871
695 1953
695 2002
695 2913
695 4183
695 7904
695 8071
695 8551
695 8552
695 12470
695 14382
696 189
697 3740
697 4184
700 701
700 1331
700 1726
700 2443
700 2445
700 3019
700 9005
700 10708
700 11194
701 700
701 1726
701 2443
701 2445
701 10708
702 856
702 1190
702 1566
702 3200
702 5571
702 5629
702 6290
702 7352
702 8433
702 8495
702 9493
702 9576
702 10167
702 11188
702 11477
702 11591
702 13107
702 13342
702 13429
704 111
704 633
704 3200
704 3839
704 5456
704 6167
704 7786
704 8063
704 8751
704 10150
704 14060
706 327
706 367
706 534
706 896
706 1085
706 1346
706 2076
706 2204
706 2251
706 3116
706 3358
706 3746
706 4723
706 4852
706 4853
706 5225
706 5855
706 6822
706 7722
706 8197
706 8720
706 9630
706 10226
706 11050
706 12668
706 12886
706 13971
710 2853
710 10346
717 451
717 785
717 1944
717 2365
717 3067
717 4163
717 4293
717 6058
717 7679
717 8582
717 8599
717 9086
717 9634
717 10360
717 10702
717 11738
717 11856
717 12749
717 13539
718 425
718 749
718 764
718 2615
718 4151
718 6058
718 6586
718 10988
718 11712
718 13486
718 13541
723 534
723 1921
723 2282
723 2424
723 2662
723 3389
723 3916
723 4158
723 4262
723 4351
723 7099
723 10683
723 11912
723 14260
724 3729
724 5795
724 8413
724 8872
724 9743
725 1545
725 1822
725 1924
725 2358
725 2540
725 6973
725 8207
725 8669
725 9699
725 13486
727 4098
727 4131
727 4466
727 7161
727 10442
727 11519
727 12174
729 3633
729 4565
732 77
732 406
732 2240
732 2363
732 3222
732 3371
732 4194
732 4309
732 4723
732 5220
732 5715
732 5757
732 6165
732 6253
732 6373
732 6464
732 8070
732 9397
732 10180
732 10951
732 11028
743 441
743 535
743 639
743 723
743 990
743 1921
743 2261
743 2282
743 2406
743 2424
743 3389
743 3426
743 3916
743 4158
743 4262
743 4351
743 4853
743 5037
743 6763
743 9567
743 9568
743 9840
743 10683
743 11857
743 11912
743 13055
743 14260
749 425
749 642
749 646
749 718
749 890
749 2615
749 4664
749 6058
749 6218
749 6586
749 6748
749 6759
749 8372
749 10988
749 11712
749 13310
749 13486
749 13541
750 241
750 890
750 1453
750 4549
750 5891
750 6058
750 6997
750 7022
750 11172
750 12035
750 13272
751 28
751 567
751 1085
751 1572
751 1924
751 2251
751 4295
751 4485
751 4613
751 4853
751 6414
751 9358
751 10242
751 11963
751 12696
753 2925
753 4274
753 4551
753 5194
753 8956
753 9082
757 751
757 1924
757 3222
757 5110
757 6414
757 13306
758 363
758 396
758 538
758 667
758 1149
758 1291
758 1607
758 2495
758 2782
758 3272
758 3477
758 4101
758 4153
758 4173
758 4468
758 4565
758 4853
758 5486
758 5682
758 5757
758 6257
758 6474
758 6492
758 6851
758 6943
758 7084
758 7269
758 7879
758 7929
758 8037
758 8312
758 10899
758 11098
758 12397
758 12696
758 14517
764 425
764 718
764 749
764 832
764 1546
764 2880
764 4151
764 4163
764 4759
764 6058
764 6586
764 6748
764 8110
764 9765
764 10988
764 11712
764 12709
764 13414
764 13486
764 13541
785 451
785 717
785 1944
785 2365
785 3067
785 3190
785 4163
785 5430
785 6058
785 7679
785 8582
785 8599
785 9086
785 9634
785 10360
785 10702
785 11738
785 12749
785 13539
798 418
798 1949
798 2709
798 4265
798 12012
800 2562
800 3200
832 2950
832 3579
832 3781
832 4163
832 4756
832 4759
832 4848
832 5210
832 5300
832 8647
832 9125
832 9595
832 10126
832 10880
832 11385
832 11712
832 11833
832 13414
832 13486
836 2652
836 7593
841 1981
841 2270
841 3717
841 4426
841 6413
841 7719
841 9986
841 10154
841 11106
841 12319
841 12854
843 2779
843 6485
843 11856
843 11857
848 12707
853 1596
853 2265
853 7268
853 7966
853 10934
856 165
856 625
856 702
856 1538
856 1656
856 3433
856 3434
856 3479
856 3617
856 4005
856 4633
856 4932
856 5463
856 5473
856 6364
856 6556
856 6982
856 7303
856 7356
856 8495
856 8671
856 9033
856 9196
856 11591
856 12249
856 12319
856 13417
856 14060
864 2736
867 2724
878 3061
878 6301
878 6816
878 8498
878 10091
878 11519
878 11749
884 704
887 8362
887 11355
887 11993
888 441
888 534
888 535
888 723
888 743
888 1921
888 2424
888 2662
888 3389
888 3426
888 4087
888 4158
888 4262
888 4351
888 6763
888 10683
888 11912
888 14260
889 7437
890 531
890 646
890 749
890 750
890 1345
890 3405
890 3746
890 5509
890 5891
890 6058
890 6759
890 7161
890 8372
890 8912
890 8956
890 10951
890 11172
890 13310
890 14083
895 675
895 6028
895 10542
896 706
896 1085
896 1873
896 3048
896 3358
896 4723
896 4852
896 4853
896 5225
896 7722
896 12668
907 22
907 646
907 2904
907 2939
907 8956
907 13580
914 1916
914 2703
914 2704
914 2824
914 4909
914 5920
914 12609
914 14003
918 9981
923 1864
923 2127
923 3447
923 5125
923 5171
924 2649
924 3967
924 5479
924 5572
924 7343
924 7716
924 8091
924 8207
924 11247
954 2705
954 2757
954 2764
954 2930
954 6178
955 1784
955 3365
957 4755
957 10360
959 960
959 1953
959 9276
960 959
960 9276
987 1881
987 2928
987 11861
987 13358
988 188
990 441
990 619
990 639
990 2261
990 2363
990 3598
990 3697
990 3730
990 3732
990 3734
990 3735
990 3736
990 3737
990 3738
990 3860
990 5376
990 6940
990 7730
990 9840
990 9918
990 10052
990 10455
990 12426
990 12510
990 12668
990 13055
990 13970
990 14059
991 2235
991 3190
991 5757
991 8030
995 1859
995 3952
995 4723
995 5706
995 7879
995 8290
999 122
999 1164
999 2763
999 3755
999 3914
999 4470
999 5263
999 6758
999 8925
1009 2918
1009 3047
1013 13218
1014 4541
1014 5262
1015 2790
1016 6970
1033 2773
1033 4226
1033 4896
1033 4938
1033 7063
1033 9775
1033 10493
1033 10796
1033 13446
1038 1493
1038 2932
1038 12694
1046 1209
1046 1376
1046 2322
1046 3610
1046 5486
1046 8536
1046 10062
1048 575
1079 4121
1084 5167
1084 8187
1084 9750
1084 12376
1085 327
1085 367
1085 461
1085 534
1085 706
1085 727
1085 751
1085 896
1085 1291
1085 1346
1085 1451
1085 2076
1085 2204
1085 2251
1085 2282
1085 3116
1085 3358
1085 3746
1085 4131
1085 5855
1085 7161
1085 7765
1085 8197
1085 8720
1085 9419
1085 9630
1085 10226
1085 10708
1085 11050
1085 11194
1085 11519
1085 12174
1085 12334
1085 12390
1085 12886
1085 14517
1097 2609
1097 11098
1103 225
1103 1416
1103 2404
1103 2636
1103 2688
1103 2731
1103 4001
1103 4876
1103 5140
1122 3633
1122 10669
1122 11660
1139 1671
1139 2416
1139 4008
1139 4220
1143 656
1143 6803
1148 3272
1148 5624
1148 7886
1148 8435
1148 8823
1148 10190
1148 10253
1148 10310
1148 10447
1148 13167
1148 14525
1149 486
1149 758
1149 1607
1149 1873
1149 4101
1149 4853
1149 5088
1149 5757
1149 7929
1149 8207
1149 9761
1149 12215
1149 12696
1162 1163
1162 4164
1162 12249
1163 1162
1163 2067
1163 4164
1163 10060
1163 11117
1163 12249
1164 999
1164 3755
1164 3914
1164 4470
1164 5263
1164 6758
1164 8925
1164 9493
1190 702
1190 841
1190 9056
1190 10058
1190 13552
1192 1419
1192 2396
1192 3114
1192 3242
1192 4568
1192 4570
1192 4572
1192 4575
1192 4576
1192 4577
1202 1720
1202 1949
1202 2773
1202 3053
1202 6061
1202 13442
1209 1376
1209 2322
1209 5486
1209 8547
1209 10062
1209 10408
1241 10249
1264 1265
1264 4094
1265 4094
1265 12999
1268 2928
1268 3485
1281 225
1281 9198
1291 727
1291 758
1291 1085
1291 3051
1291 3477
1291 4098
1291 4466
1291 6257
1291 7161
1291 7269
1291 8956
1291 10173
1291 10442
1291 11519
1291 12068
1291 12174
1291 12334
1294 2262
1294 2325
1294 4536
1294 4579
1294 5301
1294 5817
1294 8083
1294 9699
1316 625
1320 1913
1320 8183
1320 11857
1320 12696
1331 700
1331 2252
1331 2359
1331 3125
1331 3984
1331 7288
1331 8292
1333 1985
1333 2054
1333 3903
1333 3990
1333 4184
1333 4203
1333 4871
1333 6061
1333 6262
1333 12061
1334 636
1334 1830
1334 2866
1334 4101
1334 6766
1334 6931
1334 9265
1334 9577
1334 10706
1334 11979
1340 1545
1340 2235
1340 4852
1340 5663
1344 511
1344 518
1344 3405
1344 4194
1344 4585
1344 7546
1344 8912
1344 11098
1344 14508
1345 890
1345 3405
1345 5509
1345 7161
1345 8956
1345 14083
1346 327
1346 367
1346 534
1346 706
1346 1085
1346 2076
1346 2204
1346 2251
1346 3116
1346 3358
1346 3746
1346 5855
1346 7765
1346 8197
1346 8498
1346 8720
1346 9419
1346 9630
1346 10226
1346 11050
1346 11194
1346 12886
1346 14517
1347 7373
1357 9971
1357 11897
1368 4979
1368 5949
1368 6661
1368 7786
1368 12333
1376 1046
1376 1209
1376 2322
1376 3610
1376 8536
1376 8547
1376 10062
1388 659
1390 9095
1396 3486
1396 4275
1396 6753
1400 166
1414 2450
1414 2842
1414 3711
1414 5045
1414 5453
1414 5486
1414 5702
1414 5808
1414 6335
1414 6653
1414 6681
1414 6800
1414 7002
1414 7155
1414 7632
1414 7753
1414 8015
1414 8220
1414 8382
1414 8383
1414 8384
1414 8888
1414 9003
1414 9924
1416 1103
1417 2836
1417 6056
1417 6128
1417 10019
1417 11279
1417 11858
1417 12917
1419 1192
1419 1941
1419 2396
1419 2844
1419 3114
1419 3242
1419 4570
1419 4571
1419 4575
1419 4576
1419 4577
1419 4578
1419 6808
1419 6956
1419 7924
1419 8090
1419 8750
1419 8953
1419 9721
1419 10941
1419 11161
1438 2825
1438 2826
1438 2850
1451 461
1451 1085
1451 9165
1451 10062
1451 10787
1451 11145
1453 441
1453 750
1453 1744
1453 2325
1453 3046
1453 4549
1453 6058
1453 6218
1453 7022
1453 12035
1453 13973
1455 3165
1455 3255
1455 3789
1455 7076
1455 9138
1455 10058
1455 11477
1481 642
1481 749
1481 4664
1481 6218
1484 12152
1486 461
1486 693
1486 2192
1486 5682
1493 1038
1493 2932
1493 12694
1504 212
1504 610
1504 8123
1504 9635
1524 425
1524 619
1524 11897
1525 2772
1530 1969
1532 514
1532 1969
1532 2826
1532 3930
1532 5572
1532 8547
1532 9787
1532 12545
1535 2018
1538 856
1538 14060
1544 704
1545 725
1545 2215
1545 2235
1545 2540
1545 4852
1545 5160
1545 5466
1545 5663
1545 6218
1545 9699
1545 13486
1546 536
1546 764
1546 2076
1546 9575
1546 9596
1546 11361
1546 12709
1556 3143
1562 111
1562 2443
1566 633
1566 702
1566 704
1566 3200
1566 7786
1566 8420
1566 8433
1566 8495
1566 10899
1566 12003
1566 12184
1566 12849
1572 28
1572 338
1572 1924
1572 2251
1572 2253
1572 4485
1572 4853
1572 12696
1579 4297
1582 2737
1582 2771
1582 8487
1584 28
1584 4653
1584 5465
1584 5585
1584 6690
1584 6843
1584 7263
1584 12886
1596 853
1596 7268
1596 7966
1603 3779
1603 4822
1603 6746
1603 7422
1603 9700
1603 10753
1607 758
1607 1149
1607 1873
1607 4290
1607 4853
1607 5757
1607 7929
1607 8096
1607 8207
1607 11857
1607 12397
1607 12696
1636 12707
1638 4101
1638 6276
1638 6974
1638 10706
1638 12497
1638 12709
1645 3999
1645 4485
1645 6193
1645 8460
1652 7343
1652 11591
1656 856
1656 2067
1656 7786
1656 8477
1656 8925
1671 1139
1671 2416
1671 4008
1671 4220
1671 10815
1686 693
1686 1713
1692 488
1692 531
1692 646
1692 1910
1692 2531
1692 4491
1692 4548
1692 4549
1692 5110
1692 6630
1692 7912
1692 8181
1692 8804
1692 9222
1692 9432
1692 10462
1692 12698
1692 13414
1712 9140
1712 10284
1713 113
1713 178
1713 1686
1713 2275
1713 4001
1713 10858
1713 11654
1720 1202
1726 700
1726 701
1726 2443
1726 2445
1726 10708
1734 6286
1744 441
1744 531
1744 1453
1744 2325
1744 3178
1744 5479
1744 5827
1744 10988
1744 13602
1744 13973
1745 12651
1746 3729
1746 4470
1746 5795
1746 8413
1746 9743
1752 2976
1752 5318
1752 7300
1752 8153
1752 8477
1752 10075
1752 11116
1753 338
1753 5896
1753 6556
1753 11770
1776 3016
1778 425
1778 5715
1781 450
1781 2853
1781 4476
1781 5125
1781 5442
1781 12111
1782 5477
1782 6724
1782 9380
1782 11579
1784 230
1784 955
1784 3485
1784 3888
1784 4275
1784 5965
1785 656
1785 13417
1787 4229
1795 3474
1795 10966
1807 6803
1807 8472
1807 10961
1809 2701
1809 2702
1809 3940
1809 7303
1822 725
1822 1924
1822 5509
1822 6271
1822 8669
1830 636
1830 1334
1830 2866
1830 6766
1830 6931
1830 9265
1830 9577
1830 11979
1838 221
1838 2579
1838 4089
1848 5849
1848 6431
1848 7557
1850 1911
1850 1935
1850 2032
1850 2670
1850 2939
1850 6397
1850 13580
1850 14382
1852 5160
1852 8750
1857 3197
1857 4782
1857 4894
1857 6314
1857 7128
1857 7193
1857 8236
1857 8546
1857 8651
1857 9030
1857 9031
1857 9110
1857 12275
1859 995
1859 3952
1859 4723
1859 5706
1859 7879
1859 9787
1862 5448
1862 5449
1862 5450
1864 923
1864 5125
1869 2015
1869 6595
1869 7808
1869 12424
1870 230
1870 611
1870 694
1870 1953
1870 2913
1870 13442
1871 695
1871 1953
1871 2002
1871 2888
1871 2913
1871 4183
1871 4275
1871 4584
1871 6181
1871 6753
1871 8552
1871 12470
1871 14382
1873 706
1873 758
1873 896
1873 1149
1873 1607
1873 2580
1873 3048
1873 3358
1873 3894
1873 4723
1873 4852
1873 4853
1873 5225
1873 5715
1873 5757
1873 6822
1873 7722
1873 9758
1873 10242
1873 10996
1873 12397
1873 12668
1873 12696
1873 14517
1881 2703
1887 2261
1888 3495
1889 2820
1889 3120
1889 4892
1889 4909
1889 14006
1890 149
1890 5225
1890 7363
1890 7820
1890 12035
1890 13005
1890 13486
1902 3648
1902 5416
1902 5450
1902 5588
1902 5640
1902 6809
1902 7047
1902 7966
1902 8580
1902 9034
1902 9224
1902 9695
1902 9787
1902 11179
1902 12227
1902 12709
1904 2095
1904 10061
1910 488
1910 646
1910 1692
1910 2531
1910 2764
1910 3300
1910 3680
1910 4167
1910 4548
1910 4723
1910 5587
1910 6630
1910 7912
1910 8181
1910 8804
1910 8979
1910 9016
1910 9222
1910 9224
1910 9432
1910 9493
1910 10462
1910 12698
1910 13414
1911 1850
1911 1935
1911 2670
1911 2939
1911 6397
1911 13580
1911 14382
1913 1320
1913 6364
1913 8183
1913 8925
1913 11857
1913 12696
1913 12867
1916 914
1916 2018
1916 2308
1916 2703
1916 2704
1916 2824
1916 4909
1916 5920
1916 14003
1917 5295
1921 535
1921 723
1921 2282
1921 2424
1921 2522
1921 2662
1921 2836
1921 3389
1921 3426
1921 3916
1921 4087
1921 4158
1921 4262
1921 5528
1921 5620
1921 5740
1921 5891
1921 5893
1921 5894
1921 5895
1921 6179
1921 6684
1921 6763
1921 7019
1921 7020
1921 7022
1921 7023
1921 9585
1921 14030
1921 14260
1922 2727
1922 2759
1922 12061
1923 6724
1924 28
1924 338
1924 757
1924 1572
1924 1822
1924 2251
1924 4485
1924 4853
1924 5110
1924 5509
1924 6271
1924 6973
1924 7886
1924 10787
1924 11145
1924 11963
1924 12696
1926 393
1926 6292
1935 693
1935 1850
1935 2032
1935 2670
1935 2939
1935 6397
1935 12992
1935 14382
1938 6251
1940 2854
1940 5418
1940 9198
1941 1192
1941 1419
1941 2396
1941 2844
1941 3114
1941 3242
1941 4568
1941 4570
1941 4571
1941 4572
1941 4575
1941 4577
1941 4735
1941 6956
1941 7924
1941 8090
1941 10941
1941 11161
1944 451
1944 717
1944 2365
1944 3067
1944 4163
1944 4293
1944 5430
1944 6058
1944 7679
1944 8582
1944 8599
1944 9086
1944 9634
1944 10360
1944 10683
1944 10702
1944 11738
1944 13005
1944 13539
1949 656
1949 798
1949 1202
1949 2854
1949 5125
1949 5418
1949 6061
1953 693
1953 694
1953 695
1953 1870
1953 1871
1953 2002
1953 2913
1953 3778
1953 5965
1953 8551
1953 8552
1953 12470
1953 14382
1955 79
1955 2350
1955 3676
1955 3901
1955 4183
1955 6712
1955 9931
1964 7063
1969 514
1969 1530
1969 1532
1969 2826
1969 3930
1969 5572
1969 8547
1969 12545
1976 11453
1980 2325
1980 6047
1981 841
1985 2308
1985 3903
1985 4871
1985 6262
2002 693
2002 695
2002 1953
2002 2708
2002 2913
2002 3399
2002 4183
2002 5965
2002 6181
2002 8552
2002 12470
2002 13574
2002 14382
2015 1869
2015 7011
2018 1264
2018 1265
2018 1535
2018 2308
2018 3203
2018 5418
2018 6061
2029 79
2029 189
2029 1955
2029 3676
2029 3901
2029 4183
2029 4431
2029 6712
2032 1850
2032 1911
2032 1935
2032 2670
2032 12992
2032 13580
2032 14382
2040 4739
2043 8970
2043 11856
2050 5037
2054 3903
2054 4203
2054 7324
2060 3144
2067 1163
2067 1656
2067 8477
2067 10818
2067 13970
2072 8940
2072 10121
2076 327
2076 367
2076 534
2076 706
2076 1085
2076 1346
2076 1546
2076 2204
2076 2251
2076 3116
2076 3358
2076 3376
2076 3746
2076 5855
2076 8197
2076 8720
2076 9419
2076 9630
2076 10226
2076 11050
2076 11194
2076 11979
2076 12886
2076 14517
2077 9253
2081 2817
2081 3875
2081 11017
2088 381
2088 4714
2090 2780
2090 2797
2090 7945
2095 1904
2095 6476
2095 7808
2097 1084
2097 9485
2099 222
2099 2245
2099 4077
2099 5381
2099 8564
2099 10789
2104 3286
2113 12298
2117 13969
2127 923
2127 4226
2127 5125
2127 5140
2142 3114
2142 7867
2142 9432
2151 639
2151 2757
2151 3089
2151 7531
2151 8607
2159 425
2159 486
2159 5006
2159 5653
2159 6464
2159 8254
2159 8873
2159 12002
2162 663
2162 3290
2162 5490
2162 6271
2162 7268
2162 8410
2173 367
2173 3190
2173 3290
2173 7182
2173 14284
2183 1607
2183 4290
2183 4309
2183 5459
2183 6624
2183 8096
2183 8650
2183 8784
2184 312
2184 5932
2184 7828
2184 8207
2184 12545
2184 13162
2187 3984
2187 5827
2187 11897
2192 461
2192 693
2192 1486
2192 5682
2195 2194
2204 327
2204 367
2204 534
2204 612
2204 706
2204 1085
2204 1346
2204 2076
2204 2251
2204 3116
2204 3358
2204 3746
2204 5855
2204 7765
2204 8720
2204 9419
2204 9630
2204 10934
2204 11050
2204 11194
2204 12886
2204 14517
2209 12012
2215 419
2215 1340
2215 1545
2215 2235
2215 4227
2215 4846
2215 4852
2215 5466
2215 6218
2215 7912
2215 12768
2215 13973
2216 460
2216 2232
2216 13556
2223 6147
2229 4573
2229 11255
2230 2636
2230 8417
2231 3245
2231 3885
2231 3890
2231 4914
2231 6501
2231 7912
2231 9399
2231 9901
2231 13997
2232 460
2232 13556
2234 6091
2234 7362
2234 8671
2234 12867
2235 436
2235 991
2235 1340
2235 1545
2235 2215
2235 3190
2235 4852
2235 5466
2235 5757
2235 6179
2235 6218
2235 6931
2235 7582
2235 7583
2235 8030
2235 8623
2235 8810
2235 8888
2235 9249
2235 10824
2235 13303
2238 9161
2240 77
2240 732
2240 3371
2240 4309
2240 4958
2240 6477
2240 6479
2240 8544
2240 9400
2245 601
2245 2099
2245 5933
2245 7531
2245 8564
2245 10789
2251 327
2251 367
2251 534
2251 1085
2251 1572
2251 1924
2251 2076
2251 2204
2251 3116
2251 3358
2251 3746
2251 4485
2251 4486
2251 4853
2251 5817
2251 5855
2251 6809
2251 7765
2251 7886
2251 8197
2251 8720
2251 9419
2251 10226
2251 11050
2251 11194
2251 12696
2251 12886
2251 14517
2252 700
2253 1572
2259 2799
2259 3344
2259 4464
2259 5160
2259 6390
2259 13272
2261 425
2261 441
2261 639
2261 743
2261 990
2261 1887
2261 2406
2261 4853
2261 9840
2261 11857
2261 13055
2261 14060
2262 1294
2262 5322
2262 5817
2262 6373
2262 7779
2262 9377
2262 13306
2265 1596
2265 7966
2265 10934
2270 841
2270 4216
2275 1713
2275 2652
2275 10111
2279 10315
2282 441
2282 534
2282 535
2282 743
2282 888
2282 1085
2282 2424
2282 3389
2282 3426
2282 4087
2282 4158
2282 4262
2282 6763
2282 10683
2282 14260
2293 8825
2293 8840
2307 2762
2307 2871
2307 2916
2307 3707
2307 4554
2307 6055
2307 6230
2307 8831
2308 1916
2308 1985
2308 2018
2308 3203
2308 5418
2308 8922
2313 5586
2313 8066
2313 9182
2313 9707
2313 10214
2313 11225
2313 13971
2322 1046
2322 1209
2322 5486
2322 8536
2322 8547
2322 10062
2325 122
2325 441
2325 531
2325 1453
2325 1744
2325 1980
2325 2262
2325 3046
2325 3178
2325 4536
2325 4562
2325 5479
2325 5490
2325 5817
2325 5827
2325 6047
2325 8925
2325 9699
2325 10988
2325 12003
2325 13602
2331 7793
2339 8997
2342 8063
2342 9205
2342 10058
2350 79
2350 189
2350 1955
2350 2029
2350 3676
2350 4183
2350 4431
2350 6712
2350 9931
2352 2822
2358 448
2358 484
2358 725
2358 1545
2358 2540
2358 6061
2358 8207
2358 9699
2358 11333
2358 11597
2358 13486
2359 1331
2359 2541
2359 2723
2359 4189
2359 4852
2359 5288
2359 6390
2359 6794
2359 7268
2359 8207
2359 8352
2359 12249
2363 77
2363 732
2363 990
2363 2240
2363 3371
2363 3598
2363 4309
2363 7730
2363 10052
2363 12426
2363 14059
2365 451
2365 717
2365 785
2365 1944
2365 3067
2365 3190
2365 4163
2365 4293
2365 5430
2365 6058
2365 7679
2365 8599
2365 9086
2365 9634
2365 10360
2365 10702
2365 11738
2365 12749
2365 13539
2368 2584
2368 2604
2368 2971
2368 3134
2368 3905
2368 4723
2368 5185
2368 5464
2368 6638
2368 7701
2368 7711
2368 11452
2368 11749
2368 14284
2387 4440
2387 8155
2396 1192
2396 1419
2396 1941
2396 2844
2396 3114
2396 3242
2396 4568
2396 4570
2396 4571
2396 4572
2396 4575
2396 4576
2396 4577
2396 4578
2396 4735
2396 6956
2396 7924
2396 8090
2396 10941
2396 11161
2399 13066
2403 2701
2403 2702
2403 2749
2403 9469
2404 1103
2404 2636
2404 4001
2404 4876
2404 7256
2406 441
2406 619
2406 639
2406 743
2406 990
2406 2261
2406 4853
2406 6630
2406 10530
2406 10988
2406 11857
2406 13055
2416 1139
2416 1671
2416 4008
2416 4220
2420 3548
2420 3587
2420 3624
2420 3671
2420 4974
2420 5975
2420 7405
2420 8041
2420 9350
2420 10239
2424 425
2424 441
2424 534
2424 535
2424 888
2424 2282
2424 2662
2424 3389
2424 3426
2424 3916
2424 4087
2424 4158
2424 4262
2424 4351
2424 6997
2424 10683
2424 11912
2424 14260
2429 7033
2429 7085
2429 10201
2429 10210
2443 111
2443 700
2443 701
2443 1726
2443 2445
2443 10708
2445 700
2445 701
2445 1726
2445 2443
2445 10708
2450 1414
2450 5486
2450 5702
2450 5808
2450 6335
2450 6800
2450 7002
2450 7632
2450 7753
2450 8220
2450 8383
2450 8888
2450 9003
2450 9924
2471 436
2471 3067
2471 5847
2471 6555
2471 7772
2471 7786
2471 8093
2471 8218
2471 8219
2471 9700
2471 10382
2477 601
2477 2759
2477 2875
2477 4783
2477 8188
2478 2859
2478 7564
2478 8607
2478 12390
2478 12471
2490 7531
2495 535
2495 758
2495 843
2495 3029
2495 4536
2495 4610
2495 6485
2495 7182
2495 8312
2495 11098
2495 11856
2495 11857
2522 1921
2522 5528
2522 5620
2522 5891
2522 5893
2522 5894
2522 5895
2522 7018
2522 7019
2522 7020
2522 7021
2522 7022
2522 7023
2522 9585
2531 531
2531 1692
2531 1910
2531 4548
2531 4549
2531 5110
2531 6630
2531 7912
2531 8181
2531 8804
2531 9016
2531 9222
2531 9432
2531 10462
2531 13414
2540 725
2540 1545
2540 2358
2540 2836
2540 2846
2540 4554
2540 7588
2540 8207
2540 8422
2540 9099
2540 9699
2540 13486
2541 2723
2541 12992
2554 8188
2558 1460
2562 800
2562 3200
2562 4923
2562 5804
2562 10388
2563 406
2563 3125
2563 5683
2563 6551
2563 7660
2572 1014
2572 4541
2572 5262
2575 11353
2579 1838
2579 2707
2579 2728
2579 4089
2580 1873
2580 3048
2580 3358
2580 4852
2580 5225
2580 7722
2580 9758
2584 268
2584 662
2584 2368
2584 2680
2584 2716
2584 3134
2584 3905
2584 5060
2584 5185
2584 6285
2584 6638
2584 7084
2584 7288
2584 7701
2584 9630
2584 10856
2584 11050
2584 11452
2584 11749
2584 13271
2588 6973
2588 7733
2588 10030
2602 7610
2604 268
2604 2368
2604 2584
2604 3134
2604 3739
2604 3905
2604 4442
2604 4723
2604 5185
2604 5464
2604 6638
2604 7701
2604 7711
2604 9630
2604 10856
2604 11452
2604 11749
2604 13271
2609 12298
2610 2770
2610 2836
2610 5298
2610 12061
2610 12390
2613 11539
2615 425
2615 718
2615 749
2615 764
2615 4151
2615 6586
2615 6748
2615 11712
2615 13541
2619 7629
2620 1009
2620 2918
2623 406
2623 2563
2623 3125
2623 3221
2623 5683
2623 6551
2635 9631
2636 1103
2636 2230
2636 4001
2636 8417
2645 4520
2649 924
2649 5572
2649 7716
2652 302
2652 836
2652 2275
2652 2876
2652 4554
2653 441
2653 4227
2653 7865
2653 9418
2653 10944
2653 11225
2654 8495
2656 3739
2656 7581
2656 8925
2656 12680
2662 441
2662 535
2662 723
2662 743
2662 888
2662 2282
2662 2424
2662 3389
2662 3426
2662 3916
2662 4087
2662 4158
2662 4262
2662 6763
2662 11912
2662 14260
2664 9140
2664 14418
2665 13265
2666 6724
2666 8420
2666 11591
2670 1911
2670 1935
2670 2032
2670 4431
2670 6397
2670 12992
2670 13580
2670 14382
2679 7654
2680 2584
2680 2716
2682 6364
2682 8739
2682 8825
2682 10819
2686 7793
2686 13499
2688 1103
2689 4909
2698 12186
2699 2755
2701 1809
2701 2403
2702 1809
2702 2403
2702 2701
2703 914
2703 1881
2703 1916
2703 2704
2703 2824
2703 4909
2703 5920
2703 12165
2703 12609
2703 13535
2703 14003
2704 914
2704 1916
2704 2703
2704 2722
2704 2824
2704 4909
2704 6226
2704 14003
2705 113
2705 664
2705 954
2705 2736
2705 2750
2705 2757
2705 2833
2705 2930
2705 3707
2705 6225
2705 9099
2705 10493
2707 2579
2707 2728
2708 2002
2708 3399
2708 6181
2708 14382
2709 178
2709 418
2709 575
2709 798
2709 1916
2709 2738
2709 2758
2709 6867
2709 7097
2709 9775
2710 2727
2710 2728
2714 2762
2714 6065
2714 6861
2714 7097
2714 8607
2716 684
2716 2584
2716 2680
2716 3089
2716 6225
2716 8607
2716 12917
2718 612
2718 664
2718 2705
2718 2762
2718 2771
2718 2833
2718 3707
2718 3875
2718 4554
2718 6178
2718 6857
2718 7135
2718 7531
2718 8418
2718 8838
2718 9099
2718 10601
2718 11839
2722 2704
2722 5920
2722 6226
2723 2359
2723 2541
2723 2794
2723 4643
2723 8207
2724 867
2724 2928
2724 12390
2727 1922
2727 2710
2727 2728
2728 2579
2728 2707
2728 2710
2728 2727
2731 1103
2731 1926
2732 4800
2732 5295
2732 5563
2732 10909
2732 12152
2734 14010
2736 2705
2736 10493
2736 14100
2738 178
2738 575
2738 1048
2738 2709
2740 5420
2743 656
2743 2854
2743 3447
2743 4573
2743 5418
2743 9198
2747 639
2748 4227
2748 5029
2748 5319
2748 9095
2748 10058
2748 11770
2748 11798
2748 11979
2749 2403
2749 4616
2749 5059
2749 5203
2750 2705
2750 2736
2750 10493
2754 2718
2754 2757
2754 2930
2754 6072
2755 2699
2755 2787
2757 639
2757 664
2757 954
2757 2151
2757 2705
2757 2718
2757 2754
2757 2768
2757 2833
2757 3707
2757 7531
2757 8607
2757 9099
2757 9742
2758 166
2759 166
2759 2477
2759 2727
2759 2800
2759 2845
2759 2890
2759 2958
2759 6224
2759 11861
2759 13442
2760 6224
2761 6128
2761 7097
2761 7651
2761 13301
2762 106
2762 338
2762 664
2762 1753
2762 2307
2762 2714
2762 2718
2762 2871
2762 2886
2762 2902
2762 2916
2762 3089
2762 3365
2762 4554
2762 6556
2762 6857
2762 7564
2762 7651
2762 7759
2762 8422
2762 8831
2762 8838
2762 9099
2762 10005
2762 12390
2763 406
2763 999
2763 8460
2763 9074
2763 9099
2763 12036
2763 12668
2764 577
2764 954
2764 1910
2764 2610
2764 2760
2764 2850
2764 3300
2764 3680
2764 4167
2764 5587
2764 6224
2764 6329
2764 6940
2764 7135
2764 7531
2764 7564
2764 9224
2764 9248
2764 9493
2764 10944
2768 668
2768 2757
2768 5426
2768 6744
2768 6857
2768 7564
2768 7759
2768 8838
2768 11839
2769 3986
2769 8613
2769 12992
2770 2764
2771 476
2771 1582
2771 2718
2771 5426
2772 1525
2772 9917
2772 14060
2773 1033
2773 4896
2773 7063
2773 10493
2773 10796
2773 13446
2776 664
2776 685
2776 2714
2776 10019
2779 535
2779 843
2779 2495
2779 3029
2779 4536
2779 4610
2779 11856
2779 11857
2780 7009
2780 7945
2782 363
2782 538
2782 667
2782 758
2782 3272
2782 4153
2782 4173
2782 4468
2782 4727
2782 5091
2782 5682
2782 6474
2782 6492
2782 6851
2782 6943
2782 7879
2782 8037
2782 14517
2784 302
2785 7471
2785 8120
2786 181
2786 2845
2787 2755
2787 3202
2790 1015
2793 14072
2793 14088
2794 2723
2797 2090
2797 2780
2797 7009
2799 2259
2799 4464
2799 4752
2799 5160
2799 6390
2800 178
2800 576
2800 2759
2800 2825
2800 2826
2800 2935
2800 9458
2814 11289
2814 12887
2815 6181
2817 2081
2817 3875
2817 11017
2819 7588
2820 695
2820 1889
2820 2939
2820 3120
2820 4892
2820 4909
2820 9775
2820 11861
2820 13580
2820 14006
2822 2352
2824 1916
2824 2703
2824 2704
2824 4909
2824 5920
2824 12609
2824 14003
2825 1438
2825 2800
2825 2826
2825 2850
2825 4554
2825 6056
2825 7588
2825 9458
2826 1438
2826 1532
2826 1969
2826 2800
2826 2825
2826 2836
2826 5572
2826 8547
2826 9458
2826 9787
2826 10601
2826 12545
2827 6639
2830 7665
2831 6260
2833 664
2833 2705
2833 3707
2833 3875
2833 4554
2833 7275
2836 1417
2836 2540
2836 2610
2836 2846
2836 2850
2836 4554
2836 6179
2836 10019
2837 5119
2842 5453
2842 5808
2842 6335
2842 6800
2842 7002
2842 7632
2842 8015
2842 8382
2844 1419
2844 2396
2844 3114
2844 3242
2844 3692
2844 3764
2844 4551
2844 4570
2844 4571
2844 4572
2844 4575
2844 4576
2844 5046
2844 5110
2844 6652
2844 6758
2844 8953
2844 9785
2844 10240
2844 11080
2844 11361
2844 11890
2844 12005
2844 12278
2845 181
2845 575
2845 2759
2845 2786
2845 5295
2845 6065
2845 8205
2845 9775
2846 2540
2846 2836
2850 221
2850 1438
2850 2764
2850 2836
2850 2883
2850 3875
2850 4554
2852 14056
2853 710
2853 1781
2853 4833
2853 4876
2853 4939
2853 5458
2853 6584
2853 7967
2853 8922
2853 9138
2853 9161
2853 10346
2853 12587
2854 140
2854 454
2854 1940
2854 1949
2854 2743
2854 3198
2854 5023
2854 5418
2854 5777
2854 9635
2859 12471
2866 77
2866 636
2866 1334
2866 1830
2866 4101
2866 4853
2866 5483
2866 6065
2866 6766
2866 6931
2866 7166
2866 8851
2866 9265
2866 9577
2866 11979
2866 12651
2867 3431
2871 302
2871 664
2871 2762
2871 2886
2871 2902
2871 2916
2871 3707
2871 4554
2871 6055
2871 6230
2871 7564
2871 9807
2871 10005
2871 12424
2875 2477
2875 4092
2875 5945
2875 6744
2875 10710
2875 11289
2877 6181
2877 9076
2880 8110
2883 2850
2883 14100
2885 4307
2885 8501
2885 14382
2886 2307
2886 2762
2886 2871
2886 2902
2886 2916
2886 4554
2886 6055
2886 6230
2886 8831
2886 10005
2887 6324
2887 7315
2888 1871
2888 4275
2888 4584
2888 5965
2888 6753
2890 2759
2890 2764
2890 4525
2890 5251
2890 5587
2890 8979
2890 9715
2890 10005
2890 11983
2890 12003
2891 7011
2892 6855
2898 106
2898 11003
2902 664
2902 2307
2902 2762
2902 2871
2902 2886
2902 2916
2902 3707
2902 6055
2902 6230
2902 8831
2902 10005
2904 22
2904 646
2904 907
2904 4191
2904 8956
2910 6997
2913 230
2913 695
2913 1871
2913 1953
2913 2002
2913 4183
2913 5965
2913 7904
2913 8551
2913 8552
2913 14382
2915 2768
2915 5426
2915 6744
2915 6857
2915 8838
2916 664
2916 2307
2916 2762
2916 2871
2916 2917
2916 3707
2916 4182
2916 4203
2916 4554
2916 4909
2916 6055
2916 6230
2916 8831
2916 10005
2917 2916
2917 10061
2918 1009
2918 2620
2918 3047
2925 322
2925 441
2925 753
2925 3328
2925 3344
2925 4551
2925 5194
2925 7787
2925 8636
2925 8956
2925 10772
2925 12668
2928 1268
2928 5945
2928 10507
2928 13301
2929 5187
2929 9916
2930 113
2930 954
2930 2705
2930 2754
2932 1038
2932 1493
2935 2800
2939 907
2939 1911
2939 1935
2939 2032
2939 2820
2939 4183
2939 6397
2939 12992
2939 14010
2939 14382
2942 407
2950 832
2950 3579
2950 4756
2950 4848
2950 5210
2950 5300
2950 8647
2950 9595
2950 10880
2950 11385
2950 11712
2950 13414
2957 5465
2957 5489
2957 7200
2957 10054
2957 12426
2958 12083
2964 4125
2965 3405
2965 3894
2965 4101
2965 4442
2965 5029
2965 5355
2965 5445
2965 5795
2965 7161
2965 8455
2965 8995
2965 9082
2965 9721
2965 11175
2971 2368
2971 14284
2974 3197
2974 11158
2974 12023
2976 1752
2976 5318
2976 7300
2976 8153
2976 8477
2976 9098
2976 10075
2976 11116
2993 7103
2993 7786
2993 8866
2993 10092
2993 10209
2993 10488
2993 10489
2993 11014
2993 11606
2993 12333
2993 12746
2993 12747
2993 12751
3005 13272
3016 1776
3016 5295
3016 6753
3016 9185
3019 700
3019 8702
3019 11194
3028 149
3028 1890
3028 5225
3028 7363
3028 7820
3028 12035
3028 13005
3028 13486
3029 425
3029 486
3029 843
3029 2159
3029 2495
3029 4536
3029 5653
3029 6414
3029 6464
3029 6485
3029 8152
3029 8410
3029 8873
3029 11856
3029 11857
3029 12002
3045 425
3045 486
3045 2159
3045 3029
3045 5653
3045 6464
3045 8873
3046 441
3046 531
3046 1453
3046 1744
3046 2325
3046 6218
3046 13973
3047 1009
3047 2620
3047 2918
3048 706
3048 896
3048 1873
3048 2580
3048 3358
3048 4723
3048 4852
3048 4853
3048 5225
3048 6822
3048 7722
3048 9758
3048 10996
3051 758
3051 1291
3051 3477
3051 6257
3051 7269
3051 8956
3051 10173
3051 12068
3051 13162
3053 1202
3053 4909
3053 7669
3053 13442
3058 3386
3058 8070
3058 11935
3061 322
3061 878
3061 2925
3061 3328
3061 3344
3061 3426
3061 4852
3061 5029
3061 6301
3061 6816
3061 7268
3061 10091
3061 11519
3061 14040
3063 1857
3063 3197
3063 4782
3063 4894
3063 6057
3063 6314
3063 7128
3063 8236
3063 8546
3063 8651
3063 9030
3063 9031
3063 9110
3063 12275
3067 451
3067 717
3067 785
3067 1944
3067 2365
3067 2471
3067 3190
3067 4293
3067 5847
3067 6058
3067 8218
3067 8219
3067 8582
3067 8599
3067 9086
3067 10702
3067 11738
3067 12749
3067 13539
3070 3729
3070 4162
3070 5795
3070 7537
3070 8669
3070 8872
3070 9743
3077 3399
3077 4183
3077 13574
3079 3940
3089 639
3089 2151
3089 2716
3089 2757
3089 2762
3089 3875
3089 4554
3089 5298
3089 7564
3089 7808
3089 9458
3110 1753
3110 3894
3110 5604
3110 5896
3110 11770
3114 1192
3114 1419
3114 1941
3114 2142
3114 2396
3114 2844
3114 3242
3114 4146
3114 4571
3114 4575
3114 4576
3114 4577
3114 4735
3114 6808
3114 7610
3114 7867
3114 7924
3114 8090
3114 9432
3114 10696
3114 10941
3114 11161
3114 11979
3114 14083
3116 327
3116 367
3116 534
3116 706
3116 2076
3116 2204
3116 2251
3116 3358
3116 3746
3116 5855
3116 7765
3116 8197
3116 8720
3116 9419
3116 9630
3116 10226
3116 11050
3116 12886
3116 14517
3120 1889
3120 2820
3120 4892
3120 14006
3125 406
3125 1331
3125 2623
3125 3221
3125 3815
3125 3984
3125 5607
3125 5683
3125 6278
3125 6551
3125 7288
3125 7660
3125 8292
3131 3948
3131 6862
3131 11098
3131 11247
3134 268
3134 2368
3134 2604
3134 3905
3134 5185
3134 5464
3134 6638
3134 7701
3134 9630
3134 10856
3134 11452
3134 11749
3134 13271
3143 1556
3144 2060
3148 10346
3163 13566
3165 1455
3178 1744
3178 2325
3178 2890
3178 4525
3178 5479
3178 10988
3178 11160
3178 13602
3178 13973
3184 12319
3190 367
3190 451
3190 717
3190 991
3190 1944
3190 2173
3190 2235
3190 2365
3190 3067
3190 3290
3190 4163
3190 4852
3190 5430
3190 7182
3190 8030
3190 8582
3190 8599
3190 9086
3190 9634
3190 11738
3190 12749
3190 13539
3190 14284
3197 1857
3197 2974
3197 3063
3197 4782
3197 4894
3197 5119
3197 6314
3197 7128
3197 7193
3197 8546
3197 8651
3197 9030
3197 9031
3197 9110
3197 12275
3198 2854
3198 3474
3200 702
3200 800
3200 1566
3200 2562
3200 10388
3202 2787
3202 8468
3203 337
3203 1916
3203 2308
3203 5418
3203 6061
3203 7009
3204 4620
3204 6177
3204 6402
3204 11236
3212 10938
3221 406
3221 2563
3221 2623
3221 3815
3221 5683
3221 6278
3221 6551
3221 7660
3221 8544
3222 732
3222 757
3222 5715
3222 8070
3222 10951
3242 1192
3242 2396
3242 2844
3242 3114
3242 4568
3242 4570
3242 4571
3242 4575
3242 4576
3242 4577
3242 4578
3242 4735
3242 6956
3242 7924
3242 8090
3242 10941
3242 11161
3245 3885
3245 3890
3245 7912
3245 9399
3245 9706
3245 9901
3255 1455
3255 6290
3255 11477
3272 363
3272 538
3272 667
3272 758
3272 1148
3272 2782
3272 4153
3272 4173
3272 4468
3272 4727
3272 5091
3272 5439
3272 5682
3272 6474
3272 6851
3272 6943
3272 8037
3272 14517
3277 3833
3277 4831
3277 7780
3278 3782
3278 3830
3278 6253
3278 8123
3278 11628
3278 12007
3278 12668
3286 2104
3290 367
3290 663
3290 2162
3290 2173
3290 5490
3290 6271
3290 7268
3290 8410
3290 9810
3290 14284
3297 4252
3300 2764
3300 3680
3300 4167
3300 4723
3300 5587
3300 6329
3300 8979
3300 9224
3300 9493
3301 7854
3312 538
3312 5376
3312 12545
3317 13217
3320 4906
3320 6001
3320 6168
3320 8144
3320 8693
3320 8789
3320 9471
3320 9473
3320 9665
3320 9799
3320 9800
3320 9947
3320 9955
3320 12131
3320 12133
3328 322
3328 441
3328 2925
3328 3061
3328 3344
3328 6661
3328 11583
3328 14040
3330 510
3330 3729
3330 4101
3330 5585
3330 5641
3330 5795
3330 6690
3330 6843
3330 7263
3330 7537
3330 7833
3330 8377
3330 8413
3330 8872
3330 9743
3330 12886
3330 13055
3344 322
3344 441
3344 2259
3344 2799
3344 2925
3344 3061
3344 3328
3344 4464
3344 4752
3344 5160
3344 6390
3344 14040
3345 891
3345 10669
3358 327
3358 367
3358 514
3358 534
3358 896
3358 1085
3358 1873
3358 2076
3358 2204
3358 2251
3358 2580
3358 3048
3358 3116
3358 3746
3358 4723
3358 4852
3358 4853
3358 5225
3358 5855
3358 6822
3358 7722
3358 7765
3358 8197
3358 8720
3358 9419
3358 9630
3358 9758
3358 10226
3358 10996
3358 11050
3358 11194
3358 12115
3358 12668
3358 12886
3358 14517
3365 955
3365 2762
3365 5396
3365 5933
3365 6181
3365 9083
3365 10549
3371 77
3371 732
3371 2363
3371 4309
3371 8544
3371 10180
3376 2076
3377 6339
3377 10062
3377 12668
3386 3058
3386 6127
3386 8070
3386 11935
3388 8868
3389 441
3389 534
3389 535
3389 723
3389 743
3389 888
3389 2282
3389 2662
3389 3426
3389 3916
3389 4087
3389 4158
3389 4262
3389 4351
3389 6763
3389 10683
3389 11912
3399 2002
3399 2708
3399 3077
3399 5295
3399 6181
3399 10909
3399 12470
3399 13574
3405 511
3405 518
3405 890
3405 1344
3405 1345
3405 2159
3405 2965
3405 4194
3405 4442
3405 4585
3405 5006
3405 5355
3405 5509
3405 5795
3405 5880
3405 7161
3405 7779
3405 8143
3405 8455
3405 8912
3405 8956
3405 8995
3405 9067
3405 9082
3405 9353
3405 9721
3405 11098
3405 14083
3419 6167
3426 534
3426 535
3426 723
3426 743
3426 878
3426 888
3426 1921
3426 2282
3426 2662
3426 3061
3426 3389
3426 4158
3426 4262
3426 4351
3426 6301
3426 6763
3426 6816
3426 8498
3426 10683
3426 11223
3426 11749
3434 856
3434 4519
3434 4682
3434 5518
3434 6370
3434 7076
3434 7764
3434 9342
3434 9916
3434 10058
3434 11057
3434 13556
3445 13214
3447 2743
3447 4001
3453 14299
3466 5198
3471 1148
3471 5680
3471 8435
3471 8823
3471 8945
3471 9207
3471 10190
3471 10253
3471 10310
3471 10447
3471 13167
3474 1795
3474 3198
3474 5777
3477 3051
3477 6257
3477 7269
3477 8956
3477 10173
3477 12068
3479 856
3479 4005
3479 4633
3479 5457
3479 5463
3479 8433
3480 6627
3480 9763
3481 619
3481 3495
3481 6085
3481 6257
3481 7546
3481 7773
3481 9487
3481 11098
3483 9161
3483 10819
3485 1268
3485 1784
3485 4275
3485 5965
3486 1396
3492 9493
3495 3481
3495 6085
3495 7773
3495 9487
3495 11098
3525 3586
3525 10239
3530 1902
3530 3648
3530 5640
3530 6809
3530 7047
3530 7966
3530 8580
3530 9034
3530 9224
3530 9695
3530 9787
3530 12227
3530 12397
3548 2420
3548 3552
3548 3586
3548 3587
3548 3612
3548 3624
3548 5971
3548 7784
3548 7864
3548 9344
3549 2420
3549 3622
3549 5973
3549 7405
3551 3548
3551 3552
3551 3586
3551 3587
3551 3612
3551 3623
3551 3624
3551 3669
3551 3975
3551 4974
3551 5971
3551 7784
3551 7864
3551 9344
3552 3551
3552 3586
3552 3587
3552 3622
3552 3624
3552 3724
3552 5971
3552 7784
3552 7864
3555 10493
3557 1603
3557 4822
3557 7422
3557 7778
3557 9700
3557 10753
3557 11098
3557 12750
3565 6659
3565 9277
3569 3636
3569 4194
3569 5692
3569 6390
3569 6541
3569 8103
3569 8110
3569 8953
3569 8991
3569 9089
3569 9595
3575 338
3579 832
3579 2950
3579 3781
3579 4756
3579 4848
3579 5210
3579 8647
3579 9125
3579 9595
3579 10126
3579 10880
3579 11385
3579 11712
3579 11833
3579 13414
3581 634
3586 2420
3586 3525
3586 3548
3586 3551
3586 3552
3586 3587
3586 3622
3586 3623
3586 3624
3586 3669
3586 3671
3586 3724
3586 5975
3586 7864
3586 8509
3586 9350
3586 10239
3587 3548
3587 3551
3587 3552
3587 3586
3587 3624
3587 3670
3587 3671
3587 3724
3587 4974
3587 5975
3587 7405
3587 7784
3587 9350
3595 4087
3595 4727
3595 4968
3595 5416
3595 6369
3595 8412
3595 8623
3595 9476
3595 11991
3598 990
3598 2363
3598 3738
3598 7730
3598 10052
3598 12426
3598 12510
3598 12727
3598 14059
3607 4120
3607 5231
3607 5997
3607 7295
3607 9098
3607 11453
3607 11579
3610 1046
3610 1209
3610 1376
3610 2322
3610 5322
3610 7209
3610 7268
3610 8547
3610 10062
3612 7864
3612 8041
3617 8671
3617 10934
3617 14060
3622 3552
3622 3586
3622 3624
3622 3667
3622 3669
3622 3670
3622 3671
3622 5973
3622 5974
3622 5975
3622 7405
3622 7784
3622 7864
3622 8762
3622 9350
3622 12326
3623 3548
3623 3551
3623 3586
3623 5973
3624 2420
3624 3548
3624 3551
3624 3552
3624 3586
3624 3587
3624 3669
3624 3671
3624 3724
3624 3727
3624 3975
3624 4974
3624 5971
3624 5975
3624 7405
3624 7864
3624 8509
3624 8762
3624 9344
3624 9350
3624 10142
3626 10714
3629 10435
3629 12186
3633 729
3633 1122
3633 4565
3633 6286
3633 6370
3633 7303
3633 10819
3633 11660
3633 12249
3636 4351
3636 6541
3636 8103
3636 8110
3636 8991
3636 9089
3636 9595
3637 4723
3637 8386
3648 1902
3648 3530
3648 5416
3648 5450
3648 5640
3648 6809
3648 7047
3648 7966
3648 8580
3648 9034
3648 9224
3648 9695
3648 9787
3648 11179
3648 12227
3648 12397
3648 12709
3667 3669
3667 3670
3667 3727
3667 3975
3667 5971
3667 5973
3667 5974
3667 7784
3667 8781
3667 9350
3667 12326
3669 3548
3669 3551
3669 3612
3669 3624
3669 3667
3669 3671
3669 3727
3669 8781
3669 9344
3669 10239
3670 3587
3670 3622
3670 3624
3670 3667
3670 3975
3670 4974
3670 5971
3670 5973
3670 5974
3670 7405
3670 7784
3670 7864
3670 8041
3670 8762
3670 8781
3670 9350
3670 10142
3670 10239
3670 12326
3671 3586
3671 3587
3671 3624
3671 3669
3671 3724
3671 4974
3671 5975
3671 7405
3671 7784
3671 8509
3671 9350
3676 79
3676 189
3676 1955
3676 2029
3676 2350
3676 3686
3676 3901
3676 4183
3676 4431
3676 6712
3676 8468
3676 9931
3680 1910
3680 2764
3680 3300
3680 4167
3680 4723
3680 5587
3680 6329
3680 9493
3680 10360
3680 13424
3681 2313
3681 8066
3681 9182
3681 9707
3681 10214
3686 3676
3686 4203
3691 7303
3691 11660
3692 2844
3692 4551
3692 5046
3692 5110
3692 6652
3692 6758
3692 6824
3692 9785
3692 10240
3692 11361
3692 11890
3697 3730
3697 3731
3697 3732
3697 3734
3697 3735
3697 3736
3697 3737
3697 3860
3697 9024
3697 13969
3697 14059
3707 2307
3707 2705
3707 2718
3707 2757
3707 2762
3707 2833
3707 2871
3707 2886
3707 2902
3707 2916
3707 4554
3707 5251
3707 5933
3707 6055
3707 6230
3707 8607
3707 8831
3707 8838
3707 9099
3707 10005
3711 1414
3711 5045
3711 5702
3711 5808
3711 6335
3711 6653
3711 6681
3711 6800
3711 7002
3711 7155
3711 7632
3711 7753
3711 8015
3711 8382
3711 8383
3711 9003
3711 9924
3711 12438
3717 12319
3724 2420
3724 3552
3724 3586
3724 3587
3724 3622
3724 3624
3724 3671
3724 3727
3724 4974
3724 5973
3724 5975
3724 7405
3724 7784
3724 7864
3724 8509
3724 8762
3724 8781
3724 9350
3727 3624
3727 3669
3727 3670
3727 3724
3727 3975
3727 4974
3727 7784
3727 7864
3727 8781
3727 9344
3727 9350
3727 10142
3727 12326
3729 5795
3729 7537
3729 7723
3729 8413
3729 8872
3729 9743
3730 990
3730 3697
3730 3732
3730 3734
3730 3735
3730 3736
3730 3860
3730 5394
3730 10075
3730 10775
3730 10818
3730 11453
3730 14059
3731 990
3731 3697
3731 3730
3731 3732
3731 3734
3731 3735
3731 3736
3731 3737
3731 3738
3731 3860
3731 8216
3731 10075
3731 10586
3731 13969
3731 14059
3732 3697
3732 3730
3732 3731
3732 3736
3732 3860
3732 13969
3732 14059
3734 3697
3734 3732
3734 3735
3734 3737
3734 3860
3734 9024
3734 14059
3735 990
3735 3697
3735 3730
3735 3731
3735 3732
3735 3734
3735 3736
3735 3737
3735 3860
3735 6480
3735 9024
3735 10879
3735 13969
3735 14059
3736 990
3736 3697
3736 3730
3736 3731
3736 3732
3736 3734
3736 3735
3736 3737
3736 3860
3736 10075
3736 14059
3737 990
3737 3697
3737 3730
3737 3731
3737 3732
3737 3734
3737 3735
3737 3736
3737 3860
3737 10075
3737 13969
3738 2363
3738 3598
3738 3731
3738 4582
3738 8216
3738 10276
3738 10586
3738 12426
3738 12510
3738 12727
3738 13969
3738 14059
3739 2604
3739 2656
3739 4442
3739 6746
3739 8254
3739 12680
3740 2845
3746 327
3746 367
3746 706
3746 890
3746 1085
3746 2076
3746 2204
3746 2251
3746 3116
3746 3358
3746 5855
3746 5891
3746 7765
3746 8197
3746 8720
3746 8912
3746 9630
3746 10226
3746 10951
3746 11050
3746 11172
3746 11194
3746 12886
3746 14517
3755 999
3755 1164
3755 3914
3755 4470
3755 5263
3755 6414
3755 6758
3755 7554
3755 7654
3755 7741
3755 8405
3755 8599
3755 8925
3755 8956
3755 9166
3755 9476
3755 14017
3759 519
3759 4815
3759 5718
3759 6659
3759 7173
3759 7716
3759 8742
3759 9024
3759 9277
3759 10168
3759 10757
3759 10815
3759 10879
3759 11350
3759 11351
3759 11352
3761 5614
3761 10595
3764 2844
3764 4551
3764 4572
3764 5110
3764 6652
3764 6758
3764 8953
3764 9785
3764 10240
3764 11080
3764 11361
3764 11890
3764 12278
3768 363
3768 4101
3768 6974
3768 12709
3778 959
3778 1953
3779 1603
3779 4822
3779 6746
3779 9700
3779 10753
3781 832
3781 2950
3781 3579
3781 4756
3781 5210
3781 8647
3781 9125
3781 9595
3781 10126
3781 10880
3781 11385
3781 11712
3781 11833
3781 13414
3782 3278
3782 3830
3782 6253
3782 12007
3788 8739
3788 8825
3788 8840
3788 9450
3788 11826
3788 12333
3789 111
3789 338
3789 1455
3789 4964
3789 7128
3801 6625
3801 7163
3801 7507
3801 8884
3801 9790
3801 10405
3801 10617
3801 10868
3801 11611
3815 2563
3815 3125
3815 3221
3815 5607
3815 5683
3815 6278
3815 6551
3821 6162
3821 6533
3821 9192
3830 3278
3830 3782
3830 6253
3830 8123
3830 11628
3830 12007
3833 3277
3839 6167
3839 6170
3839 6982
3839 8495
3839 11591
3860 990
3860 3730
3860 3731
3860 3732
3860 3734
3860 3735
3860 7786
3860 8905
3860 10075
3860 12333
3860 13969
3860 14059
3875 2081
3875 2718
3875 2833
3875 2850
3875 3089
3875 4554
3875 5298
3875 7135
3875 7275
3875 7531
3875 8418
3875 8422
3875 8838
3875 9099
3875 9458
3875 11017
3875 12471
3885 3890
3885 4914
3885 6501
3885 7912
3885 9399
3885 9901
3885 13997
3888 221
3888 696
3888 1784
3890 2231
3890 3245
3890 3885
3890 4914
3890 6501
3890 7912
3890 9706
3890 9901
3890 13997
3894 1753
3894 1873
3894 3110
3894 4101
3894 5029
3894 5896
3894 7161
3894 10242
3894 11175
3894 11770
3894 12680
3901 79
3901 189
3901 1955
3901 2029
3901 2350
3901 4183
3901 4431
3901 6712
3901 9931
3903 1333
3903 2054
3903 4203
3903 4871
3903 6262
3903 7324
3904 8495
3904 11660
3904 12249
3905 2368
3905 2584
3905 2604
3905 4723
3905 5464
3905 6638
3905 7701
3905 7711
3905 9630
3905 11452
3905 11749
3914 999
3914 1164
3914 3755
3914 5263
3914 8925
3916 441
3916 534
3916 535
3916 723
3916 743
3916 888
3916 1921
3916 2282
3916 2424
3916 3389
3916 3426
3916 4087
3916 4158
3916 4262
3916 4351
3916 10683
3916 11912
3916 14260
3930 514
3930 1532
3930 1969
3930 2826
3930 8547
3930 9787
3930 12545
3940 1807
3940 1809
3940 3079
3948 3131
3948 4389
3948 12249
3952 995
3952 4723
3952 5706
3952 7879
3952 8290
3952 9787
3953 471
3953 12897
3975 3551
3975 3624
3975 3667
3975 3670
3975 3727
3975 4974
3975 5973
3975 5974
3975 5975
3975 7784
3975 7864
3975 8509
3975 8781
3975 9350
3975 10142
3977 569
3984 77
3984 268
3984 1331
3984 2187
3984 2866
3984 3125
3984 5288
3984 5827
3984 7166
3984 7288
3984 8292
3984 8851
3984 10828
3984 11897
3984 14263
3986 2769
3986 12992
3990 1333
3999 1645
3999 4485
3999 6193
4001 923
4001 1103
4001 1713
4001 4876
4001 5140
4001 7256
4001 8468
4001 10858
4005 856
4005 4633
4005 5463
4008 1139
4008 1671
4008 2416
4018 5031
4069 1333
4069 4203
4069 4871
4070 6364
4077 222
4077 2099
4077 2245
4077 5381
4077 6057
4077 8564
4087 441
4087 534
4087 535
4087 723
4087 888
4087 2282
4087 2424
4087 2662
4087 3389
4087 3595
4087 3916
4087 4158
4087 4727
4087 4968
4087 5416
4087 6369
4087 8412
4087 8580
4087 8623
4087 9476
4087 10683
4087 11912
4087 11991
4087 14260
4089 1838
4089 13112
4092 10710
4092 12471
4094 1264
4094 1265
4094 4018
4094 5031
4098 1291
4098 4131
4098 4466
4098 7161
4098 8022
4098 11519
4098 12174
4098 12334
4101 28
4101 363
4101 510
4101 636
4101 758
4101 1149
4101 1334
4101 1584
4101 1607
4101 1830
4101 1873
4101 2866
4101 3330
4101 3768
4101 3894
4101 4252
4101 4653
4101 4853
4101 5029
4101 5445
4101 5465
4101 5585
4101 6690
4101 6766
4101 6843
4101 6931
4101 6974
4101 7102
4101 7161
4101 7263
4101 7264
4101 7833
4101 7842
4101 8207
4101 8377
4101 8676
4101 9265
4101 9376
4101 9577
4101 10706
4101 11175
4101 12278
4101 12397
4101 12497
4101 12696
4101 12709
4101 13055
4120 3607
4120 5231
4120 5997
4120 6666
4120 7295
4120 9012
4120 10347
4120 11453
4120 11579
4121 1079
4122 13473
4124 7212
4124 13334
4124 14284
4125 2964
4131 727
4131 1085
4131 4098
4131 4466
4131 10442
4131 11519
4131 12174
4131 12334
4146 2142
4151 425
4151 718
4151 749
4151 2615
4151 6058
4151 6586
4151 10988
4151 11712
4151 13486
4153 363
4153 538
4153 667
4153 758
4153 2782
4153 3272
4153 4173
4153 4468
4153 5682
4153 6474
4153 6492
4153 6943
4153 7879
4153 8037
4158 534
4158 535
4158 723
4158 743
4158 888
4158 2282
4158 2662
4158 3389
4158 3916
4158 4087
4158 4262
4158 10683
4158 14260
4162 3070
4162 8669
4163 451
4163 717
4163 764
4163 785
4163 832
4163 1944
4163 2365
4163 3067
4163 3190
4163 4293
4163 4759
4163 5430
4163 6058
4163 7679
4163 8582
4163 8599
4163 9086
4163 10360
4163 10702
4163 11738
4163 12749
4163 13414
4163 13539
4164 1163
4164 12683
4167 1910
4167 2764
4167 3300
4167 3680
4167 4723
4167 5587
4167 8979
4167 9224
4167 9493
4170 11224
4170 11670
4170 11701
4173 538
4173 667
4173 758
4173 2782
4173 3272
4173 4153
4173 4468
4173 4727
4173 5091
4173 5682
4173 6474
4173 6492
4173 6943
4173 7295
4173 8037
4182 189
4182 418
4182 2916
4182 4265
4183 79
4183 693
4183 695
4183 1953
4183 1955
4183 2029
4183 2350
4183 2913
4183 2939
4183 3077
4183 3399
4183 3676
4183 3901
4183 5965
4183 6397
4183 6712
4183 7904
4183 8552
4183 13442
4183 13574
4183 13580
4183 14010
4184 697
4184 1333
4184 4871
4184 6857
4189 4191
4189 4548
4189 4656
4189 4852
4189 5288
4189 6390
4189 8352
4191 22
4191 646
4191 907
4191 2904
4191 4189
4191 8956
4194 406
4194 511
4194 518
4194 732
4194 3405
4194 3569
4194 4585
4194 5220
4194 5509
4194 5757
4194 6253
4194 6373
4194 6464
4194 7546
4194 7779
4194 8912
4194 8953
4194 9397
4194 11028
4194 11098
4194 14508
4196 7390
4196 7396
4196 11417
4203 1333
4203 2916
4203 3686
4203 3903
4203 4069
4203 4871
4203 4876
4203 5125
4203 10061
4216 13217
4220 1671
4220 2416
4226 450
4226 687
4226 1033
4226 2127
4226 8552
4226 14382
4227 419
4227 441
4227 2215
4227 2653
4227 2748
4227 4846
4227 7016
4227 7865
4227 7912
4227 9418
4227 10944
4227 11225
4227 13973
4229 1787
4229 4101
4229 4252
4229 8676
4229 9376
4229 12278
4252 3297
4252 4101
4252 4229
4252 7842
4252 8676
4252 9376
4252 12278
4260 111
4260 7128
4260 10058
4262 441
4262 535
4262 723
4262 888
4262 1921
4262 2424
4262 2662
4262 3389
4262 3426
4262 3916
4262 4158
4262 4351
4262 6763
4262 10683
4262 14260
4264 798
4264 4265
4265 798
4265 4182
4265 4264
4274 753
4275 13
4275 1396
4275 1784
4275 1871
4275 2223
4275 2888
4275 3485
4275 4226
4275 6147
4275 6753
4275 8551
4275 9185
4290 2183
4293 451
4293 717
4293 785
4293 1944
4293 2365
4293 3067
4293 3190
4293 4163
4293 5430
4293 6058
4293 7679
4293 8582
4293 8599
4293 9086
4293 9634
4293 10360
4293 10702
4293 11738
4293 12749
4293 13539
4295 751
4295 8925
4297 1579
4304 7412
4307 107
4307 2885
4309 77
4309 2183
4309 2240
4309 2363
4309 3371
4309 5459
4309 5771
4309 6492
4309 6624
4309 8096
4309 8544
4309 8650
4309 8784
4309 10180
4314 6402
4351 441
4351 534
4351 743
4351 888
4351 1921
4351 2282
4351 2424
4351 2662
4351 3426
4351 3569
4351 3636
4351 3916
4351 4158
4351 4262
4351 5692
4351 6541
4351 8103
4351 8110
4351 8991
4351 9089
4351 9595
4351 10683
4351 11912
4351 14260
4374 5856
4389 12249
4426 841
4426 8495
4426 12319
4431 79
4431 189
4431 2029
4431 2350
4431 2670
4431 3676
4431 4183
4431 6712
4431 8970
4431 9931
4440 2387
4440 8155
4442 2604
4442 2965
4442 3405
4442 3739
4442 4700
4442 5355
4442 5795
4442 5880
4442 8143
4442 8455
4442 8720
4442 8995
4442 9066
4442 9067
4442 9082
4442 9353
4442 9721
4442 10008
4444 4815
4464 2259
4464 2799
4464 3344
4464 4752
4464 6390
4466 727
4466 1085
4466 1291
4466 4098
4466 4131
4466 7161
4466 12174
4466 12334
4468 363
4468 538
4468 667
4468 758
4468 2782
4468 4153
4468 4173
4468 4727
4468 5091
4468 5682
4468 6474
4468 6492
4468 6851
4468 6943
4468 7879
4468 8037
4468 14517
4470 1164
4470 1746
4470 3729
4470 3755
4470 3914
4470 5263
4470 5795
4470 6758
4470 8413
4470 8872
4470 8925
4475 4939
4476 418
4476 5125
4476 5420
4485 28
4485 1572
4485 1924
4485 2251
4485 3999
4485 7886
4485 8460
4485 12696
4486 2251
4486 5817
4487 1921
4487 2522
4487 5528
4487 5891
4487 5894
4487 6684
4487 7018
4487 7019
4487 7023
4487 9585
4489 113
4489 9099
4491 488
4491 531
4491 646
4491 1692
4491 2531
4491 4549
4491 5110
4491 7912
4491 8181
4491 8804
4491 9016
4491 9222
4491 10462
4491 12698
4491 13414
4519 3434
4519 11057
4520 2645
4525 2890
4527 4833
4527 5458
4532 4533
4532 9005
4532 9785
4532 10244
4532 12249
4533 4532
4533 9005
4533 9785
4533 10244
4533 12249
4536 535
4536 843
4536 1294
4536 2262
4536 2325
4536 2495
4536 2779
4536 3029
4536 4610
4536 5817
4536 6485
4536 9699
4536 11856
4541 1014
4541 5262
4548 531
4548 646
4548 1910
4548 2359
4548 2531
4548 4189
4548 4491
4548 4549
4548 4656
4548 4852
4548 5110
4548 5288
4548 5509
4548 6390
4548 6630
4548 6794
4548 7912
4548 8181
4548 8804
4548 9016
4548 9222
4548 10462
4548 13414
4548 14060
4549 531
4549 646
4549 750
4549 1453
4549 1692
4549 1910
4549 2531
4549 4491
4549 4548
4549 5110
4549 6630
4549 7912
4549 8181
4549 9016
4549 9222
4549 9432
4549 10462
4549 12035
4549 12698
4549 13414
4550 8361
4551 2844
4551 2925
4551 3764
4551 4572
4551 5046
4551 5110
4551 5194
4551 6652
4551 6758
4551 6824
4551 8953
4551 8956
4551 9082
4551 9785
4551 11080
4551 11361
4551 11890
4551 12005
4554 664
4554 2540
4554 2652
4554 2718
4554 2762
4554 2825
4554 2833
4554 2836
4554 2850
4554 2871
4554 2876
4554 2886
4554 2890
4554 2902
4554 2916
4554 3707
4554 3875
4554 5251
4554 6055
4554 6178
4554 6230
4554 6744
4554 7275
4554 7531
4554 7588
4554 7808
4554 8418
4554 8422
4554 8831
4554 9099
4554 9209
4554 9458
4554 10005
4554 12390
4562 2325
4562 12249
4565 729
4565 758
4565 3633
4565 7182
4565 11098
4566 11139
4568 1192
4568 1419
4568 1941
4568 2396
4568 2844
4568 3114
4568 3242
4568 4570
4568 4571
4568 4572
4568 4575
4568 4576
4568 4577
4568 4735
4568 6808
4568 6956
4568 7924
4568 8090
4568 10941
4568 11161
4570 1192
4570 1419
4570 1941
4570 2396
4570 2844
4570 3114
4570 3242
4570 4568
4570 4571
4570 4572
4570 4575
4570 4576
4570 4577
4570 4578
4570 4735
4570 6808
4570 6956
4570 7924
4570 8090
4570 10941
4571 1192
4571 1419
4571 1941
4571 2396
4571 2844
4571 3114
4571 4568
4571 4572
4571 4575
4571 4576
4571 4577
4571 4735
4571 6808
4571 6956
4571 7924
4571 8090
4571 10941
4572 1192
4572 1419
4572 1941
4572 2396
4572 2844
4572 3242
4572 3764
4572 4551
4572 4568
4572 4570
4572 4571
4572 4575
4572 4576
4572 4578
4572 5110
4572 6652
4572 6758
4572 6808
4572 6824
4572 6956
4572 8090
4572 9785
4572 10240
4572 10941
4572 11080
4572 11161
4572 11361
4572 11890
4572 12005
4573 337
4573 2229
4573 2743
4573 11255
4574 13442
4575 1192
4575 1419
4575 1941
4575 2396
4575 2844
4575 3242
4575 4568
4575 4570
4575 4571
4575 4572
4575 4576
4575 4577
4575 6808
4575 6956
4576 1419
4576 1941
4576 2396
4576 2844
4576 3114
4576 3242
4576 4568
4576 4570
4576 4571
4576 4572
4576 4575
4576 4577
4576 4578
4576 4735
4576 6808
4576 6956
4576 8090
4576 10941
4577 1192
4577 1419
4577 1941
4577 2396
4577 2844
4577 3114
4577 3242
4577 4568
4577 4570
4577 4571
4577 4572
4577 4575
4577 4578
4577 4735
4577 7924
4577 8090
4577 10941
4577 11161
4578 1419
4578 1941
4578 2396
4578 3114
4578 3242
4578 4568
4578 4570
4578 4571
4578 4572
4578 4576
4578 4577
4578 4735
4578 7924
4578 8090
4578 10941
4578 11161
4579 8083
4579 8599
4579 8650
4579 9059
4579 10944
4580 268
4580 406
4580 4723
4580 7092
4580 11225
4580 14024
4582 3731
4582 3738
4582 8216
4582 10586
4582 13969
4584 1871
4584 2888
4584 4275
4584 5965
4584 6753
4585 511
4585 518
4585 7546
4585 7779
4585 8912
4585 14508
4596 4831
4610 535
4610 843
4610 2495
4610 2779
4610 3029
4610 4536
4610 6485
4610 11856
4610 11857
4615 7408
4616 2749
4620 3204
4620 6177
4627 6369
4627 8254
4627 9400
4627 9948
4633 856
4633 3479
4633 4005
4643 2723
4643 2794
4643 6997
4653 28
4653 1584
4653 4101
4653 5465
4653 5585
4653 6690
4653 6843
4653 7102
4653 8377
4656 2359
4656 4548
4656 4852
4656 5288
4656 6390
4656 6794
4656 7268
4656 8352
4664 642
4664 1481
4664 6218
4682 3434
4682 4761
4682 7629
4682 10058
4700 268
4700 4442
4700 5355
4700 5880
4700 8455
4700 8720
4700 9082
4700 10008
4714 381
4714 2088
4723 268
4723 406
4723 619
4723 706
4723 896
4723 907
4723 1859
4723 1873
4723 1910
4723 2368
4723 2584
4723 2604
4723 2764
4723 3048
4723 3134
4723 3300
4723 3358
4723 3680
4723 3952
4723 4579
4723 4580
4723 4852
4723 5225
4723 5323
4723 5464
4723 5549
4723 5706
4723 6638
4723 6822
4723 7701
4723 7711
4723 8290
4723 8386
4723 8599
4723 8650
4723 8979
4723 9059
4723 9493
4723 9630
4723 9787
4723 10856
4723 10944
4723 10996
4723 11225
4723 11452
4723 11749
4723 12668
4723 12886
4723 13475
4723 14024
4727 363
4727 538
4727 758
4727 3272
4727 3595
4727 4087
4727 4153
4727 4173
4727 4468
4727 4968
4727 5091
4727 5416
4727 5682
4727 6369
4727 6474
4727 6851
4727 6943
4727 7879
4727 8037
4727 8412
4727 8623
4727 9476
4727 14517
4732 662
4732 5060
4732 7084
4735 1419
4735 1941
4735 3114
4735 3242
4735 4568
4735 4570
4735 4571
4735 4576
4735 4578
4735 7924
4735 8090
4737 3738
4737 8216
4737 10586
4737 13969
4739 4800
4740 406
4752 2259
4752 2799
4752 3344
4752 5160
4752 6390
4755 957
4756 832
4756 3781
4756 4848
4756 5210
4756 5300
4756 8647
4756 9595
4756 10126
4756 11385
4756 11712
4756 11833
4756 13414
4759 764
4759 4163
4759 6229
4759 6347
4759 13414
4759 13486
4761 1782
4761 4682
4761 5476
4761 5949
4761 6724
4761 9380
4761 11579
4766 3839
4766 5390
4766 6167
4766 6517
4766 7705
4766 10284
4766 10759
4766 11225
4766 13005
4782 1857
4782 3197
4782 5119
4782 6314
4782 7128
4782 8236
4782 8546
4782 8651
4782 9030
4782 9110
4782 12275
4783 501
4783 601
4783 2477
4786 8400
4800 2732
4800 4739
4800 12152
4810 4992
4810 5804
4810 7757
4815 222
4815 3759
4815 4444
4815 7665
4815 7786
4815 8925
4815 9624
4815 10757
4815 12333
4816 12680
4822 3557
4822 3779
4822 6746
4822 10753
4825 3278
4831 10321
4831 10445
4833 633
4833 704
4833 2853
4833 4527
4833 5629
4833 6517
4833 8495
4833 9138
4833 10786
4833 13112
4833 13342
4846 419
4846 2215
4846 4227
4846 7912
4846 13973
4848 2950
4848 3579
4848 3781
4848 4756
4848 5210
4848 5300
4848 8647
4848 9125
4848 10126
4848 10880
4848 11385
4848 11712
4848 13414
4852 536
4852 706
4852 896
4852 1340
4852 1545
4852 1546
4852 2215
4852 2235
4852 2359
4852 2580
4852 3048
4852 3061
4852 3190
4852 4189
4852 4548
4852 4723
4852 5029
4852 6218
4852 6390
4852 6794
4852 6822
4852 7268
4852 7912
4852 8352
4852 9575
4852 9596
4852 9758
4852 10772
4852 10856
4852 10996
4852 11361
4852 11749
4852 12497
4852 12668
4852 12696
4853 28
4853 77
4853 268
4853 639
4853 706
4853 743
4853 751
4853 758
4853 896
4853 990
4853 1149
4853 1572
4853 1607
4853 1873
4853 1924
4853 2251
4853 2261
4853 2580
4853 2866
4853 3048
4853 3358
4853 3984
4853 4101
4853 4485
4853 4723
4853 4852
4853 5225
4853 5483
4853 5757
4853 6822
4853 7722
4853 7886
4853 7929
4853 8207
4853 8585
4853 9758
4853 9840
4853 10996
4853 11857
4853 12397
4853 12668
4853 12696
4853 13055
4861 6659
4861 8420
4861 9138
4861 9296
4861 9497
4861 10350
4871 1333
4871 1985
4871 2054
4871 3903
4871 4069
4871 4184
4871 4203
4871 5945
4871 6262
4871 7324
4872 6724
4872 9380
4872 10347
4876 2404
4876 2636
4876 2853
4876 4203
4876 4939
4876 5140
4876 7256
4892 1889
4892 2820
4892 14006
4894 1857
4894 3063
4894 3197
4894 4782
4894 5119
4894 6314
4894 7128
4894 7193
4894 8236
4894 8546
4894 8651
4894 9030
4894 9031
4896 2773
4896 7063
4896 10493
4896 10796
4906 3320
4906 5564
4906 6001
4906 6168
4906 8144
4906 8693
4906 8789
4906 9473
4906 9706
4906 9780
4906 9799
4906 9800
4906 9947
4906 9955
4909 914
4909 1889
4909 2689
4909 2703
4909 2820
4909 2824
4909 2916
4909 3053
4909 6226
4909 8188
4909 12165
4909 12609
4909 14003
4909 14006
4914 3245
4914 3890
4914 6501
4914 9399
4914 9706
4914 13997
4923 800
4923 2562
4923 3200
4923 10388
4932 856
4932 3434
4932 9196
4932 14060
4938 1033
4938 6128
4938 6817
4938 7651
4938 11858
4938 11861
4939 2853
4939 4475
4939 12440
4943 6627
4958 2240
4958 5574
4958 6477
4958 6478
4958 9400
4964 322
4964 6364
4964 6841
4964 7303
4964 12249
4964 13415
4968 3595
4968 4087
4968 4727
4968 6369
4968 8412
4968 8580
4968 8623
4968 9476
4968 11991
4974 3551
4974 3586
4974 3587
4974 3624
4974 3670
4974 3671
4974 3724
4974 3727
4974 3975
4974 7405
4974 8509
4974 9350
4974 10142
4979 5949
4979 6661
4986 12680
4992 5488
4992 5804
4992 7757
5006 2159
5006 3405
5021 8982
5023 2854
5023 5418
5023 11690
5029 514
5029 3061
5029 3358
5029 3894
5029 4227
5029 4852
5029 5319
5029 7161
5029 7268
5029 7912
5029 9358
5029 11175
5029 11749
5029 12115
5029 12696
5031 4018
5031 4094
5031 8188
5035 4173
5035 7295
5037 743
5037 2050
5037 9567
5037 9568
5045 3711
5045 5702
5045 5808
5045 6335
5045 6800
5045 7002
5045 7155
5045 8015
5045 8382
5045 8383
5045 9924
5045 12438
5046 2844
5046 3692
5046 4551
5046 4572
5046 6652
5046 6758
5046 9785
5046 11080
5046 11361
5046 11890
5046 12005
5059 2749
5060 662
5060 2584
5060 4732
5060 5288
5060 7084
5060 7288
5083 6123
5083 7685
5083 8000
5084 7402
5088 486
5088 1149
5088 7716
5088 9761
5088 12215
5089 406
5089 6426
5089 6717
5089 10144
5091 363
5091 538
5091 667
5091 758
5091 2782
5091 3272
5091 4153
5091 4468
5091 5682
5091 6474
5091 6492
5091 6851
5091 6943
5091 7879
5091 8037
5091 14517
5096 9476
5098 12768
5106 8927
5106 12746
5106 12750
5110 488
5110 531
5110 646
5110 751
5110 757
5110 1692
5110 1924
5110 2531
5110 2844
5110 3692
5110 3764
5110 4549
5110 4551
5110 4572
5110 5046
5110 6414
5110 6630
5110 6652
5110 6758
5110 6824
5110 7912
5110 8181
5110 8804
5110 8953
5110 9016
5110 9222
5110 9432
5110 9785
5110 10240
5110 11080
5110 11890
5110 11963
5110 12005
5110 12278
5110 12698
5110 13414
5111 338
5119 1857
5119 2837
5119 3063
5119 3197
5119 4782
5119 4894
5119 6314
5119 7128
5119 7193
5119 8236
5119 8651
5119 9030
5119 9031
5119 9110
5125 206
5125 923
5125 1781
5125 1864
5125 1949
5125 2127
5125 4203
5125 11074
5127 10470
5140 1103
5140 2127
5140 2404
5140 2636
5140 4001
5140 4876
5140 7256
5160 1545
5160 2259
5160 2799
5160 3344
5160 4464
5160 4752
5160 6179
5160 8063
5160 8152
5160 8750
5160 8956
5160 12699
5160 13310
5167 1084
5167 6661
5167 8024
5167 8187
5167 8262
5167 8293
5167 11450
5167 12376
5171 923
5171 13580
5176 5743
5176 14071
5178 6861
5178 7097
5178 10005
5185 268
5185 2368
5185 2584
5185 2604
5185 3134
5185 3905
5185 4723
5185 6638
5185 7701
5185 7711
5185 10856
5185 11452
5185 11749
5185 13271
5186 5866
5186 13552
5187 2929
5187 5629
5187 8658
5187 12591
5187 13234
5194 753
5194 4551
5194 5490
5194 7854
5194 8956
5194 9082
5198 3466
5203 2749
5210 832
5210 3579
5210 3781
5210 4756
5210 4848
5210 5300
5210 9125
5210 9595
5210 10126
5210 10880
5210 11385
5210 11712
5210 11833
5210 13414
5220 285
5220 406
5220 732
5220 4194
5220 5509
5220 5757
5220 6253
5220 6373
5220 7789
5220 8841
5220 9121
5220 9397
5225 451
5225 896
5225 1873
5225 1890
5225 2580
5225 3028
5225 3048
5225 4723
5225 4852
5225 4853
5225 6692
5225 6822
5225 7363
5225 7722
5225 7820
5225 9526
5225 9758
5225 10996
5225 11072
5225 12035
5225 12668
5225 13005
5225 13486
5231 3607
5231 5997
5231 6666
5231 6667
5231 9012
5231 9098
5231 9252
5231 9426
5231 10347
5231 11453
5231 11579
5251 2762
5251 2890
5251 4554
5251 5933
5251 6857
5251 8607
5251 8838
5251 10005
5255 8152
5255 8584
5262 1014
5262 2572
5262 4541
5263 567
5263 751
5263 999
5263 1164
5263 3755
5263 3914
5263 8925
5263 9358
5263 9476
5263 10242
5263 11963
5288 662
5288 2187
5288 2359
5288 3984
5288 4189
5288 4548
5288 6390
5288 7084
5288 7268
5288 11897
5288 14263
5295 1917
5295 2732
5295 2845
5295 3016
5298 2610
5298 2762
5298 2847
5298 3089
5298 3875
5298 4554
5298 6230
5298 7531
5298 7808
5298 9458
5298 12390
5300 832
5300 2950
5300 3579
5300 3781
5300 4756
5300 4848
5300 8647
5300 9595
5300 10126
5300 10880
5300 11385
5300 11833
5300 13414
5301 1294
5301 4579
5301 6070
5301 8083
5318 1752
5318 2976
5318 7300
5318 8153
5318 9098
5318 10075
5319 2748
5319 4227
5319 5029
5319 12696
5319 14017
5322 2262
5322 3610
5322 6362
5322 6373
5322 7182
5322 7209
5322 9377
5322 13306
5323 406
5323 4580
5323 4723
5323 5549
5323 7092
5324 5355
5324 6690
5324 6800
5324 8292
5355 2965
5355 3405
5355 4442
5355 4700
5355 5324
5355 5880
5355 6690
5355 6800
5355 8143
5355 8455
5355 8720
5355 9066
5355 9353
5355 9721
5355 10008
5376 538
5376 619
5376 990
5376 3312
5376 6940
5376 9918
5376 10455
5376 11857
5376 12545
5376 12668
5376 12886
5381 2099
5381 2245
5381 4077
5381 8564
5381 10789
5390 4766
5390 4833
5390 5458
5390 6425
5390 6517
5390 9138
5390 10284
5390 12748
5394 3730
5394 6668
5394 8585
5394 10759
5394 10775
5394 10818
5394 11453
5396 3365
5396 5933
5396 9276
5396 10549
5401 8927
5416 1902
5416 3530
5416 3595
5416 3648
5416 4087
5416 4727
5416 4968
5416 5450
5416 5640
5416 7047
5416 7966
5416 8412
5416 8580
5416 8623
5416 9034
5416 9224
5416 9476
5416 9695
5416 9787
5416 11179
5416 11991
5416 12227
5416 12397
5416 12709
5418 140
5418 337
5418 454
5418 1916
5418 1940
5418 2018
5418 2743
5418 2854
5418 3198
5418 3203
5418 5023
5418 5777
5420 2740
5420 4476
5425 2184
5425 7828
5425 8207
5425 13162
5426 476
5426 2768
5426 2771
5426 2915
5426 6744
5426 6857
5426 8838
5426 11745
5430 451
5430 717
5430 785
5430 2365
5430 3067
5430 3190
5430 4293
5430 7679
5430 8582
5430 8599
5430 9086
5430 9634
5430 10360
5430 10702
5430 11738
5430 12749
5430 13539
5439 1148
5439 3272
5442 1781
5445 2965
5445 3894
5445 4101
5445 5029
5445 7161
5448 1862
5448 5449
5448 5450
5449 1862
5449 5448
5449 5450
5450 1862
5450 1902
5450 3530
5450 3648
5450 5416
5450 5449
5450 5640
5450 5944
5450 6758
5450 6809
5450 6974
5450 7047
5450 8580
5450 9034
5450 9695
5450 9787
5450 11179
5450 11361
5450 12227
5450 12397
5453 1414
5453 2842
5453 5486
5453 6800
5453 7002
5453 7632
5453 8015
5453 8068
5453 8220
5453 8382
5453 8383
5453 8384
5453 8888
5455 5194
5455 5490
5455 7854
5457 3200
5457 3479
5457 5571
5457 5656
5457 6290
5457 6556
5457 8433
5457 10167
5458 336
5458 2853
5458 4527
5458 4833
5458 5390
5458 5629
5458 6517
5458 8495
5458 9138
5458 10786
5458 12748
5458 13107
5459 5771
5459 6624
5459 8096
5459 8650
5459 8784
5463 856
5463 3479
5463 4005
5463 4633
5463 9715
5464 268
5464 2368
5464 2584
5464 2604
5464 3134
5464 3905
5464 4723
5464 5185
5464 6638
5464 7701
5464 7711
5464 9630
5464 11749
5464 13271
5465 28
5465 1584
5465 2957
5465 4101
5465 4653
5465 5585
5465 6690
5465 7200
5465 7263
5465 7264
5465 10054
5465 12886
5466 1340
5466 1545
5466 2215
5466 2235
5466 4852
5466 5663
5466 6218
5473 856
5473 13217
5475 10058
5476 1782
5476 4761
5476 5477
5476 5949
5477 4761
5477 5476
5477 5949
5479 924
5479 1744
5479 3178
5479 10988
5479 13602
5479 13973
5483 77
5483 322
5483 2866
5483 3984
5483 4853
5483 7166
5483 8851
5486 758
5486 1046
5486 1209
5486 1376
5486 1414
5486 2322
5486 2842
5486 3610
5486 5453
5486 5702
5486 5808
5486 7002
5486 7084
5486 7632
5486 8015
5486 8382
5486 8383
5486 8384
5486 8536
5486 8547
5486 8888
5486 9924
5486 10062
5486 10899
5488 4810
5488 4992
5488 5804
5488 7757
5489 2588
5489 2957
5489 5465
5489 5835
5489 6813
5489 6973
5489 7733
5489 10030
5489 10331
5489 10944
5490 663
5490 924
5490 2325
5490 3290
5490 5194
5490 5455
5490 5479
5490 6271
5490 7268
5490 7854
5490 8410
5490 9566
5490 9810
5490 10708
5509 406
5509 428
5509 725
5509 732
5509 1822
5509 3405
5509 4194
5509 4548
5509 5220
5509 5757
5509 6253
5509 6271
5509 6373
5509 6464
5509 6973
5509 7161
5509 8669
5509 8956
5509 11028
5509 12556
5509 14525
5517 856
5518 3434
5518 6260
5522 6031
5522 7001
5522 10953
5525 532
5525 12827
5528 1921
5528 4487
5528 5620
5528 5891
5528 5893
5528 5894
5528 6684
5528 7020
5528 7021
5528 7022
5528 7023
5535 6709
5535 14060
5549 406
5549 619
5549 4580
5549 4723
5549 5323
5549 11225
5549 14024
5558 12319
5563 2732
5563 10493
5564 4906
5564 6001
5564 6168
5564 8144
5564 8789
5564 9473
5564 9665
5564 9706
5564 9780
5564 9799
5564 9800
5564 9955
5564 12131
5564 12133
5571 702
5571 5457
5571 10167
5572 514
5572 924
5572 1532
5572 1969
5572 2649
5572 2826
5572 3930
5572 7716
5572 8091
5572 8584
5572 9137
5572 9787
5572 12545
5573 612
5573 2204
5574 2240
5574 4958
5574 6477
5574 6478
5574 6479
5574 9400
5585 510
5585 1584
5585 3330
5585 4101
5585 5465
5585 6690
5585 6843
5585 7102
5585 7264
5585 7833
5585 8377
5585 12886
5585 13055
5586 3681
5586 8066
5586 9182
5586 9707
5586 10214
5586 13971
5587 1910
5587 2764
5587 2890
5587 3300
5587 3680
5587 4167
5587 4723
5587 6329
5587 8979
5587 9493
5587 9715
5588 1902
5604 3110
5604 5605
5607 2563
5607 3125
5607 3221
5607 3815
5607 6278
5607 7660
5614 3761
5614 6506
5620 1921
5620 2522
5620 4487
5620 5528
5620 5893
5620 5894
5620 7020
5620 7021
5620 7022
5620 7023
5620 9585
5621 5828
5624 7886
5624 14525
5629 702
5629 4833
5629 8495
5629 13342
5640 3530
5640 3648
5640 5450
5640 6809
5640 7047
5640 7966
5640 8580
5640 9034
5640 9224
5640 9695
5640 9787
5640 11179
5640 12227
5640 12397
5641 3330
5653 486
5653 3029
5653 6464
5653 8254
5653 12002
5656 5769
5656 7859
5656 10058
5663 1340
5663 1545
5663 2215
5663 2235
5663 4852
5663 5466
5663 5943
5663 6218
5672 7916
5680 1148
5680 3471
5680 8823
5680 8945
5680 9207
5680 10190
5680 10253
5680 10310
5680 10447
5680 10772
5680 13167
5682 363
5682 461
5682 667
5682 693
5682 1486
5682 2192
5682 2782
5682 3272
5682 4153
5682 4468
5682 4727
5682 5091
5682 6474
5682 6492
5682 7879
5682 8037
5683 406
5683 2563
5683 2623
5683 3125
5683 3815
5683 5607
5683 6278
5683 6551
5683 7660
5692 3569
5692 3636
5692 4351
5692 6541
5692 8103
5692 8110
5692 8991
5692 9089
5702 1414
5702 2450
5702 2842
5702 3711
5702 5045
5702 5453
5702 5486
5702 5808
5702 6335
5702 6653
5702 6800
5702 7002
5702 7155
5702 7632
5702 7753
5702 8015
5702 8068
5702 8220
5702 8382
5702 8383
5702 8888
5702 9003
5702 9924
5702 12438
5706 995
5706 1859
5706 4723
5706 7879
5706 8290
5715 732
5715 1778
5715 1873
5715 3222
5715 3894
5715 10242
5715 10951
5718 3759
5738 10530
5740 2836
5740 6179
5740 8030
5740 9493
5740 9810
5740 10060
5740 10236
5740 14030
5743 5176
5743 6862
5743 7551
5743 8401
5743 9138
5743 11098
5757 406
5757 1149
5757 1607
5757 1873
5757 2235
5757 3190
5757 4101
5757 4194
5757 4853
5757 5220
5757 5509
5757 6253
5757 6373
5757 6464
5757 8030
5757 9397
5757 11028
5757 12397
5757 12696
5757 13499
5761 8646
5761 9528
5761 9700
5761 10927
5771 4309
5771 5459
5771 6624
5771 8096
5771 8650
5771 8784
5773 1712
5777 2854
5777 3474
5777 5418
5795 724
5795 2965
5795 3330
5795 3405
5795 3729
5795 4442
5795 4470
5795 4700
5795 5355
5795 5880
5795 7537
5795 7723
5795 8455
5795 8720
5795 8872
5795 8995
5795 9066
5795 9067
5795 9353
5795 9743
5795 10008
5804 2562
5804 4810
5804 4992
5804 7757
5808 1414
5808 2450
5808 2842
5808 3711
5808 5453
5808 5702
5808 6653
5808 6681
5808 7002
5808 7632
5808 7753
5808 8015
5808 8382
5808 8384
5808 8888
5808 9003
5808 9924
5808 12438
5812 10708
5817 1294
5817 2251
5817 2325
5817 4486
5817 4536
5817 6354
5817 6809
5817 9074
5822 14003
5827 1744
5827 3114
5827 3178
5827 5288
5827 5479
5827 10988
5827 11897
5827 11979
5827 13602
5827 13973
5827 14083
5827 14263
5828 5621
5828 11236
5835 5489
5835 6813
5835 10331
5846 79
5846 110
5846 345
5846 659
5847 2471
5847 3067
5847 6555
5847 7636
5847 7772
5849 6431
5850 14009
5855 327
5855 534
5855 706
5855 1085
5855 2076
5855 2204
5855 2251
5855 3116
5855 3358
5855 3746
5855 7765
5855 9419
5855 9630
5855 11050
5855 11194
5855 12886
5855 14517
5856 4374
5856 7526
5856 12867
5866 4912
5866 5186
5866 8314
5866 10058
5866 13552
5873 7308
5873 12543
5880 2965
5880 4442
5880 4700
5880 5795
5880 8143
5880 8455
5880 8720
5880 8995
5880 9066
5880 9067
5880 9082
5880 9721
5891 890
5891 1921
5891 3746
5891 4487
5891 5528
5891 5620
5891 5893
5891 5894
5891 6684
5891 7019
5891 7020
5891 7021
5891 7023
5891 8912
5891 9585
5891 10951
5891 11172
5893 1921
5893 5528
5893 5620
5893 5891
5893 5894
5893 6684
5893 7018
5893 7020
5893 7023
5893 9585
5894 1921
5894 2522
5894 4487
5894 5528
5894 5620
5894 5891
5894 5895
5894 6684
5894 7019
5894 7020
5894 7021
5894 7022
5894 7023
5894 9585
5895 1921
5895 2522
5895 4487
5895 5528
5895 5620
5895 5891
5895 5893
5895 5894
5895 7019
5895 7020
5895 7021
5895 7022
5895 7023
5895 9585
5896 1753
5896 3110
5896 3894
5896 11770
5907 3929
5920 914
5920 1916
5920 2703
5920 2704
5920 2722
5920 2824
5920 4909
5920 6226
5920 12165
5920 12609
5920 13535
5920 14003
5927 8999
5927 9573
5927 11185
5927 12584
5932 312
5932 2184
5932 12545
5932 13162
5933 601
5933 2245
5933 3707
5933 5251
5933 5396
5933 6857
5933 7531
5933 8607
5933 8838
5933 9276
5943 5663
5944 5450
5944 6758
5944 6974
5944 9787
5945 2875
5945 2928
5945 4871
5945 11289
5949 1782
5949 4761
5949 4979
5949 5476
5949 5477
5949 6661
5949 7786
5958 7793
5958 10759
5958 11235
5958 11417
5961 1033
5961 1415
5961 2845
5965 693
5965 1871
5965 2002
5965 2888
5965 2913
5965 3485
5965 4183
5965 4584
5965 6181
5965 6753
5965 12470
5965 14382
5967 396
5967 3755
5967 6414
5967 7554
5967 7654
5967 7741
5967 8405
5967 8599
5967 8956
5967 9166
5967 14017
5971 3551
5971 3552
5971 3586
5971 3587
5971 3624
5971 3667
5971 3670
5971 3975
5971 5973
5971 5974
5971 5975
5971 7060
5971 7784
5971 7864
5971 8509
5971 9350
5971 12326
5973 3549
5973 3622
5973 3623
5973 3667
5973 3670
5973 3724
5973 3975
5973 5971
5973 5975
5973 7060
5973 7784
5973 8509
5973 8762
5973 8781
5973 9350
5973 12326
5974 3622
5974 3624
5974 3670
5974 3975
5974 5971
5974 5973
5974 5975
5974 7784
5974 7864
5974 8762
5974 8781
5974 9350
5974 10142
5974 12326
5975 2420
5975 3586
5975 3587
5975 3622
5975 3624
5975 3670
5975 3671
5975 3724
5975 3975
5975 4974
5975 5971
5975 5974
5975 7405
5975 7864
5975 8509
5975 8781
5975 9350
5975 12326
5984 5985
5985 9781
5986 8588
5992 460
5997 2067
5997 3607
5997 4120
5997 5231
5997 6666
5997 6667
5997 7295
5997 9098
5997 10818
5997 11453
5997 11579
6001 3320
6001 4906
6001 5564
6001 6168
6001 8144
6001 8789
6001 9471
6001 9473
6001 9665
6001 9706
6001 9780
6001 9799
6001 9800
6001 9947
6001 12131
6001 12133
6012 11154
6014 7011
6028 675
6028 10542
6031 5522
6031 7001
6031 10953
6031 13167
6033 365
6033 536
6034 2087
6045 6878
6045 7834
6045 9631
6045 11784
6047 1980
6047 2325
6052 9209
6053 7452
6055 664
6055 2762
6055 2871
6055 2886
6055 2902
6055 2916
6055 3707
6055 6230
6055 8831
6056 1417
6056 2825
6057 3063
6057 4077
6058 451
6058 531
6058 646
6058 717
6058 718
6058 749
6058 750
6058 764
6058 785
6058 890
6058 1453
6058 1944
6058 2365
6058 2615
6058 3067
6058 3190
6058 4151
6058 4293
6058 4549
6058 5430
6058 6748
6058 7022
6058 8372
6058 8582
6058 8599
6058 9086
6058 10360
6058 10702
6058 11712
6058 11738
6058 12035
6058 12749
6058 13310
6058 13486
6058 13539
6058 13541
6061 120
6061 454
6061 654
6061 1333
6061 1916
6061 1949
6061 2018
6061 2308
6061 2358
6061 3203
6061 5418
6061 7589
6061 9547
6061 11074
6061 11333
6061 12590
6065 575
6065 2714
6065 2845
6065 2866
6070 1294
6070 4579
6070 5301
6070 6086
6070 8083
6072 954
6072 2716
6072 12917
6085 619
6085 3481
6085 3495
6085 6257
6085 7546
6085 11098
6086 6070
6091 2234
6091 3434
6091 6370
6091 7076
6091 9342
6091 9916
6091 13556
6123 5083
6123 7685
6127 3058
6127 3386
6128 1417
6128 2761
6128 4938
6128 7651
6128 11279
6128 11858
6128 11861
6128 13301
6147 4275
6156 7236
6156 7395
6156 8057
6156 8072
6156 12051
6162 3821
6162 9192
6162 10579
6165 732
6167 704
6167 4766
6167 6170
6167 6982
6167 8473
6167 11591
6168 4906
6168 5564
6168 6001
6168 8144
6168 8693
6168 8789
6168 9665
6168 9706
6168 9780
6168 9799
6168 9800
6168 9947
6168 9955
6168 12131
6168 12133
6170 3839
6170 4766
6170 6167
6175 13580
6177 3204
6177 4620
6178 2718
6178 2762
6178 12917
6179 1921
6179 2235
6179 2836
6179 5740
6179 6809
6179 6931
6179 7806
6179 8956
6179 11591
6179 13310
6181 230
6181 647
6181 1662
6181 1871
6181 2002
6181 2708
6181 2815
6181 2877
6181 3365
6181 3399
6181 5965
6181 9076
6181 10615
6181 13948
6181 14382
6193 3999
6193 4485
6193 10236
6194 10180
6194 11234
6210 6557
6218 441
6218 531
6218 642
6218 749
6218 1340
6218 1481
6218 1545
6218 1744
6218 2215
6218 2235
6218 2325
6218 3046
6218 4664
6218 4852
6218 5466
6218 13973
6224 2759
6224 2760
6224 7661
6225 2705
6225 2716
6226 178
6226 2704
6226 2722
6226 5920
6229 4759
6229 6347
6230 2307
6230 2762
6230 2847
6230 2871
6230 2886
6230 2902
6230 3707
6230 4554
6230 5298
6230 10005
6251 1938
6253 406
6253 3278
6253 3782
6253 3830
6253 4194
6253 5220
6253 5757
6253 6373
6253 6464
6253 11028
6253 12007
6253 12556
6254 407
6257 758
6257 1291
6257 3477
6257 3481
6257 6085
6257 7269
6257 7546
6257 7773
6257 8956
6257 10173
6257 11098
6257 12068
6260 2831
6260 5518
6260 7391
6262 1333
6262 1985
6262 2054
6262 3903
6267 10998
6271 663
6271 725
6271 1822
6271 1924
6271 2162
6271 3290
6271 5509
6271 7268
6271 8410
6271 8669
6271 9810
6276 363
6276 1638
6276 8740
6276 10706
6276 12497
6276 12709
6278 406
6278 2563
6278 3125
6278 3221
6278 5607
6278 7660
6285 2235
6285 2584
6285 6179
6285 6931
6285 11050
6286 1734
6286 3633
6286 6364
6286 7894
6286 8386
6290 702
6290 1455
6290 3255
6290 5457
6290 10058
6292 1926
6292 8977
6301 878
6301 3061
6301 3426
6301 6302
6301 6816
6301 8498
6301 10091
6301 11519
6301 11749
6302 285
6302 5220
6302 7789
6302 8841
6314 1857
6314 3063
6314 3197
6314 4782
6314 4894
6314 5119
6314 7128
6314 7193
6314 8236
6314 8546
6314 8651
6314 9031
6314 9110
6314 12275
6324 2887
6329 1910
6329 2764
6329 3300
6329 4723
6329 9224
6335 1414
6335 2450
6335 2842
6335 3711
6335 5045
6335 5453
6335 5702
6335 6653
6335 6681
6335 6800
6335 7002
6335 7155
6335 7753
6335 8068
6335 8220
6335 8382
6335 8383
6335 8384
6335 8888
6335 9003
6335 9924
6335 12438
6339 3377
6339 10530
6347 4759
6347 6229
6349 4831
6349 10305
6349 10321
6354 5817
6354 10706
6362 3610
6362 5322
6362 7209
6362 7268
6362 13306
6364 856
6364 958
6364 1913
6364 2682
6364 3633
6364 4070
6364 6286
6364 7303
6364 8727
6364 9624
6364 10819
6364 12021
6364 12023
6364 12249
6364 12867
6364 14452
6369 3595
6369 4087
6369 4627
6369 4727
6369 4968
6369 5416
6369 8254
6369 8412
6369 8623
6369 9476
6369 9948
6369 11991
6370 3434
6370 3633
6370 6091
6370 7076
6370 9342
6370 9916
6370 11660
6370 12249
6370 13556
6373 406
6373 732
6373 2262
6373 4194
6373 5220
6373 5322
6373 5509
6373 5757
6373 6464
6373 7779
6373 9377
6373 9397
6373 11028
6373 12556
6373 13306
6390 2359
6390 2799
6390 3344
6390 3569
6390 4189
6390 4194
6390 4464
6390 4656
6390 4752
6390 4852
6390 5160
6390 6794
6390 7268
6390 8953
6396 7149
6396 10387
6396 11661
6397 1911
6397 1935
6397 2032
6397 2670
6397 4183
6397 12992
6397 13580
6397 14382
6401 6415
6402 3204
6402 4314
6402 11236
6404 337
6404 6405
6405 337
6405 6404
6413 841
6414 396
6414 751
6414 757
6414 3029
6414 3755
6414 5110
6414 7554
6414 7654
6414 7741
6414 8152
6414 8405
6414 8410
6414 8956
6414 9166
6414 9476
6414 11963
6414 14017
6414 14284
6415 6401
6415 12683
6425 5390
6425 12748
6426 406
6426 5089
6426 6717
6426 10144
6431 1848
6431 7557
6431 14055
6464 406
6464 732
6464 3045
6464 4194
6464 5220
6464 5509
6464 5653
6464 5757
6464 6253
6464 8254
6464 9397
6464 11028
6464 12556
6474 363
6474 538
6474 758
6474 2782
6474 3272
6474 4153
6474 4173
6474 4468
6474 4727
6474 5682
6474 6492
6474 6943
6474 7879
6474 8037
6474 14517
6476 12917
6476 14055
6477 2240
6477 4958
6477 6478
6477 6479
6477 7207
6477 9400
6478 2240
6478 4958
6478 5574
6478 6477
6478 6479
6478 9400
6479 2240
6479 4958
6479 5574
6479 6477
6479 6478
6480 9024
6480 10879
6480 14059
6485 535
6485 843
6485 2495
6485 2779
6485 4610
6485 11856
6485 11857
6492 363
6492 538
6492 667
6492 758
6492 2183
6492 2782
6492 3272
6492 4153
6492 4173
6492 4309
6492 4468
6492 4727
6492 5091
6492 5682
6492 6624
6492 6851
6492 6943
6492 7879
6492 8037
6492 14517
6500 10990
6501 2231
6501 3885
6501 4914
6501 7912
6501 9706
6501 9901
6501 13997
6506 5614
6506 12519
6514 519
6514 3759
6514 7173
6514 8742
6514 9024
6514 10168
6514 10815
6514 11040
6514 11351
6514 11352
6514 12738
6517 4766
6517 4833
6517 5390
6517 5458
6517 6425
6517 9138
6517 10284
6517 12748
6519 10058
6533 3821
6533 12408
6541 3569
6541 3636
6541 4351
6541 5692
6541 8103
6541 8110
6541 8991
6541 9595
6551 2563
6551 3125
6551 3221
6551 3815
6551 5607
6551 5683
6551 6278
6551 7660
6555 2471
6555 5847
6555 8219
6556 338
6556 856
6556 2762
6556 5457
6556 7356
6556 9588
6557 6210
6586 749
6586 764
6586 2615
6586 6058
6586 6748
6586 10988
6586 11712
6586 13486
6586 13541
6595 1869
6609 6628
6609 8313
6609 9161
6624 2183
6624 4309
6624 5459
6624 8096
6624 8650
6625 3801
6625 7016
6625 7163
6625 8384
6625 8884
6625 9246
6625 9790
6625 10617
6625 10868
6625 11611
6625 12438
6627 702
6627 3480
6627 4943
6627 6628
6627 7894
6627 8473
6627 10058
6628 6609
6628 8313
6628 9161
6630 488
6630 1910
6630 2406
6630 2531
6630 3995
6630 4491
6630 4548
6630 4549
6630 5110
6630 7092
6630 7912
6630 8181
6630 8804
6630 9016
6630 9432
6630 10462
6630 12698
6630 13414
6631 10948
6638 268
6638 2584
6638 2604
6638 3134
6638 3905
6638 4723
6638 5185
6638 5464
6638 7701
6638 7711
6638 9630
6638 10856
6638 11749
6639 2827
6652 2844
6652 3692
6652 3764
6652 4551
6652 5110
6652 6758
6652 9785
6652 10240
6652 11080
6652 11361
6652 11890
6652 12005
6652 12278
6653 1414
6653 3711
6653 5702
6653 5808
6653 6335
6653 6800
6653 7002
6653 7155
6653 7632
6653 8015
6653 8220
6653 8382
6653 8383
6653 9003
6659 3565
6659 3759
6659 4861
6659 9277
6659 9296
6661 1368
6661 3328
6661 5167
6661 5949
6661 9138
6661 9750
6661 11583
6662 8133
6666 3607
6666 4120
6666 5231
6666 5997
6666 7295
6666 9012
6666 10347
6666 11453
6666 11579
6667 3607
6667 4120
6667 5231
6667 5997
6667 6666
6667 7295
6667 9012
6667 10347
6668 5394
6668 8585
6668 9342
6668 10759
6675 11283
6681 1414
6681 3711
6681 5045
6681 5702
6681 5808
6681 6653
6681 6800
6681 7155
6681 7632
6681 7753
6681 8015
6681 8220
6681 8382
6681 8383
6681 9003
6681 9924
6681 12438
6684 1921
6684 2522
6684 4487
6684 5528
6684 5620
6684 5891
6684 5893
6684 5894
6684 5895
6684 7018
6684 7019
6684 7020
6684 7022
6684 7023
6684 9585
6690 28
6690 1584
6690 3330
6690 4101
6690 4653
6690 5355
6690 5465
6690 5585
6690 6800
6690 7102
6690 7264
6690 7833
6690 8292
6690 8377
6690 12886
6692 451
6692 5225
6692 9526
6692 11072
6709 5535
6709 14060
6712 189
6712 923
6712 1955
6712 2029
6712 3676
6712 3901
6712 4183
6712 4431
6712 9931
6717 406
6717 460
6717 5992
6717 10144
6724 1782
6724 1923
6724 2666
6724 4761
6724 4872
6724 6725
6724 6726
6724 7685
6724 9380
6724 9523
6724 10213
6724 10347
6724 10814
6724 11579
6724 11591
6725 6724
6725 6726
6725 9085
6725 9380
6725 9523
6725 9600
6725 10814
6726 6725
6726 7685
6726 9085
6726 9523
6726 10814
6727 4304
6727 7412
6727 7746
6727 7833
6730 702
6730 5314
6740 3717
6744 2768
6744 2875
6744 2915
6744 4554
6744 5426
6744 7097
6744 7531
6744 8838
6746 1603
6746 3739
6746 3779
6746 7422
6746 8254
6746 9700
6746 10753
6748 425
6748 718
6748 764
6748 2615
6748 4151
6748 6058
6748 6586
6748 10988
6748 11712
6748 13486
6748 13541
6753 1871
6753 2888
6753 3016
6753 4275
6753 4584
6753 5965
6753 8186
6758 999
6758 2844
6758 3692
6758 3755
6758 3764
6758 3914
6758 4470
6758 4551
6758 4572
6758 5046
6758 5110
6758 5263
6758 5450
6758 5944
6758 6652
6758 6824
6758 6974
6758 8925
6758 8953
6758 9785
6758 9787
6758 10240
6758 11080
6758 11361
6758 11890
6758 12005
6758 12278
6759 646
6759 749
6759 6058
6759 8372
6759 13310
6763 441
6763 534
6763 723
6763 743
6763 888
6763 1921
6763 2282
6763 2662
6763 3389
6763 3426
6763 3916
6763 4087
6763 4158
6763 4262
6763 10683
6763 11912
6763 14260
6766 636
6766 1830
6766 4101
6766 6931
6766 9265
6766 9577
6766 11979
6766 12651
6767 6769
6767 11661
6769 6767
6769 11661
6776 7636
6776 14089
6794 4189
6794 4548
6794 4656
6794 4852
6794 5288
6794 7268
6794 8352
6800 1414
6800 2842
6800 3711
6800 5045
6800 5324
6800 5355
6800 5453
6800 5702
6800 5808
6800 6335
6800 6653
6800 6690
6800 7632
6800 7753
6800 8015
6800 8068
6800 8220
6800 8292
6800 8382
6800 8383
6800 8384
6800 8888
6800 12438
6803 1143
6803 1807
6808 1941
6808 2396
6808 3242
6808 4568
6808 4570
6808 4572
6808 4575
6808 6956
6809 2251
6809 3648
6809 4486
6809 5160
6809 5416
6809 5450
6809 5817
6809 6179
6809 7047
6809 7966
6809 8956
6809 9034
6809 9224
6809 9695
6809 9787
6809 11179
6809 11247
6809 12227
6809 12397
6809 12709
6809 13310
6813 5489
6813 5835
6813 10331
6816 878
6816 3426
6816 6301
6816 8498
6816 10091
6816 11223
6816 11519
6817 166
6817 4938
6822 706
6822 896
6822 1873
6822 3048
6822 4852
6822 4853
6822 5225
6822 7722
6822 10996
6822 12668
6824 2844
6824 3764
6824 4551
6824 4572
6824 6758
6824 9785
6824 11080
6824 11361
6824 11890
6824 12005
6824 12278
6841 4964
6843 1584
6843 3330
6843 4653
6843 5465
6843 5585
6843 6690
6843 7102
6843 7263
6843 7264
6843 7833
6843 8377
6843 13055
6851 111
6851 363
6851 538
6851 667
6851 758
6851 2782
6851 3272
6851 4153
6851 4173
6851 4468
6851 4727
6851 5091
6851 5682
6851 6474
6851 6492
6851 6943
6851 7879
6851 8037
6851 9403
6851 14517
6857 2718
6857 2762
6857 2915
6857 3707
6857 3875
6857 5251
6857 5426
6857 5933
6857 6744
6857 7135
6857 8418
6857 9099
6858 6364
6858 12249
6861 2490
6861 2714
6861 5178
6861 7097
6861 8607
6862 3131
6862 5743
6862 7032
6862 7551
6862 11098
6867 316
6867 418
6867 798
6867 2709
6878 6045
6878 7834
6878 9631
6878 11771
6878 11784
6927 8495
6929 158
6931 636
6931 1334
6931 1830
6931 2235
6931 2866
6931 4101
6931 6179
6931 6766
6931 9265
6931 9577
6931 11979
6940 577
6940 619
6940 990
6940 5376
6940 8979
6940 9918
6940 10944
6940 11857
6940 12668
6940 12886
6943 363
6943 538
6943 667
6943 758
6943 2782
6943 3272
6943 4173
6943 4727
6943 5091
6943 5682
6943 6474
6943 6492
6943 6851
6943 7879
6943 8037
6943 14517
6956 1419
6956 1941
6956 3242
6956 4568
6956 4570
6956 4571
6956 4572
6956 4576
6956 6808
6957 268
6962 9545
6962 9750
6962 10248
6970 1016
6973 725
6973 1822
6973 1924
6973 2588
6973 5489
6973 5509
6973 6271
6973 7848
6973 8460
6973 8669
6973 8710
6973 9385
6973 10008
6973 10030
6973 10168
6973 10243
6973 10944
6973 11040
6973 11042
6973 11354
6973 11401
6973 11408
6973 11409
6973 11410
6973 12738
6974 363
6974 1638
6974 3768
6974 4101
6974 5450
6974 5944
6974 6276
6974 9787
6974 10706
6974 11361
6974 12497
6974 12709
6982 569
6982 704
6982 856
6982 3839
6982 6167
6997 406
6997 425
6997 750
6997 2424
6997 2910
6997 4643
7001 5522
7001 10953
7001 13167
7002 1414
7002 2450
7002 2842
7002 5045
7002 5453
7002 5486
7002 6653
7002 6681
7002 6800
7002 7632
7002 7753
7002 8015
7002 8068
7002 8220
7002 8382
7002 8383
7002 8384
7002 8888
7002 9924
7002 12438
7009 2090
7009 2797
7009 3203
7009 7945
7011 2015
7011 6014
7016 441
7016 2653
7016 3801
7016 4227
7016 6625
7016 8884
7016 9246
7016 9418
7016 9790
7016 10207
7016 10405
7016 10868
7016 10944
7016 11611
7018 1921
7018 2522
7018 4487
7018 5528
7018 5620
7018 5893
7018 5894
7018 5895
7018 7019
7018 7021
7018 7022
7018 7023
7018 9585
7019 1921
7019 2522
7019 4487
7019 5528
7019 5620
7019 5891
7019 5893
7019 5894
7019 5895
7019 6684
7019 7018
7019 7020
7019 7021
7019 7022
7019 7023
7019 9585
7020 1921
7020 2522
7020 4487
7020 5620
7020 5891
7020 5893
7020 5894
7020 5895
7020 6684
7020 7018
7020 7019
7020 7021
7020 7022
7020 7023
7020 9585
7021 1921
7021 2522
7021 4487
7021 5620
7021 5891
7021 5893
7021 5895
7021 6684
7021 7019
7021 7020
7021 7022
7021 9585
7022 750
7022 1921
7022 2522
7022 4487
7022 4549
7022 5528
7022 5620
7022 5893
7022 5895
7022 6058
7022 6684
7022 7018
7022 7020
7022 9585
7022 12035
7023 1921
7023 2522
7023 4487
7023 5528
7023 5620
7023 5891
7023 5893
7023 5895
7023 6684
7023 7019
7023 7020
7023 7021
7023 9585
7031 8088
7032 6862
7032 11098
7033 2429
7033 7085
7033 10201
7033 10210
7047 3530
7047 3648
7047 5416
7047 5450
7047 5640
7047 6809
7047 7966
7047 8580
7047 9034
7047 9695
7047 9787
7047 12709
7060 3975
7060 5971
7060 5973
7060 7784
7060 7864
7060 9350
7060 10142
7060 12326
7063 1033
7063 1964
7063 4896
7063 10493
7063 10796
7063 13446
7076 3434
7076 6290
7076 9342
7076 9916
7076 10058
7076 13556
7084 396
7084 662
7084 2584
7084 4732
7084 5060
7084 5288
7084 10899
7085 2429
7085 8010
7085 10210
7092 268
7092 619
7092 2406
7092 4580
7092 4723
7092 5323
7092 5549
7092 6630
7092 10530
7092 11225
7092 14024
7094 12165
7097 2709
7097 2714
7097 2761
7097 2875
7097 5178
7097 6128
7097 6744
7097 6861
7097 7651
7097 8607
7097 11745
7097 11858
7097 11861
7099 367
7099 723
7099 9493
7102 28
7102 510
7102 3330
7102 4101
7102 4653
7102 5585
7102 6690
7102 6843
7102 7263
7102 7264
7102 7833
7102 8377
7102 12886
7102 13055
7103 2993
7103 8866
7103 10092
7103 10209
7103 10488
7103 11606
7103 12747
7103 12751
7128 111
7128 1857
7128 3063
7128 3197
7128 4260
7128 4782
7128 4894
7128 5119
7128 6314
7128 7193
7128 8236
7128 8546
7128 8651
7128 9031
7128 9110
7128 10058
7135 2718
7135 2764
7135 3875
7135 6857
7135 7531
7135 8418
7135 8838
7135 9099
7149 6396
7149 10387
7149 11661
7155 1414
7155 2450
7155 3711
7155 5045
7155 5486
7155 5702
7155 5808
7155 6653
7155 6800
7155 7002
7155 7632
7155 7753
7155 8015
7155 8220
7155 8888
7155 9003
7155 9924
7155 12438
7161 727
7161 890
7161 1085
7161 1291
7161 1345
7161 2965
7161 3894
7161 4098
7161 4131
7161 4466
7161 5029
7161 5445
7161 5509
7161 7912
7161 8956
7161 10442
7161 11175
7161 11519
7161 12174
7161 12334
7163 3801
7163 6625
7163 7016
7163 8884
7163 9246
7163 10207
7163 10405
7163 10617
7163 10868
7163 11611
7166 77
7166 268
7166 2866
7166 3984
7166 4853
7166 5483
7166 8851
7173 519
7173 6514
7173 8742
7173 9024
7173 10815
7173 10879
7173 11040
7173 11350
7173 11351
7173 11352
7182 367
7182 758
7182 2173
7182 2262
7182 3190
7182 3290
7182 4565
7182 5322
7182 6373
7182 7779
7182 8312
7182 9377
7182 11098
7182 13306
7192 7303
7192 12249
7193 2837
7193 3063
7193 3197
7193 4782
7193 4894
7193 5119
7193 6314
7193 7128
7193 8236
7193 8651
7193 9030
7193 9110
7193 12275
7200 2957
7200 5465
7200 5489
7200 10054
7200 12426
7206 8743
7207 6477
7207 8636
7207 8669
7207 11857
7209 5322
7209 6362
7209 7268
7209 13306
7212 4124
7212 13334
7212 14284
7236 7492
7237 12707
7256 1103
7256 2636
7256 4876
7256 5140
7263 28
7263 510
7263 1584
7263 4101
7263 4653
7263 5465
7263 5585
7263 6690
7263 7102
7263 7264
7263 7833
7263 8377
7263 13055
7264 510
7264 1584
7264 3330
7264 4101
7264 4653
7264 5465
7264 5585
7264 6843
7264 7102
7264 7263
7264 7833
7264 8377
7264 12886
7264 13055
7268 663
7268 853
7268 1596
7268 2162
7268 2265
7268 3610
7268 4189
7268 4548
7268 4656
7268 5029
7268 5288
7268 5322
7268 5490
7268 6271
7268 6362
7268 6390
7268 6794
7268 7209
7268 7966
7268 8352
7268 8410
7268 9810
7268 11749
7268 13306
7269 758
7269 1291
7269 3051
7269 3477
7269 6257
7269 10173
7275 3875
7275 4554
7288 662
7288 1331
7288 2584
7288 3125
7288 3984
7288 5060
7288 7084
7288 8292
7295 3607
7295 4120
7295 4173
7295 5035
7295 5231
7295 5997
7295 6666
7295 6667
7295 11579
7300 1752
7300 2976
7300 5318
7300 8153
7300 10075
7300 11116
7303 3633
7303 3691
7303 4964
7303 6364
7303 6370
7303 6858
7303 7192
7303 8313
7303 8495
7303 8727
7303 9624
7303 10819
7303 11660
7303 12249
7303 13415
7303 14452
7308 5873
7315 2887
7315 6324
7324 1333
7324 1985
7324 2054
7324 3903
7324 4203
7324 4871
7324 6262
7343 924
7343 1652
7352 702
7356 5555
7356 9588
7358 514
7362 2234
7362 8313
7362 8386
7362 8554
7362 8671
7362 9161
7362 9758
7363 149
7363 3028
7363 7820
7363 12035
7363 13005
7363 13486
7373 1347
7390 4196
7390 7396
7390 10617
7390 11417
7395 6156
7395 8057
7395 8072
7395 9390
7395 9451
7395 12126
7396 4196
7396 7390
7396 10617
7396 11417
7405 2420
7405 3587
7405 3622
7405 3624
7405 3670
7405 3671
7405 3724
7405 4974
7405 5975
7405 7864
7405 8509
7405 9350
7405 10142
7408 4615
7412 4304
7412 6727
7422 1603
7422 3557
7422 3779
7422 4822
7422 6746
7422 9700
7422 10753
7424 7859
7424 10058
7437 889
7452 6053
7471 2785
7471 8334
7492 7236
7492 8135
7507 3801
7507 9246
7507 10207
7507 10405
7507 10617
7507 10868
7507 11611
7507 12438
7508 10649
7508 10804
7526 4374
7526 5856
7526 12867
7531 601
7531 639
7531 2245
7531 2490
7531 2718
7531 2757
7531 2764
7531 3089
7531 3875
7531 4554
7531 5298
7531 5933
7531 6744
7531 6857
7531 6861
7531 7135
7531 8418
7531 8607
7537 3070
7537 3330
7537 3729
7537 5795
7537 8413
7546 511
7546 518
7546 619
7546 1344
7546 3405
7546 3481
7546 3495
7546 4194
7546 4585
7546 6085
7546 7773
7546 7779
7546 8912
7546 9487
7546 11098
7551 5743
7551 6862
7551 7786
7551 8401
7551 9138
7551 9916
7551 12333
7554 396
7554 3755
7554 5967
7554 7654
7554 7741
7554 8405
7554 8599
7554 9166
7554 9476
7554 14017
7557 1848
7557 5849
7557 6431
7557 14055
7564 302
7564 2764
7564 2768
7564 3089
7564 7759
7564 8607
7581 2656
7581 12376
7582 436
7582 2235
7582 7583
7582 7818
7582 8623
7582 8810
7582 8888
7582 9064
7582 9249
7582 10223
7582 10824
7583 436
7583 2235
7583 7582
7583 7818
7583 8623
7583 8810
7583 8888
7583 9064
7583 9249
7583 10223
7583 13303
7588 2540
7588 2819
7588 2825
7588 4554
7588 9099
7589 9547
7610 3114
7610 9139
7610 10145
7610 11158
7611 3931
7622 8977
7629 891
7629 2619
7632 2450
7632 2842
7632 3711
7632 5045
7632 5486
7632 5702
7632 5808
7632 6335
7632 6653
7632 6681
7632 6800
7632 7002
7632 7155
7632 7753
7632 8015
7632 8220
7632 8382
7632 8383
7632 8384
7632 8888
7632 9924
7632 12438
7632 13473
7636 7655
7636 8702
7636 12528
7636 14089
7641 3839
7641 8495
7641 12249
7641 13971
7651 2761
7651 4938
7651 6128
7651 7097
7651 11858
7651 11861
7651 13301
7654 396
7654 3755
7654 5967
7654 6414
7654 7554
7654 7741
7654 8405
7654 8956
7654 9166
7654 9476
7654 14017
7655 5847
7655 7636
7656 9709
7660 406
7660 2623
7660 3125
7660 3221
7660 3815
7660 5607
7660 6551
7665 2830
7665 6364
7665 9198
7665 10757
7666 10886
7669 3053
7679 451
7679 717
7679 785
7679 1944
7679 2365
7679 3067
7679 3190
7679 4163
7679 4293
7679 5430
7679 6058
7679 8582
7679 8599
7679 9086
7679 9634
7679 10360
7679 10702
7679 11738
7679 12749
7679 13539
7682 13015
7685 6123
7685 6724
7685 6725
7685 6726
7685 8000
7685 9085
7685 9380
7685 9523
7685 9600
7701 268
7701 2368
7701 2584
7701 3134
7701 4723
7701 6638
7701 7711
7701 9630
7701 10856
7701 11452
7701 11749
7701 13271
7705 8401
7705 10759
7705 11225
7705 13005
7711 268
7711 2368
7711 2604
7711 3134
7711 4723
7711 5185
7711 5464
7711 6638
7711 7701
7711 10856
7711 11452
7711 11749
7711 13271
7716 486
7716 519
7716 924
7716 3759
7716 5088
7716 5572
7716 6514
7716 6973
7716 7173
7716 7848
7716 8091
7716 8585
7716 8640
7716 8710
7716 8742
7716 9385
7716 9761
7716 10243
7716 11040
7716 11042
7716 11351
7716 11352
7716 11380
7716 11402
7716 11408
7716 11410
7716 12738
7716 14059
7719 7705
7719 9986
7722 706
7722 896
7722 1873
7722 3358
7722 4723
7722 4852
7722 4853
7722 5225
7722 6822
7722 9758
7722 10996
7722 12668
7723 1746
7723 3729
7723 4470
7723 5795
7723 8413
7723 8872
7723 9743
7730 990
7730 3598
7730 3738
7730 12426
7730 12510
7730 12727
7730 14059
7733 241
7733 2588
7733 6973
7733 10030
7733 10944
7741 396
7741 3755
7741 5967
7741 6414
7741 7654
7741 8405
7741 8599
7741 8956
7741 9476
7741 14017
7746 6727
7746 7833
7753 1414
7753 2450
7753 5045
7753 5486
7753 5808
7753 6335
7753 6681
7753 6800
7753 7155
7753 7632
7753 8015
7753 8220
7753 8382
7753 8383
7753 8888
7753 9003
7753 9924
7753 12438
7757 4810
7757 4992
7757 5488
7759 2762
7759 2768
7759 7564
7763 4170
7763 8627
7763 12519
7764 3434
7765 327
7765 367
7765 534
7765 706
7765 1085
7765 2076
7765 2204
7765 2251
7765 3746
7765 5855
7765 8197
7765 8597
7765 8720
7765 9419
7765 9630
7765 11050
7765 11145
7765 12886
7765 14517
7772 436
7772 2471
7772 3067
7772 5847
7772 8219
7773 619
7773 3481
7773 3495
7773 6085
7773 6257
7773 7546
7778 3557
7778 7806
7778 11098
7778 12543
7778 12750
7779 511
7779 518
7779 1344
7779 2262
7779 4585
7779 5322
7779 7182
7779 7546
7779 9377
7779 11098
7779 13306
7780 3277
7780 8150
7780 10287
7780 10804
7780 10871
7780 11246
7781 11346
7784 3548
7784 3551
7784 3552
7784 3622
7784 3667
7784 3671
7784 3724
7784 3727
7784 3975
7784 5971
7784 5974
7784 5975
7784 7060
7784 7864
7784 8509
7784 9350
7784 12326
7786 704
7786 1368
7786 1544
7786 1566
7786 1656
7786 2471
7786 3788
7786 3860
7786 4815
7786 5949
7786 7551
7786 8093
7786 9700
7786 9916
7786 10382
7786 10757
7786 11098
7786 11826
7786 12333
7787 2925
7787 10772
7787 12668
7789 285
7789 6302
7789 8841
7793 2331
7793 2686
7793 10759
7793 11235
7793 11417
7806 6179
7806 7778
7808 458
7808 567
7808 1869
7808 2095
7808 3089
7808 3875
7808 4554
7808 7531
7808 7852
7808 9458
7808 10061
7808 11170
7818 436
7818 2235
7818 7582
7818 7583
7818 8623
7818 8810
7818 8888
7818 9249
7818 10223
7818 10824
7818 13303
7819 4766
7819 10669
7820 1890
7820 3028
7820 5225
7820 7363
7820 12035
7820 13005
7820 13486
7828 2184
7828 5425
7828 8207
7833 510
7833 3330
7833 4101
7833 5585
7833 6727
7833 6843
7833 7102
7833 7263
7833 7264
7833 7746
7833 8377
7833 12886
7833 13055
7834 6045
7834 6878
7834 11771
7842 4101
7842 4229
7842 4252
7842 9376
7842 12278
7844 7916
7844 9452
7848 6973
7848 7716
7848 8374
7848 8460
7848 8640
7848 8710
7848 9385
7848 10008
7848 10168
7848 10243
7848 11040
7848 11042
7848 11354
7848 11401
7848 11402
7848 11408
7848 11409
7848 11410
7848 12738
7852 567
7852 7808
7852 11170
7854 5194
7854 5455
7854 5490
7854 9566
7859 5656
7859 10058
7859 11979
7859 12543
7864 3548
7864 3549
7864 3551
7864 3586
7864 3622
7864 3623
7864 3624
7864 3667
7864 3669
7864 3724
7864 3975
7864 5971
7864 5974
7864 7060
7864 7405
7864 7784
7864 8509
7864 8781
7864 9350
7864 12326
7865 441
7865 2653
7865 4227
7865 7016
7865 9418
7865 10944
7867 2142
7867 3114
7867 4146
7867 9432
7867 10696
7879 363
7879 667
7879 758
7879 995
7879 2782
7879 3272
7879 3952
7879 4153
7879 4173
7879 4468
7879 4723
7879 4727
7879 5091
7879 5682
7879 5706
7879 6474
7879 6492
7879 6851
7879 6943
7879 8037
7879 8290
7879 9787
7886 28
7886 751
7886 1148
7886 1572
7886 1924
7886 2251
7886 4485
7886 4853
7886 14525
7894 1122
7894 6286
7894 6627
7894 8473
7904 693
7904 695
7904 1871
7904 2002
7904 2913
7904 4183
7904 5965
7904 8551
7904 8552
7904 12470
7904 14382
7912 419
7912 531
7912 646
7912 1910
7912 2215
7912 2231
7912 2531
7912 3061
7912 3245
7912 3885
7912 4227
7912 4491
7912 4548
7912 4549
7912 4846
7912 4852
7912 4914
7912 5110
7912 6501
7912 7161
7912 7268
7912 8181
7912 8804
7912 9222
7912 9399
7912 9432
7912 9901
7912 10462
7912 11138
7912 11749
7912 12768
7912 13414
7912 13973
7912 13997
7913 9390
7913 9451
7913 9637
7913 11199
7913 12126
7914 7922
7914 7923
7914 7926
7916 5672
7916 7844
7916 7920
7916 7922
7916 9452
7916 9601
7917 8588
7917 11272
7920 7922
7920 8035
7920 8038
7920 8042
7920 9452
7920 11272
7920 12001
7922 7914
7922 7916
7922 8035
7922 8588
7922 9452
7922 9601
7922 11272
7923 7914
7923 7926
7924 1419
7924 1941
7924 2396
7924 3114
7924 3242
7924 4568
7924 4570
7924 4576
7924 4577
7924 4735
7924 8090
7926 7913
7926 7914
7926 7923
7926 7927
7927 7914
7929 1149
7929 1873
7929 4101
7929 5757
7929 8207
7929 12696
7934 8648
7936 1697
7936 8313
7936 9161
7936 14024
7945 2090
7945 2780
7945 2797
7945 7009
7954 11309
7956 297
7962 7395
7962 8072
7962 9390
7962 9451
7966 1596
7966 2265
7966 3530
7966 3648
7966 5416
7966 5450
7966 6809
7966 7047
7966 7268
7966 9034
7966 9224
7966 9695
7966 9787
7966 10934
7966 11179
7966 12227
7966 12397
7966 12709
7967 2853
7972 8863
7985 11660
7997 111
7997 11074
7997 11225
7997 13740
8000 5083
8000 6123
8000 7685
8010 7085
8013 226
8014 8038
8014 9366
8014 9628
8014 9637
8015 2450
8015 3711
8015 5045
8015 5486
8015 5702
8015 5808
8015 6335
8015 6653
8015 6681
8015 6800
8015 7002
8015 7155
8015 7632
8015 7753
8015 8068
8015 8220
8015 8382
8015 8383
8015 8384
8015 8888
8015 9003
8015 9924
8015 12438
8022 4098
8024 6661
8030 991
8030 2235
8030 5740
8030 5757
8030 9810
8030 10060
8030 10236
8030 12917
8032 9452
8032 12051
8035 7920
8035 7922
8035 8038
8035 8588
8035 9452
8035 11272
8035 12001
8035 12175
8037 363
8037 758
8037 2782
8037 3272
8037 4153
8037 4468
8037 4727
8037 5091
8037 5682
8037 6474
8037 6851
8037 6943
8037 7879
8037 14517
8038 7920
8038 8035
8038 9366
8038 9452
8038 9628
8038 9637
8038 12175
8041 2420
8041 3671
8041 10239
8042 7920
8042 8588
8042 9637
8051 2718
8057 6156
8057 7395
8057 8072
8057 9601
8057 9628
8057 9637
8057 12126
8063 704
8063 2342
8063 5160
8063 6627
8063 8152
8066 2313
8066 3681
8066 5586
8066 9182
8066 9707
8066 11225
8066 13971
8068 1414
8068 5453
8068 5702
8068 6335
8068 6800
8068 8015
8068 8220
8068 8382
8068 8383
8068 8384
8070 732
8070 3058
8070 3386
8070 5715
8070 10951
8071 695
8071 6147
8072 6156
8072 7395
8072 7962
8072 8057
8072 9390
8072 9451
8072 12126
8079 7844
8079 8032
8083 4579
8083 5301
8088 7031
8088 11979
8090 1419
8090 2396
8090 3114
8090 3242
8090 4568
8090 4570
8090 4571
8090 4572
8090 4576
8090 4577
8090 4578
8090 4735
8090 10941
8090 11161
8091 924
8091 5572
8091 7716
8093 5795
8093 7786
8093 9700
8093 10382
8096 1607
8096 2183
8096 4290
8096 5459
8096 5771
8096 6624
8096 8650
8096 8784
8103 3569
8103 4351
8103 5692
8103 6541
8103 8110
8103 8991
8103 9089
8103 9595
8107 8495
8107 8691
8107 11074
8110 2880
8110 3569
8110 3636
8110 8991
8110 9089
8110 9595
8110 9765
8120 8334
8120 8714
8123 212
8123 610
8123 1504
8123 3278
8123 3830
8123 9635
8133 6662
8133 8137
8135 8137
8137 8133
8137 8135
8143 3405
8143 4442
8143 5355
8143 5795
8143 5880
8143 8455
8143 8995
8143 9067
8144 4906
8144 5564
8144 6001
8144 6168
8144 8693
8144 9471
8144 9665
8144 9706
8144 9780
8144 9799
8144 9947
8144 9955
8144 12131
8144 12133
8150 7780
8150 10287
8150 10649
8150 10804
8150 10871
8152 5160
8152 5255
8152 6414
8152 8063
8152 8410
8152 8584
8152 14284
8153 2976
8153 5318
8153 8477
8153 9098
8153 10075
8153 11116
8155 4440
8155 8406
8157 8965
8157 13620
8162 702
8181 488
8181 531
8181 646
8181 1910
8181 2531
8181 4491
8181 4548
8181 4549
8181 6630
8181 7912
8181 8804
8181 9016
8181 9222
8181 9432
8181 10462
8181 12698
8181 13414
8183 1320
8183 8925
8183 11857
8186 6147
8186 6753
8187 1084
8187 9750
8187 12376
8188 501
8188 601
8188 2477
8188 2554
8188 4783
8188 4909
8188 5031
8191 9975
8197 367
8197 534
8197 1085
8197 1346
8197 2076
8197 2204
8197 2251
8197 3116
8197 3358
8197 3746
8197 5855
8197 7765
8197 8720
8197 9419
8197 9630
8197 10226
8197 11050
8197 11194
8197 12886
8205 2845
8207 725
8207 758
8207 924
8207 1149
8207 1545
8207 1607
8207 1873
8207 2358
8207 2359
8207 2540
8207 2541
8207 4101
8207 4853
8207 5425
8207 5757
8207 7828
8207 9699
8207 12397
8207 13162
8207 13486
8215 9755
8215 13234
8216 3731
8216 3738
8216 4582
8216 4737
8216 10276
8216 10586
8216 12917
8216 13969
8218 436
8218 2471
8218 3067
8218 7772
8218 8219
8219 436
8219 2471
8219 3067
8219 5847
8219 7772
8219 8218
8220 1414
8220 2450
8220 2842
8220 3711
8220 5045
8220 5453
8220 5702
8220 6335
8220 6653
8220 6681
8220 6800
8220 7002
8220 7155
8220 7632
8220 7753
8220 8068
8220 8382
8220 8384
8220 8888
8220 9003
8220 9924
8220 12438
8236 1857
8236 3063
8236 3197
8236 4782
8236 4894
8236 5119
8236 6314
8236 7128
8236 8546
8236 9030
8236 9031
8236 9110
8254 425
8254 486
8254 2159
8254 3029
8254 3739
8254 4627
8254 6369
8254 6464
8254 6746
8254 8873
8254 9948
8254 12002
8262 5167
8262 8293
8262 11450
8290 995
8290 1859
8290 3952
8290 5706
8290 7879
8290 9787
8292 1331
8292 3984
8292 5324
8292 5355
8292 6690
8292 6800
8292 7288
8293 5167
8293 8262
8293 11450
8312 2495
8312 4565
8312 11098
8313 2238
8313 2853
8313 3483
8313 6364
8313 6609
8313 6628
8313 7303
8313 7936
8313 9161
8313 10819
8313 11057
8313 12587
8314 5866
8314 10058
8334 2785
8334 7471
8334 8120
8334 12556
8338 10819
8339 9574
8352 2359
8352 4548
8352 4656
8352 4852
8352 6390
8352 6794
8352 7268
8361 3052
8361 4550
8362 11355
8362 11993
8362 13217
8372 646
8372 749
8372 890
8372 6058
8372 6759
8372 13310
8374 7848
8374 8460
8374 8710
8374 9385
8374 10008
8374 10168
8374 10243
8374 11042
8374 11354
8374 11401
8374 11402
8374 11408
8374 11409
8374 11410
8374 12738
8377 510
8377 3330
8377 4101
8377 7102
8377 7263
8377 7264
8377 7833
8377 12886
8377 13055
8382 1414
8382 2450
8382 2842
8382 3711
8382 5045
8382 5453
8382 5486
8382 5702
8382 5808
8382 6653
8382 6681
8382 6800
8382 7002
8382 7155
8382 7632
8382 7753
8382 8015
8382 8068
8382 8383
8382 8888
8382 9003
8382 9924
8382 12438
8383 1414
8383 2450
8383 2842
8383 3711
8383 5045
8383 5453
8383 5486
8383 5702
8383 5808
8383 6335
8383 6653
8383 6681
8383 6800
8383 7002
8383 7155
8383 7632
8383 7753
8383 8015
8383 8068
8383 8220
8383 8384
8383 8888
8383 9924
8383 12438
8384 1414
8384 2842
8384 5453
8384 5702
8384 5808
8384 6625
8384 6800
8384 7507
8384 7632
8384 8068
8384 8220
8384 8382
8384 8383
8384 8888
8384 9246
8384 9790
8384 10405
8384 10617
8384 10868
8384 11611
8386 3637
8386 4723
8386 7362
8386 8554
8400 4786
8401 6862
8401 7551
8401 7705
8401 9138
8401 11098
8401 11235
8401 12668
8405 396
8405 3755
8405 5967
8405 6414
8405 7654
8405 7741
8405 8599
8405 8956
8405 9166
8405 9476
8406 8155
8410 663
8410 2162
8410 3029
8410 3067
8410 3290
8410 5490
8410 6271
8410 6414
8410 7268
8410 8152
8410 14284
8412 3595
8412 4087
8412 4727
8412 4968
8412 6369
8412 8580
8412 8623
8412 9476
8412 11991
8413 1746
8413 3070
8413 3330
8413 3729
8413 4470
8413 5795
8413 7537
8413 7723
8413 8872
8413 9743
8417 2230
8417 2636
8418 664
8418 2718
8418 3875
8418 4554
8418 7135
8418 7531
8418 8831
8418 8838
8418 9099
8420 1566
8420 2666
8420 8495
8420 12849
8422 2540
8422 2762
8422 3875
8422 4554
8422 9099
8433 111
8433 702
8433 704
8433 1566
8433 3479
8433 5457
8433 10899
8433 11477
8433 12003
8435 1148
8435 3471
8435 5680
8435 8823
8435 8945
8435 9207
8435 10190
8435 10253
8435 10310
8435 10447
8435 13167
8455 2965
8455 3405
8455 4442
8455 4700
8455 5355
8455 5795
8455 5880
8455 8143
8455 8995
8455 9066
8455 9067
8455 9353
8455 9721
8455 10008
8460 1645
8460 2763
8460 3999
8460 6193
8460 6973
8460 7716
8460 7848
8460 8374
8460 8710
8460 9074
8460 9385
8460 10008
8460 10168
8460 10236
8460 10243
8460 11040
8460 11042
8460 11354
8460 11401
8460 11402
8460 11408
8460 11410
8460 12036
8460 12738
8468 3202
8468 4001
8468 12152
8472 11811
8473 3839
8473 6167
8473 6627
8473 7894
8473 11591
8477 1656
8477 1752
8477 2976
8477 5318
8477 7300
8477 8153
8477 9098
8477 11116
8487 1582
8495 336
8495 702
8495 856
8495 1566
8495 3839
8495 3904
8495 4426
8495 4833
8495 5458
8495 5629
8495 6927
8495 7303
8495 7641
8495 8420
8495 9056
8495 9758
8495 9789
8495 12249
8495 12624
8495 12892
8495 13107
8495 13145
8495 13342
8495 13417
8495 13429
8495 13971
8498 878
8498 3061
8498 3426
8498 6301
8498 6816
8498 10091
8498 11223
8498 11519
8498 11749
8501 2885
8509 3586
8509 3587
8509 3724
8509 3975
8509 4974
8509 5971
8509 5975
8509 7060
8509 7405
8509 7864
8509 9350
8509 12326
8536 1046
8536 1209
8536 3610
8536 5486
8536 8547
8536 10062
8544 77
8544 2240
8544 2363
8544 3221
8544 3371
8544 4309
8546 1857
8546 3063
8546 3197
8546 4782
8546 4894
8546 5119
8546 6314
8546 7128
8546 7193
8546 8651
8546 9030
8546 9031
8546 9110
8546 12275
8547 514
8547 1046
8547 1209
8547 1376
8547 1532
8547 1969
8547 2322
8547 2826
8547 3610
8547 3930
8547 5486
8547 5572
8547 8536
8547 9787
8547 10062
8547 12545
8551 693
8551 695
8551 1871
8551 1953
8551 2002
8551 4183
8551 4275
8551 5965
8551 7904
8551 8552
8551 14382
8552 687
8552 695
8552 1871
8552 2002
8552 2913
8552 4183
8552 4226
8552 5965
8552 7904
8552 8551
8552 12470
8552 14382
8554 7362
8554 9758
8564 2099
8564 2245
8580 1902
8580 3530
8580 3595
8580 3648
8580 4087
8580 4727
8580 4968
8580 5416
8580 5450
8580 5640
8580 6369
8580 6809
8580 7966
8580 8412
8580 8623
8580 9034
8580 9224
8580 9476
8580 9787
8580 11179
8580 11991
8580 12397
8580 12709
8582 451
8582 717
8582 785
8582 2365
8582 3067
8582 3190
8582 4163
8582 4293
8582 6058
8582 7679
8582 8599
8582 9086
8582 9634
8582 10360
8582 10702
8582 12749
8582 13539
8584 5255
8584 5572
8584 7716
8584 8152
8584 9098
8585 3730
8585 4853
8585 5394
8585 6668
8585 7716
8585 10759
8585 10818
8585 11453
8588 4596
8588 7917
8588 7922
8588 9452
8588 11272
8588 12175
8597 6414
8597 7765
8599 451
8599 717
8599 785
8599 1944
8599 3067
8599 3178
8599 3190
8599 3755
8599 4163
8599 4293
8599 4579
8599 5430
8599 5967
8599 6058
8599 6414
8599 7554
8599 7654
8599 7679
8599 7741
8599 8405
8599 8582
8599 8650
8599 8956
8599 9059
8599 9086
8599 9166
8599 9476
8599 9634
8599 10360
8599 10702
8599 10944
8599 11738
8599 12749
8599 12886
8599 13539
8599 14017
8600 9026
8600 10387
8600 10470
8600 11661
8607 639
8607 2151
8607 2478
8607 2714
8607 2716
8607 3089
8607 3707
8607 5251
8607 6857
8607 6861
8607 7097
8607 7564
8613 2769
8613 3986
8613 12992
8623 436
8623 2235
8623 3595
8623 4727
8623 4968
8623 5416
8623 6369
8623 7582
8623 7583
8623 7818
8623 8412
8623 8580
8623 8888
8623 9249
8623 9476
8623 10223
8623 10824
8623 11991
8623 13303
8627 7763
8627 12519
8633 12362
8636 2925
8636 7207
8636 8929
8636 11857
8640 8710
8640 9385
8640 10008
8640 10168
8640 10243
8640 11040
8640 11042
8640 11354
8640 11380
8640 11401
8640 11402
8640 11408
8640 11409
8640 11410
8640 12738
8646 5761
8647 832
8647 2950
8647 3579
8647 4848
8647 5210
8647 5300
8647 9125
8647 9595
8647 10126
8647 10880
8647 11385
8647 11712
8647 13414
8648 7934
8650 2183
8650 4309
8650 4579
8650 4723
8650 5459
8650 5771
8650 8096
8650 8599
8650 8784
8650 9059
8650 10944
8650 12886
8651 3063
8651 3197
8651 4782
8651 4894
8651 5119
8651 6314
8651 7128
8651 7193
8651 8546
8651 9030
8651 9031
8651 9110
8651 12275
8658 87
8658 5187
8669 1822
8669 1924
8669 3070
8669 4162
8669 5509
8669 6271
8669 6973
8669 8636
8669 11857
8671 856
8671 2234
8671 3617
8671 7362
8671 12867
8676 4229
8676 4252
8676 7842
8676 9376
8676 12278
8691 8107
8693 3320
8693 4906
8693 6001
8693 6168
8693 8144
8693 8789
8693 9471
8693 9473
8693 9665
8693 9706
8693 9780
8693 9799
8693 9947
8693 9955
8693 12131
8702 9238
8702 10474
8702 11656
8702 12283
8702 14089
8710 6973
8710 7716
8710 7848
8710 8374
8710 8460
8710 8640
8710 9385
8710 10243
8710 11040
8710 11042
8710 11380
8710 11401
8710 11402
8710 11408
8710 11409
8720 327
8720 367
8720 534
8720 706
8720 1085
8720 1346
8720 2076
8720 2204
8720 2251
8720 2965
8720 3116
8720 3358
8720 3405
8720 3746
8720 4700
8720 5355
8720 5795
8720 5855
8720 5880
8720 7765
8720 8143
8720 8197
8720 8455
8720 8995
8720 9067
8720 9082
8720 9419
8720 9630
8720 9721
8720 10008
8720 10226
8720 11050
8720 11194
8720 12886
8727 6364
8727 7303
8727 9624
8727 11660
8727 12748
8733 13264
8739 2293
8739 2682
8739 8840
8739 9763
8739 10915
8740 9692
8740 9810
8742 3759
8742 9024
8742 10168
8742 10815
8742 11040
8742 11350
8742 11351
8743 7206
8750 5160
8750 8953
8750 9721
8751 704
8751 12319
8762 3622
8762 3624
8762 3724
8762 5973
8762 5974
8762 9344
8779 3842
8781 3622
8781 3624
8781 3667
8781 3669
8781 3670
8781 3724
8781 3727
8781 3975
8781 5973
8781 5974
8781 5975
8781 8762
8781 9344
8781 9350
8781 10142
8781 12326
8784 2183
8784 5459
8784 5771
8784 6624
8784 7786
8784 8096
8789 3320
8789 4906
8789 5564
8789 6001
8789 6168
8789 8144
8789 9471
8789 9473
8789 9665
8789 9706
8789 9780
8789 9799
8789 9800
8789 9947
8789 9955
8789 12131
8804 488
8804 531
8804 646
8804 1692
8804 1910
8804 4491
8804 4548
8804 4549
8804 5110
8804 6630
8804 7912
8804 8181
8804 9016
8804 9222
8804 9432
8804 12698
8804 13414
8810 436
8810 2235
8810 6766
8810 7582
8810 7583
8810 7818
8810 8623
8810 8888
8810 9249
8810 10223
8810 13303
8823 1148
8823 3471
8823 8435
8823 8945
8823 9207
8823 10190
8823 10447
8823 13167
8825 2293
8825 3788
8825 8739
8825 8840
8825 9763
8831 2307
8831 2762
8831 2871
8831 2886
8831 2902
8831 2916
8831 3707
8831 6055
8831 6230
8831 8418
8838 2762
8838 2890
8838 2915
8838 3875
8838 5251
8838 6744
8838 6857
8838 7135
8838 7531
8838 8607
8838 9099
8840 2293
8840 2682
8840 3788
8840 8739
8840 8825
8840 9763
8840 10915
8841 6302
8841 7789
8841 9121
8851 77
8851 322
8851 2866
8851 3984
8851 4853
8863 7972
8863 13272
8866 7103
8866 10209
8866 10382
8866 10488
8866 10489
8866 11014
8866 11606
8866 12747
8868 3388
8872 724
8872 1746
8872 3070
8872 3729
8872 4470
8872 5795
8872 7537
8872 7723
8873 425
8873 486
8873 3029
8873 3045
8873 5653
8873 6464
8873 8254
8873 12002
8884 3801
8884 6625
8884 7016
8884 7163
8884 9471
8884 9790
8884 10207
8884 10405
8884 10868
8884 11611
8884 12438
8888 436
8888 1414
8888 2235
8888 2450
8888 2842
8888 5453
8888 5486
8888 5702
8888 5808
8888 6800
8888 7002
8888 7582
8888 7583
8888 7632
8888 7753
8888 8015
8888 8220
8888 8382
8888 8383
8888 8384
8888 8810
8888 9003
8888 9064
8888 9249
8888 9924
8888 10223
8888 10824
8888 13303
8905 3860
8905 7786
8912 518
8912 750
8912 890
8912 1344
8912 3405
8912 3746
8912 4194
8912 4585
8912 7546
8912 7779
8912 10951
8912 11098
8912 11172
8912 14508
8922 1048
8922 2308
8922 2853
8925 999
8925 1164
8925 1320
8925 1656
8925 1913
8925 2325
8925 2656
8925 3914
8925 4295
8925 4470
8925 4815
8925 5263
8925 8183
8925 10757
8925 12003
8925 12696
8925 13602
8927 5106
8927 5401
8927 7786
8927 12746
8927 12750
8928 10058
8940 2072
8940 10121
8945 1148
8945 5680
8945 8435
8945 8823
8945 9207
8945 10253
8945 10447
8945 13167
8951 10058
8952 11245
8953 1419
8953 2844
8953 3569
8953 3764
8953 4194
8953 4551
8953 5110
8953 6390
8953 6758
8953 6824
8953 8750
8953 9721
8953 9785
8953 11080
8956 22
8956 396
8956 646
8956 753
8956 758
8956 890
8956 907
8956 1291
8956 1345
8956 2904
8956 2925
8956 3477
8956 3755
8956 4191
8956 4551
8956 5194
8956 5509
8956 6179
8956 6257
8956 6414
8956 6809
8956 7161
8956 7269
8956 7554
8956 7741
8956 8405
8956 8599
8956 9082
8956 9166
8956 9476
8956 10173
8956 11247
8956 12068
8956 13310
8956 14017
8956 14083
8965 8157
8970 79
8970 2043
8970 4431
8970 11856
8970 14508
8977 1926
8977 6292
8977 7622
8979 577
8979 1910
8979 2764
8979 2890
8979 3300
8979 4723
8979 6329
8979 9224
8979 9493
8979 9715
8979 10944
8982 5021
8991 4351
8991 5692
8991 6541
8991 8103
8991 8110
8991 9089
8991 9595
8995 2965
8995 3405
8995 4442
8995 4700
8995 5355
8995 5795
8995 5880
8995 8143
8995 8455
8995 8720
8995 9067
8995 9082
8995 9353
8995 9721
8995 10008
8997 10493
8999 5927
8999 9573
8999 11185
9003 1414
9003 2450
9003 3711
9003 5045
9003 5486
9003 5702
9003 5808
9003 6335
9003 6681
9003 6800
9003 7002
9003 7155
9003 7632
9003 7753
9003 8015
9003 8220
9003 8382
9003 8383
9003 8888
9003 9924
9005 3019
9005 4532
9005 4533
9005 11194
9011 9338
9012 4120
9012 5231
9012 6666
9012 6667
9012 9304
9012 9380
9012 10347
9016 488
9016 531
9016 646
9016 1692
9016 1910
9016 2531
9016 4491
9016 4548
9016 4549
9016 5110
9016 6630
9016 7912
9016 8181
9016 9222
9016 9432
9016 12698
9016 13414
9024 3734
9024 3735
9024 3759
9024 6480
9024 6514
9024 7173
9024 7716
9024 8742
9024 9600
9024 10168
9024 10879
9024 11040
9024 11350
9024 11351
9024 11352
9024 13969
9026 8600
9026 10387
9030 3197
9030 4782
9030 4894
9030 6314
9030 8236
9030 8546
9030 8651
9030 9031
9030 9110
9030 12275
9031 3063
9031 3197
9031 4894
9031 6314
9031 7128
9031 8236
9031 8546
9031 8651
9031 9030
9031 9110
9031 12275
9033 856
9033 5517
9034 3530
9034 3648
9034 5416
9034 5640
9034 6809
9034 7047
9034 7966
9034 8580
9034 9224
9034 9695
9034 9787
9034 11179
9034 12227
9034 12709
9056 1190
9056 11245
9059 4723
9059 8650
9059 10944
9059 12886
9064 436
9064 7582
9064 7818
9064 8623
9064 8810
9064 8888
9064 9249
9064 10223
9064 10824
9064 13303
9066 4442
9066 5795
9066 5880
9066 8143
9066 8455
9066 8720
9067 3405
9067 5355
9067 5795
9067 5880
9067 8143
9067 8455
9067 8720
9067 8995
9074 2763
9074 5817
9074 8460
9074 12036
9076 2877
9076 13948
9076 14382
9078 12249
9082 2925
9082 2965
9082 3405
9082 4442
9082 4551
9082 4700
9082 5355
9082 5880
9082 8455
9082 8995
9082 9353
9082 9721
9082 10008
9083 3365
9085 6724
9085 6726
9085 7685
9086 451
9086 717
9086 785
9086 1944
9086 2365
9086 3190
9086 4163
9086 4293
9086 5430
9086 7679
9086 8582
9086 8599
9086 9634
9086 10360
9086 10702
9086 11738
9086 12749
9086 13539
9088 13275
9089 3569
9089 4351
9089 5692
9089 6541
9089 8103
9089 8110
9089 9595
9090 11971
9095 1390
9095 2748
9098 1752
9098 2976
9098 3607
9098 5231
9098 5318
9098 5997
9098 8153
9098 8584
9098 10075
9098 11453
9099 664
9099 2540
9099 2705
9099 2757
9099 2762
9099 2763
9099 2833
9099 3875
9099 4489
9099 4554
9099 7135
9099 7531
9099 7588
9099 8418
9099 8422
9099 8838
9099 9209
9099 13301
9110 1857
9110 3063
9110 3197
9110 4782
9110 4894
9110 6314
9110 7128
9110 7193
9110 8236
9110 8546
9110 8651
9110 9030
9110 9031
9110 12275
9121 285
9121 5220
9121 6302
9121 7789
9125 832
9125 2950
9125 3579
9125 3781
9125 4756
9125 5210
9125 5300
9125 8647
9125 9595
9125 10126
9125 10880
9125 11385
9125 11712
9125 11833
9125 13414
9137 5572
9138 633
9138 1455
9138 2853
9138 4766
9138 4833
9138 5458
9138 5743
9138 6517
9138 6661
9138 6862
9138 7551
9138 8401
9138 8420
9138 9026
9138 10387
9138 10470
9138 11074
9138 11098
9138 13112
9139 7610
9140 1712
9140 2664
9140 4656
9140 10284
9140 14418
9157 7655
9157 10772
9161 2238
9161 2853
9161 3483
9161 6628
9161 7362
9161 7936
9161 8313
9161 10819
9161 11057
9165 1451
9166 3755
9166 5967
9166 6414
9166 7554
9166 7654
9166 7741
9166 8405
9166 8599
9166 8956
9166 9476
9182 2313
9182 3681
9182 5586
9182 8066
9182 9707
9182 10214
9182 11225
9182 13971
9185 205
9185 3016
9185 4275
9185 13442
9185 14382
9192 3821
9192 6162
9192 6533
9192 10579
9196 856
9196 4932
9196 14060
9198 1281
9198 2743
9198 7665
9198 11255
9198 12012
9205 2342
9205 10058
9207 3471
9207 5680
9207 8823
9207 8945
9207 10253
9207 10310
9207 10447
9209 4554
9209 6052
9209 7531
9209 9099
9222 488
9222 531
9222 646
9222 1692
9222 1910
9222 2531
9222 4491
9222 4548
9222 5110
9222 6630
9222 8804
9222 9432
9222 10462
9222 12698
9222 13414
9224 1902
9224 1910
9224 2764
9224 3300
9224 3530
9224 3648
9224 3680
9224 4167
9224 4723
9224 5416
9224 5450
9224 5640
9224 6329
9224 6809
9224 7047
9224 7966
9224 8580
9224 9034
9224 9493
9224 9695
9224 9787
9224 11179
9224 12397
9238 8702
9238 14072
9238 14089
9246 3801
9246 6625
9246 7016
9246 7163
9246 7507
9246 8384
9246 9790
9246 10207
9246 10405
9246 10617
9246 11611
9246 12438
9248 2764
9249 436
9249 2235
9249 7582
9249 7818
9249 8623
9249 8810
9249 8888
9249 9064
9249 10223
9249 13303
9252 5231
9252 9012
9252 9304
9252 11656
9252 12283
9252 12528
9253 2077
9265 636
9265 1334
9265 1830
9265 4101
9265 6766
9265 6931
9265 9577
9265 10486
9265 11979
9265 12651
9276 959
9276 960
9276 3365
9276 5396
9276 10549
9277 3759
9277 6957
9290 10899
9296 4861
9296 6659
9296 9497
9304 8702
9304 9012
9304 9252
9304 10474
9304 11656
9304 12528
9304 14072
9304 14089
9320 10315
9338 9011
9338 10077
9342 3434
9342 6091
9342 6370
9342 6668
9342 7076
9342 9916
9342 13556
9344 3548
9344 3551
9344 3612
9344 3624
9344 3667
9344 3669
9344 3724
9344 3727
9344 8762
9344 8781
9344 10142
9350 2420
9350 3586
9350 3587
9350 3622
9350 3624
9350 3670
9350 3671
9350 3724
9350 3727
9350 3975
9350 4974
9350 5971
9350 5974
9350 5975
9350 7060
9350 7405
9350 7784
9350 7864
9350 8781
9350 9344
9350 10142
9350 12326
9353 2965
9353 3405
9353 4442
9353 5355
9353 5795
9353 5880
9353 8455
9353 8720
9353 8995
9353 9082
9353 9721
9358 514
9358 567
9358 751
9358 3358
9358 5263
9358 10242
9358 12115
9358 12668
9361 407
9361 6254
9361 9244
9366 8014
9366 11199
9376 4101
9376 4229
9376 4252
9376 8676
9376 12278
9377 2262
9377 5322
9377 6373
9377 7779
9380 1782
9380 4761
9380 4872
9380 6724
9380 6725
9380 7685
9380 9012
9380 10347
9385 6973
9385 7716
9385 7848
9385 8374
9385 8460
9385 8710
9385 10243
9385 11042
9385 11354
9385 11380
9385 11401
9385 11402
9385 11408
9385 11409
9385 11410
9385 12738
9390 7395
9390 7913
9390 8072
9390 9451
9390 12126
9397 406
9397 732
9397 4194
9397 5220
9397 5509
9397 5757
9397 6253
9397 6373
9397 6464
9397 11028
9397 12556
9399 2231
9399 3885
9399 3890
9399 4914
9399 6501
9399 7912
9399 9706
9399 9901
9399 13997
9400 2240
9400 4627
9400 4958
9400 5574
9400 6477
9400 6479
9403 111
9403 6851
9418 441
9418 2653
9418 4227
9418 7016
9418 7865
9418 10944
9418 11225
9419 327
9419 367
9419 706
9419 1346
9419 2076
9419 2204
9419 2251
9419 3116
9419 3358
9419 3746
9419 5855
9419 7765
9419 8197
9419 8720
9419 9630
9419 10226
9419 11050
9419 11194
9419 12886
9419 14517
9426 5231
9429 10062
9432 488
9432 531
9432 646
9432 1692
9432 1910
9432 2531
9432 3114
9432 4146
9432 4548
9432 4549
9432 5110
9432 6630
9432 7867
9432 7912
9432 8804
9432 9016
9432 9222
9432 10462
9432 10696
9450 3788
9451 7395
9451 7913
9451 7962
9451 9390
9452 7844
9452 7916
9452 7922
9452 8032
9452 8042
9452 8079
9452 11272
9458 2825
9458 2826
9458 3089
9458 4554
9458 5298
9458 7531
9458 7808
9458 10601
9469 2403
9469 11811
9471 3320
9471 4906
9471 6001
9471 6168
9471 8144
9471 8693
9471 8789
9471 8884
9471 9473
9471 9665
9471 9706
9471 9780
9471 9799
9471 9800
9471 9947
9471 9955
9471 12131
9473 3320
9473 5564
9473 6001
9473 6168
9473 8144
9473 8693
9473 8789
9473 9471
9473 9665
9473 9706
9473 9780
9473 9799
9473 9800
9473 9947
9473 12131
9473 12133
9476 3595
9476 3755
9476 4087
9476 4968
9476 5096
9476 5263
9476 5416
9476 5967
9476 6369
9476 6414
9476 7554
9476 7654
9476 7741
9476 8412
9476 8580
9476 8623
9476 8956
9476 9166
9476 11963
9476 11991
9476 14017
9485 1084
9485 2097
9485 8187
9485 9750
9485 12376
9487 619
9487 3481
9487 3495
9487 6085
9487 6257
9487 7546
9487 7773
9487 11098
9493 702
9493 1164
9493 1910
9493 2764
9493 3300
9493 3492
9493 3680
9493 4167
9493 5587
9493 5740
9493 6329
9493 7099
9493 8979
9493 9224
9496 10227
9497 4861
9497 6659
9497 9296
9511 11255
9523 6724
9523 6725
9523 6726
9523 7685
9523 9085
9526 451
9526 5225
9526 6692
9528 5761
9528 9700
9528 10567
9528 10927
9545 6962
9547 6061
9547 7589
9547 13211
9566 5194
9566 5455
9566 5490
9566 7854
9567 5037
9567 9568
9568 743
9568 5037
9573 5927
9573 8999
9573 10875
9573 12584
9574 8339
9575 1546
9575 10856
9575 11361
9576 702
9576 1190
9577 636
9577 1334
9577 1830
9577 2866
9577 4101
9577 6766
9577 6931
9577 9265
9577 12651
9585 1921
9585 2522
9585 4487
9585 5528
9585 5620
9585 5891
9585 5893
9585 5894
9585 5895
9585 6684
9585 7018
9585 7019
9585 7020
9585 7021
9585 7022
9585 7023
9588 856
9588 6556
9588 7356
9595 832
9595 2950
9595 3569
9595 3579
9595 3636
9595 3781
9595 4351
9595 4848
9595 5210
9595 5300
9595 5692
9595 6541
9595 8103
9595 8110
9595 8647
9595 8991
9595 9089
9595 9125
9595 10880
9595 11712
9595 11833
9595 13414
9596 536
9596 4852
9596 9575
9596 10856
9600 6480
9600 6724
9600 6725
9600 7685
9600 9024
9600 10815
9600 10879
9601 7922
9601 8057
9601 11715
9606 10668
9624 6364
9624 7303
9624 8727
9628 8014
9628 8038
9628 8057
9628 9366
9628 9637
9628 11199
9628 11715
9630 367
9630 534
9630 1085
9630 2076
9630 2204
9630 2251
9630 2368
9630 2584
9630 2604
9630 3116
9630 3134
9630 3358
9630 3746
9630 4723
9630 5464
9630 5855
9630 6638
9630 7701
9630 7765
9630 8197
9630 8720
9630 9419
9630 10226
9630 10856
9630 11050
9630 11194
9630 11452
9630 11749
9630 12886
9630 13271
9630 14517
9631 2635
9631 6878
9631 7834
9631 9624
9631 11771
9634 451
9634 717
9634 785
9634 1944
9634 2365
9634 3067
9634 3190
9634 4163
9634 4293
9634 5430
9634 6058
9634 7679
9634 8582
9634 9086
9634 10360
9634 10702
9634 11738
9634 12749
9634 13539
9635 212
9635 610
9635 1504
9635 2854
9635 5418
9635 8123
9637 7913
9637 8014
9637 8038
9637 8057
9637 9628
9637 11199
9637 11715
9665 3320
9665 4906
9665 6001
9665 6168
9665 8144
9665 8693
9665 9471
9665 9473
9665 9706
9665 9780
9665 9799
9665 9800
9665 9947
9665 9955
9665 12131
9665 12133
9692 8740
9692 9810
9692 11745
9695 1902
9695 3648
9695 5416
9695 5450
9695 5640
9695 7047
9695 7966
9695 8580
9695 9034
9695 9224
9695 9787
9695 11179
9695 12227
9695 12397
9695 12709
9699 725
9699 1294
9699 1545
9699 2262
9699 2358
9699 2540
9699 5817
9699 8207
9699 13486
9700 1603
9700 2471
9700 3557
9700 3779
9700 4822
9700 6746
9700 7422
9700 8093
9700 9528
9700 10382
9700 10927
9706 2231
9706 3245
9706 3320
9706 3885
9706 3890
9706 4906
9706 4914
9706 5564
9706 6001
9706 6168
9706 6501
9706 7912
9706 8144
9706 8693
9706 8789
9706 9399
9706 9471
9706 9473
9706 9799
9706 9800
9706 9947
9706 9955
9706 12131
9706 12133
9706 13997
9707 2313
9707 3681
9707 5586
9707 8066
9707 10214
9707 11225
9707 13971
9709 7656
9715 2890
9715 4005
9715 5463
9715 8979
9721 3405
9721 4442
9721 5355
9721 5795
9721 5880
9721 8455
9721 8720
9721 8750
9721 8953
9721 8995
9721 9082
9721 9353
9733 285
9733 10248
9733 12746
9742 2757
9743 1746
9743 3330
9743 3729
9743 4470
9743 7537
9743 7723
9743 8413
9743 8872
9750 1084
9750 5167
9750 6661
9750 6962
9750 8024
9750 8187
9750 9485
9755 8215
9758 1873
9758 2580
9758 3358
9758 4852
9758 4853
9758 5225
9758 7362
9758 7722
9758 8207
9758 8495
9758 8554
9758 10864
9758 11225
9761 486
9761 1149
9761 7716
9763 2682
9763 3480
9763 6627
9763 8739
9763 8825
9763 8840
9765 764
9765 2880
9775 575
9775 1033
9775 2709
9775 2820
9775 2845
9780 3320
9780 6001
9780 6168
9780 8144
9780 8693
9780 8789
9780 9471
9780 9473
9780 9665
9780 9706
9780 9799
9780 9800
9780 9947
9780 9955
9780 12133
9781 5984
9781 5985
9785 2844
9785 4551
9785 4572
9785 5046
9785 5110
9785 6652
9785 6758
9785 6824
9785 8953
9785 9005
9785 10240
9785 10244
9785 11080
9785 11361
9785 11890
9785 12278
9787 514
9787 995
9787 1859
9787 1902
9787 1969
9787 3530
9787 3930
9787 4723
9787 5416
9787 5450
9787 5572
9787 5640
9787 5706
9787 5944
9787 6758
9787 6809
9787 6974
9787 7879
9787 7966
9787 8290
9787 8580
9787 9034
9787 9224
9787 9695
9787 11179
9787 11361
9787 12227
9787 12709
9789 1368
9789 12892
9790 6625
9790 7016
9790 7163
9790 7507
9790 8384
9790 8884
9790 10207
9790 10617
9790 10868
9790 11611
9790 12438
9795 6078
9799 3320
9799 4906
9799 5564
9799 6001
9799 6168
9799 8144
9799 8693
9799 8789
9799 9471
9799 9706
9799 9780
9799 9800
9799 9947
9799 9955
9799 12133
9800 5564
9800 6001
9800 6168
9800 8144
9800 8693
9800 8789
9800 9471
9800 9473
9800 9665
9800 9706
9800 12131
9800 12133
9807 664
9807 2871
9807 10005
9807 10516
9810 663
9810 2162
9810 3290
9810 5490
9810 5740
9810 6271
9810 7268
9810 8410
9810 8740
9810 9692
9810 10060
9810 10236
9810 12227
9840 441
9840 743
9840 990
9840 2261
9840 2406
9840 4853
9840 11857
9840 13055
9901 2231
9901 3245
9901 3885
9901 3890
9901 4914
9901 6501
9901 9399
9901 9706
9901 13997
9916 3434
9916 6091
9916 6370
9916 7076
9916 7551
9916 7786
9916 9342
9916 11098
9916 13556
9917 2772
9917 10276
9917 10282
9917 10586
9917 12917
9918 619
9918 990
9918 5376
9918 11857
9918 12886
9924 1414
9924 2450
9924 5045
9924 5486
9924 5702
9924 5808
9924 6335
9924 6800
9924 7002
9924 7155
9924 7753
9924 8015
9924 8220
9924 8382
9924 8383
9924 8888
9924 9003
9924 12438
9931 79
9931 1955
9931 2029
9931 2350
9931 3676
9931 3901
9931 4183
9931 4431
9931 6712
9947 4906
9947 5564
9947 6001
9947 8693
9947 8789
9947 9471
9947 9473
9947 9665
9947 9706
9947 9780
9947 9799
9947 9800
9947 9955
9947 12133
9948 4627
9948 8254
9955 3320
9955 5564
9955 6001
9955 6168
9955 8144
9955 8789
9955 9473
9955 9706
9955 9780
9955 9799
9955 9800
9955 12133
9965 10853
9965 11982
9972 12585
9975 8191
9981 918
9981 1427
9986 841
9986 7719
10005 664
10005 2307
10005 2762
10005 2886
10005 2902
10005 2916
10005 4554
10005 5251
10005 6055
10005 6230
10005 8831
10005 8838
10005 9807
10008 4442
10008 4700
10008 5795
10008 5880
10008 8374
10008 8455
10008 8460
10008 8640
10008 8710
10008 8720
10008 8995
10008 9082
10008 9385
10008 10168
10008 10243
10008 11040
10008 11042
10008 11354
10008 11380
10008 11401
10008 11402
10008 11408
10008 11409
10008 11410
10008 12738
10019 1417
10019 2776
10019 2836
10030 5489
10030 6973
10030 7733
10030 10944
10052 990
10052 2363
10052 3598
10052 3738
10052 7730
10052 12510
10052 12727
10052 14059
10054 7200
10054 12426
10058 1190
10058 1255
10058 1455
10058 2748
10058 3434
10058 3789
10058 4260
10058 5475
10058 5656
10058 6290
10058 6519
10058 6627
10058 7076
10058 7128
10058 7424
10058 7859
10058 8314
10058 9205
10058 9528
10058 10927
10058 11798
10058 11979
10058 12543
10058 12856
10058 13107
10058 13342
10058 13552
10060 1163
10060 8030
10060 9810
10060 10236
10060 11117
10061 111
10061 1904
10061 2916
10061 2917
10061 4203
10062 322
10062 536
10062 1046
10062 1209
10062 1451
10062 2322
10062 3377
10062 3610
10062 5486
10062 6339
10062 8536
10062 9429
10062 10530
10075 1752
10075 2976
10075 3730
10075 3731
10075 3736
10075 3737
10075 3860
10075 7300
10075 8477
10075 9098
10075 11116
10075 14059
10077 9011
10077 9338
10077 10419
10091 878
10091 3061
10091 3426
10091 6816
10091 11519
10092 2993
10092 10209
10092 10488
10092 11014
10092 11606
10092 12747
10092 12751
10111 2275
10121 2072
10121 8940
10126 832
10126 2950
10126 3579
10126 4756
10126 4848
10126 5210
10126 5300
10126 8647
10126 9125
10126 9595
10126 10880
10126 11385
10126 11712
10126 11833
10142 3587
10142 3624
10142 3669
10142 3670
10142 3975
10142 4974
10142 5974
10142 5975
10142 7060
10142 7405
10142 9350
10144 406
10144 5089
10144 6426
10144 6717
10145 7610
10150 111
10150 704
10150 8433
10154 841
10167 702
10167 5457
10168 519
10168 3759
10168 6514
10168 6973
10168 7173
10168 7716
10168 7848
10168 8460
10168 8640
10168 8710
10168 9024
10168 9385
10168 10008
10168 10243
10168 10815
10168 10879
10168 11040
10168 11042
10168 11350
10168 11351
10168 11352
10168 11354
10168 11401
10168 11402
10168 11408
10168 11409
10168 11410
10173 758
10173 1291
10173 3051
10173 3477
10173 6257
10173 7269
10173 12068
10180 77
10180 732
10180 2240
10180 2363
10180 3371
10180 4309
10180 6194
10180 11234
10190 1148
10190 3471
10190 5680
10190 8435
10190 8823
10190 8945
10190 9207
10190 10253
10190 10310
10190 10447
10190 13167
10196 10898
10201 2429
10201 7033
10201 7085
10201 10210
10207 3801
10207 6625
10207 7163
10207 7507
10207 8384
10207 8884
10207 9790
10207 10405
10207 10617
10207 10868
10207 11611
10207 12438
10209 2993
10209 7103
10209 8866
10209 10092
10209 10382
10209 10488
10209 10489
10209 11606
10209 12746
10209 12747
10209 12751
10210 2429
10210 7033
10210 7085
10210 10201
10213 11544
10214 2313
10214 3681
10214 5586
10214 8066
10214 9182
10214 9707
10214 11225
10214 13971
10223 436
10223 2235
10223 7583
10223 7818
10223 8623
10223 8810
10223 9064
10223 9249
10223 10824
10223 13303
10226 367
10226 534
10226 706
10226 1085
10226 1346
10226 2204
10226 2251
10226 3358
10226 3746
10226 5855
10226 7765
10226 8197
10226 9419
10226 9630
10226 11050
10226 11194
10226 12886
10226 14517
10236 1645
10236 3999
10236 4485
10236 5740
10236 6193
10236 8030
10236 8460
10236 9810
10236 10060
10239 3669
10239 3670
10239 3671
10240 2844
10240 3692
10240 3764
10240 4551
10240 4572
10240 5046
10240 5110
10240 6652
10240 6758
10240 6824
10240 9785
10240 11080
10240 11890
10240 12005
10240 12278
10242 567
10242 751
10242 1873
10242 3894
10242 5263
10242 5715
10242 9358
10243 6973
10243 7716
10243 7848
10243 8374
10243 8460
10243 8640
10243 8710
10243 9385
10243 10008
10243 10168
10243 11040
10243 11042
10243 11402
10243 11408
10243 11409
10243 11410
10244 4533
10244 9785
10248 285
10248 6962
10248 9733
10248 12746
10253 1148
10253 3471
10253 5680
10253 8823
10253 8945
10253 9207
10253 10190
10253 10310
10253 13167
10276 3738
10276 4737
10276 8216
10276 9917
10276 10586
10276 12917
10276 13969
10282 2772
10282 9917
10282 14060
10284 1712
10284 4766
10284 5390
10284 9138
10287 7780
10287 8150
10287 11246
10305 3863
10305 6349
10305 10871
10310 1148
10310 3471
10310 5680
10310 8435
10310 8823
10310 8945
10310 9207
10310 10190
10310 10253
10310 10447
10310 13167
10315 2279
10315 9320
10321 4831
10321 6349
10329 10350
10331 5489
10331 5835
10346 710
10346 2853
10346 12424
10347 4872
10347 5231
10347 6666
10347 6724
10347 9012
10347 9252
10350 10329
10356 12051
10360 451
10360 717
10360 785
10360 957
10360 1944
10360 2365
10360 3067
10360 3190
10360 4163
10360 5430
10360 6058
10360 7679
10360 8582
10360 8599
10360 9086
10360 11738
10360 12749
10360 13424
10360 13539
10382 2471
10382 7786
10382 8866
10382 10209
10382 10488
10382 12746
10387 6396
10387 8600
10387 9026
10387 9138
10387 11099
10387 11661
10388 2562
10388 3200
10388 4923
10391 397
10405 3801
10405 6625
10405 7163
10405 7507
10405 8384
10405 8884
10405 9790
10405 10207
10405 10617
10405 10868
10405 11611
10405 12438
10408 309
10408 462
10408 1209
10419 9011
10419 9338
10419 10077
10435 3629
10435 11655
10435 12186
10436 7391
10442 1085
10442 1291
10442 4098
10442 4131
10442 7161
10442 11519
10442 12174
10445 3277
10445 4831
10445 7780
10447 1148
10447 3471
10447 5680
10447 8435
10447 8823
10447 8945
10447 9207
10447 10190
10447 10253
10447 10310
10447 13167
10455 619
10455 990
10455 2501
10455 5376
10455 6940
10455 9918
10455 11857
10455 12668
10455 12886
10462 531
10462 1692
10462 1910
10462 2531
10462 4491
10462 4548
10462 4549
10462 5110
10462 7912
10462 8181
10462 8804
10462 9016
10462 9432
10462 12698
10470 8600
10470 9026
10470 9138
10470 10387
10470 11661
10474 8702
10474 9033
10474 9238
10474 14072
10474 14089
10486 9265
10488 2993
10488 7103
10488 10092
10488 10209
10488 10382
10488 10489
10488 11014
10488 11606
10488 12746
10488 12751
10489 2993
10489 10209
10489 10488
10489 12746
10489 12751
10493 1033
10493 2339
10493 2705
10493 2736
10493 2750
10493 2773
10493 3555
10493 4896
10493 8997
10493 13446
10493 14100
10516 9807
10530 3377
10530 6339
10530 6630
10530 7092
10542 895
10542 6028
10549 5396
10549 5933
10567 9528
10579 6162
10581 10580
10586 3731
10586 3738
10586 4582
10586 8216
10586 9917
10586 10276
10586 12917
10586 13969
10595 3761
10601 2718
10601 2762
10601 2826
10601 4554
10601 9458
10615 230
10615 647
10615 6181
10617 3801
10617 7016
10617 7163
10617 7390
10617 7396
10617 8384
10617 9246
10617 10207
10617 10405
10617 10868
10617 11611
10617 12438
10623 4596
10623 4831
10623 10871
10640 6704
10640 10710
10649 7508
10649 8150
10649 10308
10669 1122
10669 7819
10683 441
10683 534
10683 535
10683 723
10683 1921
10683 1944
10683 2282
10683 2424
10683 3389
10683 4087
10683 4158
10683 4262
10683 4351
10683 6763
10683 11912
10683 13005
10683 14260
10696 2142
10696 3114
10696 4146
10696 7867
10697 12319
10702 451
10702 717
10702 785
10702 2365
10702 3067
10702 3190
10702 4163
10702 4293
10702 5430
10702 6058
10702 7679
10702 8582
10702 8599
10702 9086
10702 10360
10702 11738
10702 11856
10702 12749
10702 13539
10706 1334
10706 1638
10706 3768
10706 4101
10706 6276
10706 6354
10706 6974
10706 12497
10706 12709
10708 701
10708 1085
10708 5490
10708 12390
10708 13499
10708 13602
10708 14060
10710 2875
10710 4092
10710 10640
10710 12471
10714 3626
10753 3557
10753 3779
10753 4822
10753 6746
10753 7422
10753 9700
10757 222
10757 4444
10757 4815
10757 7665
10757 7786
10757 8925
10757 9624
10757 12333
10759 2113
10759 3730
10759 4766
10759 5394
10759 5958
10759 6668
10759 7705
10759 7793
10759 8585
10759 10775
10759 10818
10759 11225
10759 11235
10759 11417
10759 11453
10759 12298
10772 2925
10772 4852
10772 5680
10772 7787
10772 9157
10772 12497
10772 12696
10775 3730
10775 8585
10775 10818
10775 11453
10786 4833
10787 1451
10787 1924
10789 222
10789 2099
10789 2245
10789 4077
10789 5381
10789 8564
10796 2773
10796 4896
10796 13446
10804 7508
10804 7780
10804 8150
10804 10287
10804 11246
10814 6724
10814 6725
10814 6726
10814 7685
10814 9523
10815 519
10815 1671
10815 3759
10815 6514
10815 7173
10815 7716
10815 8742
10815 9024
10815 9600
10815 10168
10815 11040
10815 11350
10815 11351
10815 11352
10815 12738
10818 1656
10818 2067
10818 3730
10818 5394
10818 8477
10818 8585
10818 9304
10818 10759
10818 13970
10818 14072
10818 14089
10819 2682
10819 3483
10819 7303
10819 8313
10819 9161
10819 9624
10820 12519
10824 436
10824 2235
10824 7582
10824 7583
10824 7818
10824 8623
10824 8810
10824 8888
10824 10223
10824 13303
10828 3984
10852 2309
10852 12581
10853 11982
10856 268
10856 536
10856 1546
10856 2368
10856 2584
10856 2604
10856 3134
10856 3905
10856 4723
10856 4852
10856 5185
10856 5464
10856 6638
10856 7701
10856 7711
10856 9575
10856 9596
10856 9630
10856 11361
10856 11452
10856 11749
10856 13271
10858 1713
10864 9758
10864 10913
10864 14060
10868 3801
10868 6625
10868 7016
10868 7163
10868 7507
10868 8384
10868 9246
10868 9790
10868 10207
10868 10405
10868 10617
10868 12438
10871 7780
10871 8150
10871 10287
10871 10305
10871 10623
10871 10804
10875 8999
10875 9573
10875 11185
10875 12584
10879 519
10879 3759
10879 7173
10879 7716
10879 9024
10879 10168
10879 11040
10879 11350
10879 11352
10879 12738
10880 832
10880 2950
10880 3781
10880 4756
10880 4848
10880 5210
10880 8647
10880 9125
10880 9595
10880 10126
10880 11385
10880 11833
10886 7666
10892 11979
10898 10196
10899 396
10899 758
10899 1566
10899 5486
10899 7084
10899 8433
10909 2017
10909 2732
10909 5295
10909 12470
10913 10864
10913 14060
10915 8825
10915 8840
10926 501
10927 5761
10927 9528
10927 9700
10927 10058
10927 10567
10934 77
10934 853
10934 1596
10934 2204
10934 2265
10934 2406
10934 7268
10934 7966
10934 11857
10934 12003
10934 13162
10934 13499
10934 13602
10934 13971
10938 522
10938 3212
10938 11856
10938 13005
10941 1419
10941 1941
10941 2396
10941 3114
10941 3242
10941 4570
10941 4572
10941 4576
10941 4577
10941 4578
10941 8090
10944 441
10944 577
10944 2588
10944 2653
10944 2764
10944 4227
10944 4579
10944 4723
10944 5489
10944 6940
10944 7016
10944 7865
10944 8599
10944 8650
10944 8979
10944 9059
10944 9418
10944 11225
10944 12886
10948 6631
10950 12319
10950 13217
10951 732
10951 750
10951 3222
10951 5715
10951 5891
10951 8070
10951 8912
10951 11172
10953 6031
10953 7001
10953 13167
10961 1807
10966 1795
10966 7237
10988 718
10988 749
10988 764
10988 2325
10988 2615
10988 3178
10988 4151
10988 5827
10988 6058
10988 6748
10988 11712
10988 13486
10988 13541
10988 13602
10990 6500
10996 706
10996 896
10996 1873
10996 3358
10996 4723
10996 4852
10996 4853
10996 5225
10996 6822
10996 7722
10998 6267
11000 6072
11000 12917
11003 664
11003 2898
11014 10092
11014 10209
11014 10488
11014 11606
11014 12747
11014 12751
11017 2081
11017 2817
11017 3875
11028 732
11028 4194
11028 5220
11028 5509
11028 5757
11028 6464
11028 9397
11028 12556
11040 519
11040 3759
11040 6514
11040 6973
11040 7173
11040 7716
11040 7848
11040 8374
11040 8460
11040 8640
11040 8710
11040 8742
11040 9024
11040 9385
11040 10008
11040 10168
11040 10243
11040 10815
11040 11042
11040 11351
11040 11352
11040 11354
11040 11380
11040 11401
11040 11402
11040 11408
11040 11409
11040 11410
11040 12738
11042 6973
11042 7716
11042 7848
11042 8374
11042 8640
11042 8710
11042 9385
11042 10008
11042 10168
11042 10243
11042 11040
11042 11354
11042 11380
11042 11402
11042 11408
11042 11409
11050 327
11050 367
11050 706
11050 1085
11050 1346
11050 2076
11050 2204
11050 2251
11050 2584
11050 3116
11050 3358
11050 3746
11050 5855
11050 6285
11050 7765
11050 8197
11050 8720
11050 9419
11050 9630
11050 11194
11050 12543
11050 12886
11050 13271
11050 14517
11057 2238
11057 3434
11057 4519
11057 8313
11057 9161
11063 110
11063 345
11063 5846
11072 451
11072 5225
11072 6692
11072 9526
11074 6061
11074 7997
11074 13740
11080 2844
11080 3764
11080 4551
11080 4572
11080 5046
11080 5110
11080 6652
11080 6758
11080 6824
11080 8953
11080 9785
11080 10240
11080 11361
11080 11890
11080 12278
11098 511
11098 518
11098 619
11098 1097
11098 1344
11098 3131
11098 3405
11098 3481
11098 4194
11098 4565
11098 4585
11098 6085
11098 6257
11098 6862
11098 7182
11098 7546
11098 7551
11098 7773
11098 7779
11098 8312
11098 8401
11098 8912
11098 9138
11098 11194
11098 11770
11098 12333
11098 14017
11098 14508
11099 10387
11106 841
11106 1981
11116 1752
11116 2976
11116 7300
11116 8153
11116 8477
11116 10075
11117 1163
11117 4164
11117 7206
11117 8743
11117 10060
11138 6628
11138 7912
11139 4566
11145 1451
11145 1924
11145 7765
11148 6662
11148 7922
11148 9452
11148 12175
11148 12519
11148 14052
11158 2974
11158 11588
11160 3178
11161 1419
11161 1941
11161 2396
11161 3114
11161 3242
11161 4568
11161 4570
11161 4571
11161 4572
11161 4576
11161 4577
11161 4578
11161 8090
11161 10941
11164 12249
11170 567
11170 2974
11170 7852
11170 12023
11172 750
11172 890
11172 3746
11172 10951
11175 2965
11175 3894
11175 4101
11175 5445
11175 7161
11178 9528
11178 10927
11178 12249
11179 1902
11179 3530
11179 3648
11179 5416
11179 5450
11179 5640
11179 7047
11179 7966
11179 8580
11179 9034
11179 9224
11179 9695
11179 9787
11179 12227
11179 12397
11179 12709
11185 407
11185 2942
11185 5927
11185 8999
11188 702
11194 327
11194 534
11194 700
11194 706
11194 2076
11194 2251
11194 3019
11194 3116
11194 3358
11194 3746
11194 5855
11194 7765
11194 8197
11194 8702
11194 8720
11194 9005
11194 9419
11194 9630
11194 10226
11194 11050
11194 11098
11194 12886
11194 14517
11199 8038
11199 8057
11199 9628
11199 9637
11223 3061
11223 3426
11223 6301
11223 8498
11223 10091
11223 11519
11223 11749
11224 4170
11224 11670
11224 11701
11225 268
11225 878
11225 3681
11225 4227
11225 4580
11225 4723
11225 4766
11225 5323
11225 5549
11225 5586
11225 7016
11225 7092
11225 7641
11225 7705
11225 7865
11225 7997
11225 8066
11225 9418
11225 9707
11225 9758
11225 10214
11225 10759
11225 10944
11225 11971
11225 13971
11225 14024
11234 6194
11234 10180
11235 5958
11235 7793
11235 10759
11235 12668
11236 3204
11236 5621
11236 5828
11236 6402
11245 6609
11245 8952
11245 9056
11246 7780
11246 10287
11246 10804
11246 10871
11247 924
11247 3131
11247 5160
11247 6809
11247 12699
11247 13310
11255 2229
11255 4573
11255 9198
11255 9511
11272 7917
11272 7920
11272 7922
11272 8035
11272 8588
11272 9452
11272 12175
11277 129
11279 1417
11289 2814
11289 2875
11289 11896
11309 7954
11333 2358
11346 7781
11350 3759
11350 7716
11350 8742
11350 9024
11350 10168
11350 10815
11350 10879
11350 11352
11351 519
11351 3759
11351 6514
11351 7716
11351 10815
11351 11040
11351 11350
11351 11352
11351 12738
11352 3759
11352 6514
11352 7173
11352 7716
11352 8742
11352 9024
11352 10168
11352 10815
11352 10879
11352 11040
11352 11350
11352 11351
11352 12738
11353 2575
11354 6973
11354 7716
11354 8374
11354 8640
11354 8710
11354 9385
11354 10008
11354 10168
11354 10243
11354 11040
11354 11042
11354 11380
11354 11401
11354 11402
11354 11408
11354 11409
11354 11410
11355 887
11355 8362
11355 11993
11361 536
11361 2844
11361 3692
11361 3764
11361 4551
11361 4572
11361 4852
11361 5046
11361 5110
11361 5450
11361 5944
11361 6652
11361 6758
11361 6974
11361 9575
11361 9596
11361 9785
11361 9787
11361 10240
11361 10856
11361 11890
11361 12278
11369 5525
11380 7716
11380 8640
11380 8710
11380 9385
11380 10008
11380 10168
11380 11040
11380 11042
11380 11354
11380 11408
11380 11409
11380 12738
11385 832
11385 2950
11385 3579
11385 3781
11385 4756
11385 4848
11385 5210
11385 5300
11385 8647
11385 9595
11385 10126
11385 10880
11385 11712
11385 13414
11401 7716
11401 7848
11401 8374
11401 8460
11401 8640
11401 9385
11401 10008
11401 11040
11401 11042
11401 11354
11401 11380
11401 11409
11401 11410
11401 12738
11402 6973
11402 7716
11402 7848
11402 8374
11402 8460
11402 8640
11402 8710
11402 10008
11402 11040
11402 11354
11402 11401
11402 11408
11402 11410
11402 12738
11408 6973
11408 7848
11408 8374
11408 8460
11408 8640
11408 9385
11408 10008
11408 10168
11408 10243
11408 11040
11408 11042
11408 11354
11408 11401
11408 11409
11408 11410
11408 12738
11409 7716
11409 8374
11409 8460
11409 8640
11409 8710
11409 9385
11409 10168
11409 10243
11409 11040
11409 11380
11409 11401
11409 11402
11409 11408
11409 11410
11409 12738
11410 6973
11410 7848
11410 8374
11410 8640
11410 8710
11410 9385
11410 10008
11410 11040
11410 11042
11410 11380
11410 11401
11410 11409
11410 12738
11417 4196
11417 5958
11417 7390
11417 7396
11417 10617
11417 10759
11417 11235
11450 5167
11450 8262
11450 8293
11452 268
11452 2368
11452 2584
11452 2604
11452 3134
11452 3905
11452 5185
11452 5464
11452 9630
11452 10856
11452 11749
11452 13271
11453 1976
11453 3607
11453 3730
11453 4120
11453 5231
11453 5394
11453 5997
11453 6666
11453 6667
11453 8585
11453 9098
11453 10759
11453 10775
11477 702
11477 1455
11477 3255
11477 6290
11477 8433
11489 12408
11519 727
11519 878
11519 1085
11519 1291
11519 3061
11519 3426
11519 4098
11519 4131
11519 4466
11519 6301
11519 7161
11519 8498
11519 10091
11519 10442
11519 11749
11519 12174
11519 12334
11529 11701
11539 2613
11544 6724
11544 10213
11544 12907
11579 1782
11579 3607
11579 4120
11579 4761
11579 5231
11579 6667
11579 6724
11579 7295
11579 9380
11583 3328
11583 6661
11591 702
11591 856
11591 1652
11591 2666
11591 3839
11591 6167
11591 6179
11591 6724
11591 7806
11591 8473
11597 631
11597 2358
11597 13214
11606 2993
11606 8866
11606 10092
11606 10209
11606 10488
11606 11014
11606 12747
11606 12751
11611 3801
11611 6625
11611 7016
11611 7163
11611 7507
11611 8384
11611 8884
11611 9246
11611 9790
11611 10207
11611 10405
11611 10617
11611 12438
11628 3278
11628 3782
11628 3830
11628 6253
11654 1713
11655 10435
11656 7636
11656 8702
11656 9252
11656 9304
11656 12283
11656 12528
11656 14072
11656 14089
11660 1122
11660 3633
11660 6364
11660 7303
11660 8495
11660 12249
11661 6767
11661 7149
11661 8600
11661 9026
11661 10387
11670 4170
11670 11224
11690 5023
11690 12976
11701 4170
11701 11224
11712 425
11712 718
11712 749
11712 764
11712 832
11712 2615
11712 2950
11712 3579
11712 3781
11712 4151
11712 4756
11712 5210
11712 6586
11712 6748
11712 8647
11712 9125
11712 9595
11712 10126
11712 10880
11712 10988
11712 11385
11712 11833
11712 13414
11712 13486
11712 13541
11715 8057
11715 9601
11715 9628
11715 9637
11738 451
11738 785
11738 1944
11738 3190
11738 4163
11738 4293
11738 5430
11738 6058
11738 8582
11738 8599
11738 9086
11738 9634
11738 10702
11738 13539
11745 5426
11745 7097
11745 9692
11745 13580
11749 268
11749 878
11749 2368
11749 2584
11749 2604
11749 3134
11749 3426
11749 3905
11749 4723
11749 4852
11749 5029
11749 6301
11749 6638
11749 6816
11749 7268
11749 7701
11749 7711
11749 7912
11749 8498
11749 9630
11749 10091
11749 10856
11749 11223
11749 11452
11749 11519
11770 1753
11770 2748
11770 3110
11770 3894
11770 5896
11771 6045
11771 6878
11771 7834
11771 9631
11771 11784
11784 6045
11784 6878
11784 7834
11784 9631
11784 11771
11798 2748
11811 8472
11811 9469
11812 222
11826 3788
11826 12333
11833 832
11833 2950
11833 3781
11833 4756
11833 4848
11833 5210
11833 5300
11833 8647
11833 9125
11833 9595
11833 10126
11833 10880
11833 11385
11833 11712
11833 13414
11839 639
11839 2718
11839 10005
11856 522
11856 535
11856 717
11856 843
11856 2043
11856 2495
11856 2779
11856 3029
11856 4536
11856 4610
11856 6485
11856 10702
11856 10938
11856 13005
11856 13499
11857 441
11857 535
11857 619
11857 639
11857 743
11857 990
11857 1607
11857 1913
11857 2261
11857 2406
11857 2495
11857 2779
11857 3029
11857 4536
11857 4610
11857 4853
11857 5376
11857 6485
11857 6940
11857 8183
11857 8925
11857 9840
11857 9918
11857 10455
11857 10934
11857 11983
11857 12668
11857 12696
11857 12886
11857 13055
11858 1417
11858 4938
11858 6128
11858 7097
11858 7651
11858 11279
11858 11861
11861 987
11861 1881
11861 2759
11861 4938
11861 6128
11861 7097
11861 11858
11890 3692
11890 3764
11890 4551
11890 4572
11890 5046
11890 5110
11890 6652
11890 6758
11890 6824
11890 10240
11890 11361
11890 12005
11890 12278
11896 2814
11896 11289
11897 425
11897 1357
11897 1524
11897 2187
11897 3984
11897 5288
11897 5827
11897 14263
11912 441
11912 534
11912 723
11912 743
11912 888
11912 1921
11912 2282
11912 2424
11912 2662
11912 3389
11912 3916
11912 4087
11912 4158
11912 4351
11912 6763
11912 10683
11912 14260
11935 3058
11935 3386
11935 6127
11935 10530
11935 13162
11963 751
11963 757
11963 1924
11963 5110
11963 5263
11963 6414
11963 9476
11971 9090
11971 11225
11979 636
11979 1334
11979 2076
11979 2748
11979 3114
11979 4101
11979 5827
11979 6766
11979 6931
11979 7859
11979 8088
11979 9265
11979 9577
11979 10058
11979 10892
11979 11983
11979 12707
11979 13272
11979 14083
11982 9965
11982 10853
11983 2890
11983 11857
11983 11979
11991 4087
11991 4727
11991 4968
11991 5416
11991 6369
11991 8412
11991 8580
11991 9476
11993 887
11993 8362
11993 11355
12001 7920
12001 8035
12001 11272
12002 425
12002 2159
12002 3029
12002 3045
12002 5653
12002 6464
12002 8254
12003 2325
12003 2890
12003 3178
12003 3575
12003 4525
12003 8433
12003 8925
12003 10899
12003 10934
12003 13971
12005 2844
12005 3764
12005 4572
12005 5046
12005 5110
12005 6652
12005 6824
12005 9785
12005 10240
12005 11080
12005 11361
12005 11890
12005 12278
12007 3278
12007 3782
12007 3830
12007 6253
12007 11628
12012 2209
12012 7665
12012 9198
12023 6364
12023 11170
12023 12867
12035 149
12035 750
12035 1453
12035 1890
12035 3028
12035 4549
12035 5225
12035 6058
12035 7022
12035 7363
12035 7820
12035 13005
12035 13486
12036 2763
12036 8460
12036 9074
12051 6156
12051 8032
12051 10356
12061 302
12061 1333
12061 1922
12061 2610
12061 2727
12061 2759
12068 758
12068 3477
12068 6257
12068 7269
12068 8956
12068 10173
12083 2958
12111 1781
12111 2916
12115 514
12115 5029
12115 9358
12126 7395
12126 7913
12126 7962
12126 8057
12126 8072
12126 9390
12126 9451
12131 3320
12131 5564
12131 6001
12131 6168
12131 8144
12131 8693
12131 8789
12131 9471
12131 9473
12131 9665
12131 9706
12131 9780
12131 9799
12131 9800
12131 9947
12131 9955
12131 12133
12133 4906
12133 6001
12133 8144
12133 8693
12133 8789
12133 9471
12133 9473
12133 9780
12133 9800
12133 9955
12133 12131
12152 1484
12152 2732
12152 4800
12152 8468
12165 2703
12165 5920
12165 7094
12165 13535
12174 727
12174 1085
12174 1291
12174 4098
12174 4131
12174 4466
12174 7161
12174 10442
12174 12334
12175 8035
12175 8038
12175 11148
12175 11272
12184 1566
12186 2698
12186 3629
12186 10435
12215 486
12215 1149
12215 5088
12215 7716
12215 9761
12227 1902
12227 3530
12227 3648
12227 5416
12227 5450
12227 5640
12227 6809
12227 7047
12227 7966
12227 8580
12227 9224
12227 9787
12227 9810
12227 11179
12227 12397
12227 12709
12249 1162
12249 1163
12249 1734
12249 3633
12249 3904
12249 4389
12249 4532
12249 4533
12249 4964
12249 6364
12249 6370
12249 6858
12249 7192
12249 7641
12249 8495
12249 8727
12249 9078
12249 11164
12249 11178
12249 11660
12249 13415
12249 14452
12253 13275
12275 1857
12275 3063
12275 3197
12275 4782
12275 4894
12275 6314
12275 8236
12275 8546
12275 8651
12275 9030
12275 9110
12278 3764
12278 4101
12278 4252
12278 4551
12278 5046
12278 5110
12278 6652
12278 6758
12278 6824
12278 7842
12278 9376
12278 10240
12278 11080
12278 11361
12278 11890
12278 12005
12283 7636
12283 8702
12283 9252
12283 9304
12283 11656
12283 12528
12283 14089
12298 2113
12298 11453
12319 164
12319 841
12319 856
12319 3184
12319 3717
12319 3826
12319 5558
12319 8751
12319 10697
12319 10950
12319 12854
12319 12873
12326 3622
12326 3667
12326 3670
12326 3727
12326 3975
12326 5971
12326 5973
12326 5974
12326 5975
12326 7060
12326 7784
12326 7864
12326 8509
12326 9350
12333 1368
12333 2993
12333 3788
12333 4815
12333 5949
12333 7551
12333 8905
12333 11826
12334 727
12334 1085
12334 1291
12334 4098
12334 4131
12334 4466
12334 7161
12334 11519
12362 8633
12376 1084
12376 5167
12376 7581
12376 9485
12376 9750
12390 1085
12390 2478
12390 2610
12390 2724
12390 4554
12390 5298
12390 10708
12397 758
12397 1149
12397 1873
12397 1902
12397 3530
12397 3648
12397 4101
12397 4853
12397 5416
12397 5450
12397 5640
12397 5757
12397 6809
12397 7047
12397 7929
12397 7966
12397 8580
12397 9034
12397 9224
12397 9695
12397 9787
12397 11179
12397 12227
12397 12696
12408 6533
12408 11489
12411 471
12424 1869
12424 2871
12424 10346
12426 2363
12426 2957
12426 3598
12426 3738
12426 5465
12426 7730
12426 10054
12426 12510
12426 12727
12426 14059
12431 1905
12438 1414
12438 3711
12438 5045
12438 5702
12438 6335
12438 6625
12438 6681
12438 6800
12438 7002
12438 7155
12438 7163
12438 7632
12438 7753
12438 8015
12438 8220
12438 8382
12438 8383
12438 8884
12438 9003
12438 9924
12438 10207
12438 10405
12438 10617
12438 10868
12440 4939
12450 5589
12470 693
12470 695
12470 1871
12470 1953
12470 2913
12470 3399
12470 4183
12470 5965
12470 7904
12470 8551
12470 10909
12470 13574
12470 14382
12471 987
12471 2478
12471 2859
12471 2875
12471 2928
12471 3875
12471 4092
12497 363
12497 1638
12497 3768
12497 4101
12497 4852
12497 6276
12497 6974
12497 10706
12497 10772
12497 12696
12510 990
12510 2363
12510 3598
12510 7730
12510 12426
12510 12727
12510 14059
12519 6506
12519 7763
12519 8627
12519 11148
12528 7636
12528 8702
12528 9252
12528 11656
12528 12283
12528 14072
12528 14089
12543 896
12543 5656
12543 5873
12543 7859
12545 312
12545 514
12545 538
12545 1532
12545 1969
12545 2826
12545 3312
12545 3930
12545 5376
12545 5572
12545 5932
12545 8547
12545 9787
12545 13162
12556 406
12556 732
12556 4194
12556 5220
12556 5509
12556 5757
12556 6253
12556 6373
12556 6464
12556 8334
12556 9397
12556 11028
12581 10852
12584 5927
12584 9573
12584 10875
12585 9972
12587 8313
12587 9161
12590 2358
12590 6061
12591 5187
12609 914
12609 2824
12609 4909
12609 14003
12623 841
12651 1334
12651 1745
12651 1830
12651 4101
12651 6931
12651 9265
12651 11979
12668 619
12668 706
12668 896
12668 990
12668 1873
12668 2763
12668 3048
12668 3278
12668 3358
12668 4723
12668 4852
12668 4853
12668 5225
12668 5376
12668 6940
12668 7705
12668 7722
12668 7787
12668 8401
12668 9358
12668 9918
12668 10455
12668 10772
12668 10996
12668 11235
12668 11857
12668 12886
12680 2656
12680 3739
12680 3894
12680 4816
12680 12892
12680 14004
12681 6849
12683 1162
12683 4164
12683 6401
12683 6415
12694 1038
12694 2932
12696 28
12696 751
12696 758
12696 1320
12696 1572
12696 1607
12696 1873
12696 1913
12696 1924
12696 2251
12696 2748
12696 4101
12696 4227
12696 4485
12696 4853
12696 5029
12696 5319
12696 5757
12696 7886
12696 7929
12696 8183
12696 8207
12696 8925
12696 10772
12696 11857
12696 12397
12696 12497
12698 488
12698 531
12698 646
12698 1692
12698 1910
12698 2531
12698 4491
12698 4548
12698 4549
12698 5110
12698 6630
12698 7912
12698 8181
12698 8804
12698 9016
12698 9222
12698 9432
12698 10462
12699 5160
12699 6179
12699 6809
12699 8956
12699 11247
12707 848
12707 1636
12707 7237
12707 11979
12709 764
12709 1546
12709 1638
12709 1902
12709 3530
12709 3648
12709 3768
12709 4101
12709 5416
12709 5450
12709 5640
12709 6276
12709 6809
12709 7047
12709 7966
12709 8580
12709 9034
12709 9224
12709 9695
12709 10706
12709 11179
12709 12227
12709 12397
12709 12497
12710 9449
12727 990
12727 2363
12727 3598
12727 3738
12727 7730
12727 12426
12727 12510
12727 14059
12738 519
12738 3759
12738 6514
12738 6973
12738 7173
12738 7848
12738 8374
12738 8460
12738 8640
12738 8710
12738 8742
12738 9385
12738 10008
12738 10168
12738 10243
12738 10879
12738 11040
12738 11042
12738 11351
12738 11354
12738 11380
12738 11401
12738 11409
12738 11410
12746 285
12746 2993
12746 5106
12746 8927
12746 9733
12746 10209
12746 10248
12746 10382
12746 10488
12746 10489
12746 12751
12747 2993
12747 7103
12747 8187
12747 8866
12747 10092
12747 10209
12747 10488
12747 11014
12747 11606
12747 12751
12748 4833
12748 5390
12748 6425
12748 6517
12748 8727
12749 451
12749 717
12749 785
12749 1944
12749 2365
12749 3190
12749 4163
12749 4293
12749 5430
12749 6058
12749 7679
12749 8582
12749 8599
12749 9086
12749 9634
12749 10360
12749 10702
12749 11738
12749 13539
12750 3557
12750 7778
12750 8927
12751 2993
12751 7103
12751 8866
12751 10092
12751 10209
12751 10382
12751 10489
12751 11014
12751 11606
12751 12746
12751 12747
12768 419
12768 2215
12768 4227
12768 4846
12768 5098
12768 13973
12827 5525
12849 8495
12854 841
12854 12319
12867 451
12867 1913
12867 2234
12867 6364
12867 7526
12886 28
12886 327
12886 367
12886 510
12886 534
12886 619
12886 706
12886 990
12886 1085
12886 1346
12886 1584
12886 2076
12886 2204
12886 3116
12886 3330
12886 3746
12886 4101
12886 4579
12886 4653
12886 4723
12886 5465
12886 5855
12886 6843
12886 6940
12886 7264
12886 7765
12886 8377
12886 8599
12886 8650
12886 8720
12886 9059
12886 9419
12886 9630
12886 10226
12886 10455
12886 11050
12886 11194
12886 11857
12886 13055
12886 14517
12887 2814
12892 8495
12892 9789
12892 12680
12897 471
12897 3953
12898 14299
12907 11544
12917 1417
12917 2716
12917 2754
12917 6072
12917 6178
12917 6476
12917 8030
12917 8216
12917 9917
12917 10276
12917 10586
12917 11000
12965 13217
12965 13409
12976 11690
12992 406
12992 1850
12992 1911
12992 1935
12992 2032
12992 2541
12992 2670
12992 2769
12992 2939
12992 3986
12992 6397
12992 8613
12992 13580
12992 14382
12999 1265
13005 522
13005 1890
13005 1944
13005 4766
13005 5225
13005 7363
13005 7705
13005 7820
13005 10683
13005 10938
13005 11856
13005 12035
13005 13486
13015 7682
13055 510
13055 639
13055 743
13055 990
13055 2261
13055 2406
13055 3330
13055 4101
13055 4853
13055 5585
13055 6690
13055 7102
13055 7263
13055 7264
13055 7833
13055 8377
13055 9840
13055 11857
13055 12886
13066 2399
13107 10058
13112 4089
13112 4833
13112 9138
13145 8495
13162 312
13162 2184
13162 3051
13162 5932
13162 7828
13162 10934
13162 12545
13162 12749
13167 1148
13167 3471
13167 5522
13167 5680
13167 7001
13167 8945
13167 10190
13167 10253
13167 10310
13167 10447
13167 10953
13210 639
13211 328
13211 9547
13217 3317
13217 4216
13217 8362
13217 12965
13217 13417
13234 5187
13264 8733
13265 120
13271 268
13271 2368
13271 2604
13271 3905
13271 5464
13271 6638
13271 7701
13271 9630
13271 10856
13271 11050
13271 11452
13271 11749
13272 750
13272 2259
13272 3005
13272 8863
13273 800
13275 9088
13275 12253
13282 7339
13301 987
13301 2761
13301 2928
13301 6128
13301 7097
13301 9099
13301 12471
13303 436
13303 2235
13303 7582
13303 7818
13303 8623
13303 8810
13303 8888
13303 9064
13303 9249
13303 10223
13303 10824
13306 757
13306 2262
13306 3222
13306 5322
13306 6362
13306 6373
13306 7182
13306 7209
13306 7268
13306 9377
13310 531
13310 646
13310 5160
13310 6058
13310 6179
13310 6809
13310 11247
13310 12699
13332 11225
13333 14002
13334 4124
13334 7212
13334 14284
13342 702
13342 4833
13342 5629
13342 10058
13358 987
13358 9035
13407 11252
13409 12965
13414 488
13414 531
13414 646
13414 764
13414 832
13414 1692
13414 1910
13414 2531
13414 2950
13414 3781
13414 4163
13414 4491
13414 4548
13414 4549
13414 4759
13414 4848
13414 5110
13414 5210
13414 6630
13414 7912
13414 8181
13414 8647
13414 8804
13414 9016
13414 9432
13414 10126
13414 10462
13414 10880
13414 11385
13414 11712
13414 11833
13414 13486
13415 4964
13415 7303
13415 12249
13417 856
13417 1785
13417 8495
13417 13217
13424 3680
13424 10360
13429 8495
13442 1202
13442 1268
13442 1870
13442 2759
13442 3053
13442 4183
13442 4574
13442 4909
13442 9185
13442 14102
13446 2773
13446 4896
13446 7063
13446 10493
13446 10796
13473 4122
13473 7632
13475 907
13475 4723
13486 149
13486 425
13486 718
13486 764
13486 832
13486 1545
13486 1890
13486 2540
13486 2615
13486 4151
13486 4163
13486 4759
13486 6586
13486 6748
13486 7363
13486 7820
13486 8207
13486 9699
13486 10988
13486 11712
13486 12035
13486 13005
13486 13414
13486 13541
13499 2686
13499 5757
13499 10934
13499 11856
13535 2703
13535 4909
13535 5920
13535 12165
13539 451
13539 717
13539 1944
13539 2365
13539 3067
13539 3190
13539 4163
13539 4293
13539 5430
13539 7679
13539 8582
13539 8599
13539 9086
13539 9634
13539 10360
13539 10702
13539 11738
13539 12749
13541 425
13541 749
13541 2615
13541 4151
13541 6058
13541 6586
13541 6748
13541 11712
13541 13486
13552 1190
13552 5866
13552 10058
13556 460
13556 2216
13556 2232
13556 3434
13556 6091
13556 6370
13556 7076
13556 9342
13556 9916
13566 3163
13574 3399
13574 4183
13574 12470
13580 142
13580 461
13580 907
13580 1850
13580 1911
13580 1935
13580 2670
13580 2820
13580 2939
13580 4183
13580 5171
13580 6175
13580 6397
13580 12992
13580 14382
13602 1744
13602 2325
13602 3178
13602 5479
13602 5827
13602 8925
13602 10708
13602 10934
13602 10988
13602 13973
13620 8157
13620 8965
13740 7997
13740 11074
13948 6181
13969 990
13969 1982
13969 2117
13969 3697
13969 3730
13969 3734
13969 3735
13969 3736
13969 3737
13969 3738
13969 3860
13969 4582
13969 4737
13969 8216
13969 9024
13969 10276
13969 14059
13970 990
13970 2067
13970 5997
13970 10818
13971 706
13971 2313
13971 3681
13971 7641
13971 8066
13971 8495
13971 9182
13971 10214
13971 10934
13971 14057
13973 419
13973 441
13973 531
13973 1453
13973 1744
13973 2215
13973 2325
13973 3046
13973 3178
13973 4227
13973 4846
13973 5827
13973 6218
13973 10988
13973 12768
13997 2231
13997 3245
13997 3885
13997 3890
13997 6501
13997 7912
13997 9706
13997 9901
14002 13333
14003 1916
14003 2703
14003 4909
14003 5822
14003 5920
14003 12609
14004 12680
14006 226
14006 2820
14006 3120
14006 4892
14006 6855
14010 2734
14010 2939
14010 13580
14017 5319
14017 5967
14017 6414
14017 7554
14017 7741
14017 8405
14017 8599
14017 8956
14017 9166
14017 9476
14017 11098
14024 619
14024 4580
14024 4723
14024 5323
14024 7092
14024 11225
14030 1921
14030 2836
14030 5740
14030 6179
14040 441
14040 2925
14040 3061
14040 3328
14040 3344
14052 702
14052 11148
14055 1848
14055 5849
14055 6431
14055 6476
14055 7557
14056 2793
14056 2852
14056 14088
14057 1345
14057 13971
14059 2363
14059 3598
14059 3697
14059 3730
14059 3731
14059 3734
14059 3735
14059 3736
14059 3737
14059 3738
14059 3860
14059 7716
14059 7730
14059 12727
14059 13969
14060 621
14060 856
14060 1538
14060 2261
14060 4548
14060 4932
14060 5535
14060 6709
14060 9917
14060 10282
14060 10864
14060 10913
14071 5176
14072 8702
14072 9238
14072 9252
14072 10474
14072 10818
14072 11656
14072 12283
14072 14056
14072 14089
14083 890
14083 1345
14083 3405
14083 5509
14083 5827
14083 7161
14083 8956
14083 11647
14083 11979
14088 2793
14088 14072
14089 7636
14089 8702
14089 9238
14089 9304
14089 10818
14089 11656
14089 14072
14099 8495
14100 2705
14100 2736
14100 2750
14100 2883
14102 1202
14260 441
14260 534
14260 535
14260 723
14260 743
14260 888
14260 1921
14260 2282
14260 2424
14260 2662
14260 3389
14260 3426
14260 3916
14260 4087
14260 4158
14260 4351
14260 6763
14260 10683
14260 11912
14263 2187
14263 3984
14263 5288
14263 5827
14263 11897
14284 367
14284 2173
14284 2368
14284 2971
14284 3029
14284 3190
14284 3290
14284 4124
14284 6414
14284 7182
14284 7212
14284 8152
14284 8410
14284 13334
14299 3453
14382 450
14382 695
14382 1850
14382 1871
14382 1911
14382 1935
14382 1953
14382 2002
14382 2032
14382 2670
14382 2885
14382 2913
14382 2939
14382 3399
14382 4183
14382 6397
14382 7904
14382 8551
14382 8552
14382 9185
14382 12470
14382 12992
14382 13580
14418 9140
14452 6364
14452 7303
14508 511
14508 518
14508 1344
14508 2043
14508 3405
14508 4194
14508 4585
14508 7546
14508 7779
14508 8912
14508 11856
14517 327
14517 363
14517 367
14517 534
14517 538
14517 667
14517 706
14517 758
14517 2076
14517 2204
14517 2251
14517 3116
14517 3272
14517 3746
14517 4153
14517 4173
14517 4468
14517 5091
14517 5682
14517 5855
14517 6474
14517 6492
14517 6943
14517 7765
14517 7879
14517 8037
14517 8197
14517 8720
14517 9419
14517 9630
14517 11050
14517 12886
14525 4548
14525 5509
14525 5624
