14541 14541 15568
50 10416
51 10416
56 3152
56 5190
56 5635
56 5851
56 6136
56 6552
56 8092
56 8502
56 8518
56 9084
56 9164
56 9808
56 10416
56 11338
56 11524
56 11537
56 12011
56 13007
56 13209
57 10416
57 11524
58 10416
60 10416
61 10416
63 10416
64 10416
65 10416
66 10416
67 440
67 477
67 523
67 2070
67 3152
67 5190
67 5635
67 5714
67 5851
67 6136
67 6176
67 6543
67 6544
67 6552
67 6581
67 8092
67 8502
67 8518
67 8591
67 8901
67 9084
67 9107
67 9122
67 9164
67 9220
67 9226
67 9584
67 9808
67 11338
67 11465
67 11524
67 11537
67 12011
67 12910
67 13007
67 13209
68 10416
69 440
69 477
69 2012
69 2070
69 3152
69 5190
69 5635
69 5714
69 5851
69 6136
69 6176
69 6543
69 6544
69 8092
69 8136
69 8502
69 8518
69 8901
69 9084
69 9107
69 9122
69 9164
69 9226
69 9468
69 9584
69 9808
69 10582
69 11338
69 11465
69 11524
69 11537
69 12011
69 12770
69 13007
69 13209
71 10416
72 10416
73 10416
102 440
102 477
102 2070
102 3152
102 5190
102 5635
102 5851
102 6136
102 6176
102 6543
102 6544
102 6552
102 6581
102 7143
102 7367
102 8092
102 8136
102 8502
102 8514
102 8518
102 8591
102 8901
102 9084
102 9107
102 9122
102 9164
102 9220
102 9226
102 9468
102 9808
102 9837
102 10416
102 10823
102 11338
102 11465
102 11524
102 11537
102 13007
102 13209
112 10416
131 10416
139 10416
156 8591
156 10416
287 10416
288 10416
341 10416
347 10416
351 10416
378 477
378 3152
378 3973
378 5190
378 5474
378 5851
378 6176
378 6544
378 7467
378 8518
378 9084
378 9107
378 9837
378 9990
378 11537
378 12011
378 12770
378 13209
379 9808
385 440
385 477
385 3152
385 5190
385 5635
385 5714
385 5851
385 6136
385 6543
385 6544
385 6545
385 6581
385 7143
385 8092
385 8136
385 8502
385 8542
385 8591
385 8901
385 8960
385 9084
385 9107
385 9164
385 9808
385 10416
385 10823
385 11338
385 11465
385 11524
385 11537
385 12011
385 12770
385 12910
385 13209
485 10416
525 10416
528 5851
528 10416
549 10416
554 10416
572 10416
585 10416
613 477
613 3152
613 5190
613 5635
613 5714
613 5851
613 6063
613 6176
613 6544
613 8901
613 9084
613 9808
613 9990
613 11338
613 11537
613 12011
613 12770
613 13007
613 13209
632 10416
640 10416
670 10416
671 10416
679 10416
728 10416
736 10416
738 10416
752 10416
755 10416
756 10416
759 10416
760 10416
774 10416
788 10416
829 440
829 477
829 523
829 562
829 591
829 716
829 2012
829 2070
829 2197
829 2256
829 3152
829 4488
829 5190
829 5633
829 5635
829 5714
829 5851
829 6136
829 6176
829 6543
829 6544
829 6545
829 6552
829 6559
829 6581
829 7120
829 7143
829 7413
829 8092
829 8136
829 8502
829 8514
829 8591
829 8901
829 8915
829 8960
829 9084
829 9107
829 9122
829 9164
829 9220
829 9226
829 9584
829 9808
829 9837
829 9913
829 10416
829 10582
829 10823
829 11338
829 11465
829 11524
829 11537
829 12011
829 12770
829 12910
829 13007
829 13209
830 440
830 477
830 523
830 562
830 579
830 591
830 716
830 2012
830 2070
830 2197
830 2256
830 3152
830 3818
830 4483
830 5190
830 5635
830 5714
830 5851
830 6136
830 6176
830 6543
830 6544
830 6545
830 6552
830 6559
830 6581
830 7120
830 7143
830 7413
830 7433
830 8092
830 8136
830 8502
830 8514
830 8518
830 8523
830 8587
830 8591
830 8901
830 8915
830 8960
830 9084
830 9107
830 9122
830 9164
830 9220
830 9226
830 9584
830 9808
830 9837
830 9913
830 10416
830 10582
830 10823
830 10918
830 11338
830 11465
830 11523
830 11524
830 11533
830 11537
830 12011
830 12770
830 12910
830 12918
830 13007
830 13209
839 440
839 477
839 523
839 562
839 591
839 716
839 2012
839 2070
839 2197
839 2256
839 3152
839 4483
839 4488
839 5190
839 5635
839 5714
839 5851
839 6136
839 6176
839 6543
839 6544
839 6545
839 6552
839 6559
839 6581
839 7120
839 7143
839 7433
839 8092
839 8136
839 8502
839 8514
839 8518
839 8523
839 8587
839 8591
839 8901
839 8915
839 8960
839 9084
839 9107
839 9122
839 9164
839 9220
839 9226
839 9468
839 9584
839 9808
839 9812
839 9837
839 9913
839 10416
839 10582
839 10823
839 11338
839 11465
839 11523
839 11524
839 11533
839 11537
839 12011
839 12770
839 12910
839 12918
839 13007
839 13209
844 10416
852 10416
873 440
873 477
873 523
873 716
873 2012
873 2070
873 3152
873 5190
873 5635
873 5714
873 5851
873 6136
873 6176
873 6543
873 6544
873 6581
873 7143
873 8092
873 8136
873 8502
873 8518
873 8901
873 9084
873 9107
873 9122
873 9220
873 9808
873 9837
873 10416
873 10823
873 11338
873 11465
873 11524
873 11537
873 12011
873 12770
873 12910
873 13007
873 13209
892 477
892 2070
892 5190
892 5851
892 6136
892 6176
892 6544
892 6552
892 8092
892 8502
892 8518
892 9990
892 10416
892 11338
892 11524
892 11537
892 12011
892 13007
892 13209
915 10416
935 10416
1010 10416
1011 2070
1011 3152
1011 5635
1011 5714
1011 6136
1011 6552
1011 8136
1011 8502
1011 8518
1011 9084
1011 9808
1011 10416
1011 10823
1011 11338
1011 11524
1011 12011
1035 477
1035 3152
1035 5190
1035 5635
1035 5714
1035 5851
1035 6136
1035 6176
1035 6543
1035 6544
1035 8092
1035 8136
1035 8502
1035 8518
1035 8591
1035 8960
1035 9084
1035 9107
1035 9164
1035 9220
1035 9808
1035 10416
1035 11338
1035 11524
1035 11537
1035 12011
1035 13007
1035 13209
1064 10416
1110 10416
1111 10416
1147 9808
1168 10416
1197 10416
1220 10416
1226 10416
1242 440
1242 477
1242 523
1242 716
1242 2012
1242 2070
1242 3152
1242 4488
1242 5190
1242 5635
1242 5714
1242 5851
1242 6136
1242 6176
1242 6543
1242 6544
1242 6552
1242 6581
1242 7143
1242 8092
1242 8136
1242 8502
1242 8518
1242 8591
1242 8901
1242 8960
1242 9084
1242 9107
1242 9122
1242 9164
1242 9220
1242 9226
1242 9808
1242 9913
1242 10416
1242 10582
1242 10823
1242 11338
1242 11465
1242 11537
1242 12011
1242 12770
1242 12910
1242 13007
1242 13209
1293 10416
1307 477
1307 3973
1307 5190
1307 5851
1307 6136
1307 6176
1307 6544
1307 8092
1307 9084
1307 9808
1307 9990
1307 10416
1307 11338
1307 11537
1307 12011
1307 13007
1307 13209
1307 14196
1308 10416
1319 10416
1341 10416
1348 440
1348 477
1348 2070
1348 3152
1348 5190
1348 5635
1348 5851
1348 6136
1348 6176
1348 6543
1348 6544
1348 6552
1348 6581
1348 7367
1348 8092
1348 8136
1348 8502
1348 8518
1348 8901
1348 9084
1348 9107
1348 9164
1348 9220
1348 9226
1348 9808
1348 9837
1348 10079
1348 10416
1348 10823
1348 11338
1348 11465
1348 11537
1348 12011
1348 12910
1348 13007
1348 13209
1350 10416
1379 8591
1379 10416
1423 10416
1448 10416
1450 10416
1454 10416
1456 10416
1459 440
1459 477
1459 716
1459 2012
1459 2070
1459 3152
1459 5190
1459 5635
1459 5714
1459 5851
1459 6136
1459 6176
1459 6543
1459 6544
1459 6581
1459 8092
1459 8502
1459 8512
1459 8518
1459 8591
1459 8901
1459 8960
1459 9084
1459 9107
1459 9164
1459 9584
1459 9808
1459 10416
1459 10582
1459 10823
1459 11338
1459 11524
1459 11537
1459 12011
1459 12910
1459 13007
1459 13209
1461 10416
1462 5190
1462 5635
1462 5714
1462 6136
1462 6544
1462 8092
1462 8136
1462 8502
1462 8512
1462 8518
1462 8591
1462 9084
1462 9107
1462 9164
1462 9808
1462 10416
1462 11338
1462 11524
1462 11537
1462 12011
1462 13007
1462 13209
1463 10416
1482 440
1482 5190
1482 5635
1482 5851
1482 6136
1482 6176
1482 6543
1482 6581
1482 7143
1482 7738
1482 8092
1482 8136
1482 8502
1482 8518
1482 9084
1482 9164
1482 9220
1482 9584
1482 9808
1482 10416
1482 10582
1482 11338
1482 11524
1482 11537
1482 12011
1482 12770
1482 13007
1497 10416
1503 440
1503 477
1503 523
1503 591
1503 716
1503 1089
1503 2012
1503 2071
1503 2197
1503 2256
1503 2273
1503 3152
1503 4483
1503 4488
1503 5190
1503 5635
1503 5701
1503 5714
1503 5851
1503 5887
1503 6136
1503 6176
1503 6544
1503 6545
1503 6552
1503 6559
1503 6581
1503 7366
1503 8092
1503 8136
1503 8178
1503 8502
1503 8518
1503 8523
1503 8591
1503 8901
1503 8915
1503 8960
1503 9084
1503 9107
1503 9164
1503 9220
1503 9226
1503 9584
1503 9808
1503 9812
1503 9837
1503 9913
1503 10079
1503 10416
1503 10582
1503 10823
1503 11338
1503 11465
1503 11524
1503 11537
1503 12011
1503 12770
1503 12910
1503 13007
1503 13209
1531 10416
1548 10416
1574 2070
1574 3152
1574 5190
1574 5635
1574 5714
1574 5851
1574 6136
1574 8092
1574 8136
1574 8502
1574 8518
1574 8591
1574 9084
1574 9164
1574 9468
1574 9837
1574 10416
1574 11338
1574 11537
1574 12011
1574 13007
1574 13209
1597 10416
1647 10416
1666 10416
1704 10416
1708 10416
1715 10416
1716 10416
1719 10416
1770 10416
1780 10416
1802 10416
1804 440
1804 477
1804 523
1804 562
1804 716
1804 2070
1804 2197
1804 3152
1804 4488
1804 4495
1804 5190
1804 5635
1804 5714
1804 5851
1804 6136
1804 6176
1804 6543
1804 6544
1804 6552
1804 6581
1804 7120
1804 7143
1804 7413
1804 8092
1804 8136
1804 8502
1804 8514
1804 8518
1804 8542
1804 8591
1804 8901
1804 8960
1804 9084
1804 9107
1804 9122
1804 9164
1804 9220
1804 9226
1804 9584
1804 9808
1804 10416
1804 10582
1804 10823
1804 11465
1804 11524
1804 11537
1804 12011
1804 12770
1804 13007
1804 13209
1805 10416
1823 10416
1825 477
1825 3152
1825 5190
1825 5851
1825 6176
1825 6544
1825 8136
1825 8502
1825 8591
1825 9808
1825 9990
1825 10416
1825 11537
1825 12011
1825 13209
1835 10416
1837 10416
1853 5190
1853 8518
1853 9084
1853 9808
1853 9990
1853 10416
1853 10823
1853 11338
1853 11537
1853 12011
1853 13007
1853 13209
1858 10416
1882 10416
1884 10416
1892 10416
1892 12011
1908 12011
1943 10416
1973 10416
2013 10416
2028 10416
2066 440
2066 477
2066 716
2066 2070
2066 3152
2066 4488
2066 5190
2066 5635
2066 5714
2066 5851
2066 6136
2066 6176
2066 6543
2066 6544
2066 6559
2066 6581
2066 7143
2066 7413
2066 8092
2066 8136
2066 8502
2066 8591
2066 8960
2066 9084
2066 9107
2066 9164
2066 9220
2066 9226
2066 9584
2066 9808
2066 9913
2066 10416
2066 10582
2066 10823
2066 11338
2066 11465
2066 11524
2066 11537
2066 12011
2066 12770
2066 12910
2066 13007
2066 13209
2082 10416
2108 10416
2168 10416
2200 2070
2200 5851
2200 6545
2200 8502
2200 12011
2257 10416
2288 10416
2291 10416
2315 10416
2328 10416
2329 10416
2355 11524
2407 10416
2437 10416
2462 440
2462 2070
2462 3973
2462 5190
2462 5474
2462 5635
2462 5714
2462 6136
2462 6176
2462 6543
2462 6544
2462 6581
2462 8092
2462 8136
2462 8502
2462 9084
2462 9107
2462 9808
2462 10416
2462 10823
2462 11338
2462 11524
2462 11537
2462 12011
2462 12770
2462 12910
2462 13007
2462 13209
2464 10416
2467 10416
2469 10416
2498 3152
2498 5190
2498 5635
2498 5851
2498 6176
2498 6544
2498 8518
2498 8901
2498 9084
2498 9808
2498 9990
2498 10416
2498 11537
2498 12011
2498 12770
2498 13007
2498 13209
2503 8591
2503 10416
2504 172
2504 440
2504 716
2504 2197
2504 3152
2504 5190
2504 5635
2504 5714
2504 5851
2504 6136
2504 6176
2504 6543
2504 8092
2504 8136
2504 8901
2504 9084
2504 9164
2504 9220
2504 9808
2504 10416
2504 10823
2504 11338
2504 11524
2504 11537
2504 12011
2504 13007
2504 13209
2515 440
2515 477
2515 523
2515 716
2515 1028
2515 2012
2515 2070
2515 3152
2515 4488
2515 5190
2515 5714
2515 6136
2515 6176
2515 6543
2515 6544
2515 6552
2515 6581
2515 8092
2515 8136
2515 8502
2515 8901
2515 9084
2515 9220
2515 9578
2515 9808
2515 11338
2515 11537
2515 12011
2515 12549
2515 12770
2515 12910
2515 13007
2534 3152
2534 5190
2534 5635
2534 5851
2534 6136
2534 8518
2534 9084
2534 9808
2534 10416
2534 11338
2534 11537
2534 12011
2534 12770
2534 13186
2534 13209
2539 10416
2546 10416
2641 10416
2673 440
2673 5635
2673 9084
2673 10416
2673 12011
2673 13209
2684 440
2684 477
2684 523
2684 562
2684 716
2684 1028
2684 2012
2684 2070
2684 2197
2684 3152
2684 4488
2684 5190
2684 5635
2684 5714
2684 5851
2684 6136
2684 6176
2684 6543
2684 6544
2684 6545
2684 6552
2684 6581
2684 7120
2684 7143
2684 7413
2684 7738
2684 8092
2684 8136
2684 8502
2684 8514
2684 8518
2684 8901
2684 8960
2684 9084
2684 9107
2684 9122
2684 9164
2684 9226
2684 9468
2684 9808
2684 9812
2684 9837
2684 9913
2684 10416
2684 10823
2684 11338
2684 11465
2684 11524
2684 11537
2684 12011
2684 12770
2684 13007
2684 13209
2767 5635
2767 10416
2828 10416
2970 10416
2986 2012
2986 3152
2986 5190
2986 5851
2986 6176
2986 6544
2986 6552
2986 8092
2986 8136
2986 8591
2986 9084
2986 9164
2986 9808
2986 9990
2986 10823
2986 11338
2986 11537
2986 12011
2986 13007
2986 13209
2996 10416
3007 10416
3040 10416
3105 10416
3153 10416
3187 10416
3192 10416
3218 10416
3262 10416
3283 10416
3337 440
3337 5190
3337 5635
3337 5714
3337 5851
3337 6136
3337 6176
3337 6543
3337 6544
3337 6552
3337 8092
3337 8136
3337 8502
3337 8518
3337 8591
3337 8915
3337 8960
3337 9084
3337 9164
3337 9808
3337 10416
3337 11338
3337 11537
3337 12011
3337 13007
3337 13209
3354 10416
3355 440
3355 477
3355 523
3355 716
3355 3152
3355 5190
3355 5635
3355 5714
3355 5851
3355 6136
3355 6176
3355 6543
3355 6544
3355 6552
3355 6581
3355 7413
3355 8092
3355 8502
3355 9084
3355 9107
3355 9164
3355 9220
3355 9226
3355 9808
3355 10582
3355 10823
3355 11338
3355 11465
3355 11537
3355 12011
3355 12910
3355 13007
3355 13209
3366 6552
3366 9808
3366 10416
3367 10416
3378 5635
3378 6136
3378 6544
3378 8092
3378 9084
3378 9808
3378 10416
3378 11338
3378 11537
3378 12011
3378 12910
3378 13007
3391 10416
3392 10416
3392 13209
3420 10416
3421 10416
3422 440
3422 477
3422 3152
3422 3973
3422 5190
3422 5474
3422 5635
3422 5851
3422 6136
3422 6543
3422 6544
3422 6581
3422 7738
3422 8092
3422 8136
3422 8502
3422 8518
3422 9084
3422 9122
3422 9220
3422 9808
3422 10416
3422 11338
3422 11465
3422 11524
3422 11537
3422 12011
3422 12770
3422 13007
3422 13209
3423 440
3423 477
3423 523
3423 562
3423 716
3423 2012
3423 2070
3423 3152
3423 5190
3423 5635
3423 5714
3423 5851
3423 6136
3423 6176
3423 6543
3423 6544
3423 6552
3423 6581
3423 7143
3423 7413
3423 8092
3423 8136
3423 8502
3423 8514
3423 8518
3423 8591
3423 8901
3423 9084
3423 9107
3423 9164
3423 9220
3423 9226
3423 9808
3423 10416
3423 10823
3423 11338
3423 11465
3423 11533
3423 11537
3423 12011
3423 12770
3423 13007
3423 13209
3424 10416
3465 10416
3494 10416
3504 10416
3506 10416
3539 477
3539 5190
3539 5635
3539 5851
3539 6136
3539 8092
3539 8502
3539 10416
3539 11338
3539 11537
3539 12910
3539 13007
3539 13209
3541 10416
3542 10416
3576 10416
3602 5190
3602 5851
3602 6136
3602 8092
3602 8518
3602 8591
3602 8901
3602 9084
3602 9990
3602 10416
3602 10823
3602 11338
3602 11537
3602 12770
3602 13007
3602 13209
3639 10416
3641 10416
3642 10416
3651 440
3651 477
3651 2012
3651 2197
3651 2256
3651 3152
3651 5190
3651 5635
3651 5714
3651 5851
3651 6136
3651 6176
3651 6543
3651 6544
3651 6552
3651 7143
3651 8092
3651 8502
3651 8518
3651 8960
3651 9107
3651 9164
3651 9220
3651 9808
3651 10416
3651 10823
3651 11338
3651 11465
3651 11524
3651 11537
3651 12011
3651 12770
3651 12910
3651 13007
3651 13209
3657 10416
3668 10416
3672 440
3672 477
3672 2256
3672 5190
3672 5635
3672 5714
3672 6136
3672 6543
3672 6544
3672 6552
3672 6581
3672 8092
3672 8136
3672 8502
3672 8518
3672 8915
3672 8960
3672 9084
3672 9468
3672 9584
3672 9808
3672 10416
3672 11338
3672 11465
3672 11524
3672 11537
3672 12011
3672 13209
3675 5190
3675 9084
3675 9990
3675 10416
3675 11537
3675 12770
3675 13209
3678 5635
3678 5851
3679 10416
3699 10416
3709 9808
3714 10416
3715 10416
3716 10416
3770 10416
3774 10416
3783 10416
3796 10416
3797 5190
3797 5635
3797 5714
3797 5851
3797 6136
3797 8502
3797 8591
3797 9808
3797 10416
3797 11524
3797 11537
3797 12011
3797 12770
3806 440
3806 477
3806 523
3806 562
3806 716
3806 1089
3806 2012
3806 2070
3806 2197
3806 2256
3806 4483
3806 4488
3806 5190
3806 5635
3806 5714
3806 5851
3806 5864
3806 5887
3806 6136
3806 6176
3806 6543
3806 6544
3806 6545
3806 6552
3806 6581
3806 7366
3806 7413
3806 7433
3806 8092
3806 8136
3806 8381
3806 8502
3806 8518
3806 8591
3806 8901
3806 8915
3806 9084
3806 9107
3806 9122
3806 9164
3806 9220
3806 9226
3806 9468
3806 9584
3806 9808
3806 9837
3806 9913
3806 10543
3806 10582
3806 10823
3806 11338
3806 11465
3806 11537
3806 12011
3806 12770
3806 12910
3806 12918
3806 13007
3806 13209
3810 10416
3814 5190
3814 6176
3814 8092
3814 9808
3814 9990
3814 10416
3814 11524
3814 11537
3814 12011
3822 10416
3829 10416
3841 440
3841 477
3841 2070
3841 4488
3841 5190
3841 5635
3841 5714
3841 5851
3841 6136
3841 6543
3841 6544
3841 6552
3841 8136
3841 8518
3841 8960
3841 9084
3841 9164
3841 10416
3841 11338
3841 11524
3841 11537
3841 12011
3841 13186
3841 13209
3841 13773
3848 440
3848 2256
3848 3152
3848 5635
3848 5714
3848 5851
3848 6136
3848 6543
3848 6544
3848 6552
3848 8591
3848 8901
3848 9084
3848 9107
3848 9164
3848 9808
3848 10416
3848 11338
3848 11524
3848 11537
3848 13007
3850 440
3850 477
3850 716
3850 3152
3850 5190
3850 5635
3850 5714
3850 5851
3850 6136
3850 6543
3850 6544
3850 6552
3850 7413
3850 8092
3850 8136
3850 8502
3850 8518
3850 8591
3850 8901
3850 9084
3850 9808
3850 9913
3850 10823
3850 11338
3850 11465
3850 11524
3850 11537
3850 12011
3850 13007
3850 13209
3852 10416
3857 10416
3858 477
3858 6544
3858 10416
3858 10823
3858 11524
3858 12011
3858 13007
3870 10416
3872 10416
3880 1337
3880 2070
3880 3152
3880 3973
3880 5190
3880 5474
3880 5635
3880 5851
3880 6063
3880 6136
3880 6176
3880 6544
3880 6545
3880 6552
3880 8092
3880 8136
3880 8518
3880 8605
3880 8918
3880 9084
3880 9107
3880 9164
3880 9990
3880 10327
3880 10416
3880 11338
3880 11537
3880 12011
3880 13209
3883 10416
3892 10416
3912 10416
3918 10416
3919 10416
3922 10416
3923 10416
3926 10416
3928 10416
3944 10416
3945 10416
3963 10416
3983 10416
3992 10416
4011 10416
4015 10416
4073 10416
4090 440
4090 477
4090 523
4090 562
4090 1028
4090 2197
4090 3152
4090 4488
4090 5190
4090 5635
4090 5714
4090 5851
4090 6136
4090 6176
4090 6543
4090 6544
4090 6545
4090 6552
4090 6581
4090 7433
4090 8092
4090 8136
4090 8502
4090 8514
4090 8518
4090 8523
4090 8901
4090 8960
4090 9084
4090 9164
4090 9220
4090 9584
4090 9808
4090 10416
4090 10823
4090 10918
4090 11338
4090 11465
4090 11537
4090 12011
4090 12770
4090 12910
4090 12918
4090 13007
4090 13209
4097 10416
4114 10416
4115 10416
4129 10416
4130 440
4130 477
4130 5190
4130 5714
4130 5851
4130 6544
4130 8092
4130 8136
4130 8512
4130 8518
4130 9084
4130 9164
4130 9990
4130 10823
4130 11338
4130 11537
4130 12011
4130 13007
4130 13209
4141 10416
4142 10416
4174 10416
4186 10416
4188 10416
4190 440
4190 477
4190 1028
4190 2012
4190 2070
4190 2197
4190 3152
4190 5190
4190 5635
4190 5714
4190 5851
4190 6136
4190 6543
4190 6544
4190 6552
4190 6581
4190 7367
4190 8092
4190 8136
4190 8502
4190 8514
4190 8518
4190 8960
4190 9084
4190 9107
4190 9164
4190 9468
4190 9578
4190 9584
4190 9808
4190 9913
4190 10416
4190 10823
4190 11338
4190 11465
4190 11524
4190 11537
4190 12011
4190 12770
4190 12910
4190 13007
4190 13209
4192 10416
4193 10416
4212 3152
4212 5190
4212 5635
4212 5714
4212 5851
4212 6136
4212 6176
4212 6544
4212 8092
4212 8136
4212 8502
4212 8518
4212 9107
4212 9164
4212 9808
4212 10416
4212 11338
4212 11537
4212 12011
4212 13209
4215 10416
4222 10416
4233 10416
4267 10416
4279 440
4279 477
4279 523
4279 716
4279 2012
4279 2070
4279 2197
4279 3152
4279 4488
4279 5190
4279 5635
4279 5714
4279 5851
4279 6136
4279 6176
4279 6543
4279 6544
4279 6545
4279 6552
4279 6581
4279 7120
4279 7143
4279 7433
4279 8092
4279 8136
4279 8502
4279 8514
4279 8518
4279 8591
4279 8901
4279 8915
4279 8960
4279 9084
4279 9107
4279 9122
4279 9164
4279 9220
4279 9226
4279 9584
4279 9812
4279 9837
4279 10823
4279 11338
4279 11523
4279 11524
4279 11537
4279 11538
4279 12011
4279 12770
4279 12910
4279 12918
4279 13007
4279 13209
4281 10416
4286 3152
4286 5190
4286 5851
4286 6544
4286 8092
4286 8136
4286 8518
4286 9084
4286 9107
4286 9990
4286 10416
4286 11338
4286 11537
4286 12011
4286 12770
4286 13209
4289 10416
4310 10416
4342 10416
4343 10416
4347 5635
4347 5851
4347 8502
4347 9084
4347 10823
4347 13007
4359 716
4359 2070
4359 5190
4359 5635
4359 5851
4359 6136
4359 6176
4359 6544
4359 8092
4359 8136
4359 8518
4359 8591
4359 9084
4359 9164
4359 9808
4359 9990
4359 10416
4359 11338
4359 11537
4359 12011
4359 13007
4359 13209
4388 10416
4424 10416
4437 440
4437 5635
4437 6136
4437 6544
4437 9084
4437 9107
4437 9808
4437 10416
4437 11338
4437 11524
4437 11537
4437 13007
4463 10416
4477 10416
4512 10416
4522 10416
4586 10416
4611 10416
4647 10416
4651 10416
4657 440
4657 477
4657 523
4657 562
4657 2070
4657 2197
4657 3152
4657 5190
4657 5635
4657 5714
4657 5851
4657 6136
4657 6176
4657 6543
4657 6544
4657 6552
4657 6559
4657 6581
4657 8092
4657 8136
4657 8502
4657 8514
4657 8518
4657 8591
4657 8901
4657 8960
4657 9084
4657 9107
4657 9122
4657 9164
4657 9584
4657 9808
4657 10416
4657 10823
4657 11338
4657 11537
4657 12011
4657 12770
4657 12918
4657 13007
4657 13209
4673 10416
4686 10416
4695 10416
4730 10416
4742 10416
4747 10416
4749 10416
4750 10416
4751 10416
4775 440
4775 477
4775 2070
4775 5190
4775 5635
4775 5714
4775 5851
4775 6136
4775 6176
4775 6544
4775 6552
4775 6581
4775 8092
4775 8136
4775 8502
4775 8518
4775 8591
4775 8901
4775 8915
4775 9084
4775 9122
4775 9164
4775 9468
4775 10416
4775 10823
4775 11338
4775 11524
4775 11537
4775 12011
4775 13007
4775 13209
4791 440
4791 3152
4791 5190
4791 5714
4791 5851
4791 6543
4791 6552
4791 8092
4791 8518
4791 9084
4791 9808
4791 9990
4791 10416
4791 11338
4791 11537
4791 12011
4791 12770
4791 13007
4805 10416
4806 10416
4811 10416
4818 10416
4820 6544
4820 10416
4821 10416
4826 10416
4827 10416
4828 10416
4829 10416
4830 10416
4830 11524
4832 10416
4838 10416
4839 10416
4857 10416
4865 440
4865 477
4865 2012
4865 2070
4865 2256
4865 3152
4865 4488
4865 5190
4865 5635
4865 5714
4865 5851
4865 6136
4865 6176
4865 6543
4865 6544
4865 6552
4865 6559
4865 6581
4865 7366
4865 8092
4865 8136
4865 8502
4865 8514
4865 8518
4865 8591
4865 8901
4865 8960
4865 9084
4865 9107
4865 9122
4865 9164
4865 9220
4865 9584
4865 9808
4865 10416
4865 10823
4865 11338
4865 11537
4865 12011
4865 12770
4865 13007
4865 13209
4869 10416
4877 10416
4884 12011
4887 10416
4893 10416
4916 10416
4920 172
4920 440
4920 2070
4920 2256
4920 5190
4920 5243
4920 5635
4920 5851
4920 6176
4920 6543
4920 6544
4920 6559
4920 7143
4920 7366
4920 7413
4920 8023
4920 8092
4920 8136
4920 8502
4920 8901
4920 8915
4920 9084
4920 9122
4920 9220
4920 9226
4920 9468
4920 9584
4920 9808
4920 10416
4920 11338
4920 11465
4920 11524
4920 11537
4920 12011
4920 12770
4920 12918
4920 13209
4922 10416
4928 440
4928 477
4928 2012
4928 2070
4928 3152
4928 5190
4928 5635
4928 5714
4928 5851
4928 6136
4928 6176
4928 6543
4928 6544
4928 6552
4928 6581
4928 8089
4928 8092
4928 8136
4928 8502
4928 8518
4928 8915
4928 9084
4928 9107
4928 9164
4928 9220
4928 9808
4928 9837
4928 10416
4928 10823
4928 11338
4928 11524
4928 11537
4928 12011
4928 12770
4928 13007
4928 13209
4949 10416
4952 440
4952 477
4952 2012
4952 2070
4952 3152
4952 5190
4952 5635
4952 5714
4952 5851
4952 6136
4952 6176
4952 6543
4952 6544
4952 6545
4952 6552
4952 6559
4952 6581
4952 7433
4952 8092
4952 8136
4952 8502
4952 8518
4952 8591
4952 8901
4952 8915
4952 8960
4952 9084
4952 9107
4952 9220
4952 9226
4952 9578
4952 9584
4952 9808
4952 10416
4952 10823
4952 11338
4952 11524
4952 11537
4952 12011
4952 12770
4952 13007
4952 13209
4960 10416
4961 10416
4963 10416
4991 440
4991 477
4991 523
4991 2070
4991 3152
4991 5190
4991 5635
4991 5714
4991 5851
4991 6136
4991 6176
4991 6543
4991 6544
4991 6552
4991 6581
4991 7366
4991 8092
4991 8136
4991 8502
4991 8514
4991 8518
4991 8901
4991 8915
4991 9084
4991 9107
4991 9220
4991 9584
4991 9808
4991 10416
4991 10823
4991 11338
4991 11465
4991 11524
4991 11537
4991 11948
4991 12770
4991 12910
4991 13007
4991 13209
4994 10416
5004 10416
5005 10416
5013 10416
5016 10416
5025 10416
5047 10416
5054 10416
5070 10416
5087 10416
5097 10416
5100 10416
5102 10416
5129 10416
5130 10416
5135 10416
5139 477
5139 3152
5139 5190
5139 5635
5139 6136
5139 6544
5139 8092
5139 8136
5139 8591
5139 9084
5139 9107
5139 10823
5139 11338
5139 11524
5139 11537
5139 12011
5139 12770
5139 13007
5139 13209
5157 10416
5162 440
5162 477
5162 5190
5162 5851
5162 6136
5162 6176
5162 6544
5162 8092
5162 8518
5162 8591
5162 9084
5162 9990
5162 10416
5162 11338
5162 11537
5162 12011
5162 13007
5162 13209
5166 10416
5170 440
5170 477
5170 2012
5170 2070
5170 2256
5170 3152
5170 4488
5170 5190
5170 5635
5170 5714
5170 5851
5170 6136
5170 6176
5170 6543
5170 6544
5170 6545
5170 6552
5170 6559
5170 7120
5170 7413
5170 8092
5170 8136
5170 8502
5170 8514
5170 8518
5170 8591
5170 8901
5170 8915
5170 9084
5170 9107
5170 9122
5170 9164
5170 9220
5170 9808
5170 9913
5170 10416
5170 10823
5170 11338
5170 11523
5170 11524
5170 11537
5170 12011
5170 12230
5170 12770
5170 13007
5170 13209
5172 10416
5172 11465
5172 12011
5182 440
5182 477
5182 523
5182 562
5182 591
5182 716
5182 1083
5182 1089
5182 1315
5182 2012
5182 2070
5182 2197
5182 2256
5182 2966
5182 3152
5182 3818
5182 4483
5182 4488
5182 5190
5182 5635
5182 5714
5182 5851
5182 5864
5182 5887
5182 6136
5182 6176
5182 6543
5182 6544
5182 6545
5182 6552
5182 6559
5182 6581
5182 7143
5182 7413
5182 7433
5182 7738
5182 8092
5182 8136
5182 8178
5182 8381
5182 8502
5182 8518
5182 8542
5182 8591
5182 8867
5182 8901
5182 8915
5182 8960
5182 9084
5182 9107
5182 9122
5182 9164
5182 9220
5182 9226
5182 9468
5182 9584
5182 9837
5182 9913
5182 10416
5182 10582
5182 10823
5182 11338
5182 11465
5182 11522
5182 11523
5182 11524
5182 11537
5182 12011
5182 12770
5182 12910
5182 12998
5182 13007
5182 13209
5188 10416
5189 440
5189 2070
5189 3152
5189 5190
5189 5635
5189 5851
5189 6136
5189 6176
5189 6544
5189 8092
5189 8136
5189 8502
5189 8901
5189 9084
5189 9107
5189 9164
5189 10416
5189 11523
5189 11524
5189 11537
5189 12011
5189 13007
5189 13209
5191 523
5191 562
5191 5190
5191 6136
5191 6543
5191 7413
5191 8136
5191 10416
5191 11465
5191 11537
5191 12011
5191 13209
5209 5190
5209 5851
5209 6545
5209 7939
5209 8542
5209 9084
5209 9808
5209 10416
5209 10582
5209 12011
5211 10416
5224 10416
5230 10416
5244 440
5244 477
5244 716
5244 2070
5244 3152
5244 5190
5244 5635
5244 5714
5244 5851
5244 6136
5244 6176
5244 6543
5244 6544
5244 6552
5244 6581
5244 7704
5244 8092
5244 8136
5244 8502
5244 8518
5244 8591
5244 8960
5244 9084
5244 9107
5244 9122
5244 9164
5244 9468
5244 9578
5244 9808
5244 9913
5244 10416
5244 10823
5244 11338
5244 11533
5244 11537
5244 12770
5244 13007
5244 13209
5248 10416
5257 9808
5264 10416
5279 440
5279 477
5279 523
5279 716
5279 1315
5279 2012
5279 2070
5279 2197
5279 3152
5279 4488
5279 5190
5279 5635
5279 5714
5279 5851
5279 6136
5279 6176
5279 6543
5279 6544
5279 6552
5279 6559
5279 6581
5279 7143
5279 7413
5279 8092
5279 8136
5279 8502
5279 8518
5279 8591
5279 8915
5279 9084
5279 9107
5279 9220
5279 9808
5279 9913
5279 10416
5279 10582
5279 10823
5279 11465
5279 11537
5279 12011
5279 12770
5279 12910
5279 13007
5279 13209
5280 10416
5286 477
5286 5190
5286 5635
5286 5851
5286 6136
5286 6176
5286 6544
5286 8092
5286 8518
5286 9084
5286 9808
5286 9990
5286 10416
5286 10823
5286 11338
5286 11537
5286 12011
5286 12770
5286 13007
5286 13209
5289 10416
5302 440
5302 477
5302 523
5302 716
5302 1315
5302 2197
5302 2256
5302 3152
5302 4488
5302 5190
5302 5635
5302 5714
5302 5851
5302 6136
5302 6176
5302 6543
5302 6544
5302 6545
5302 6552
5302 6559
5302 6581
5302 7120
5302 7143
5302 7413
5302 8092
5302 8136
5302 8502
5302 8514
5302 8591
5302 8901
5302 8915
5302 8960
5302 9084
5302 9107
5302 9164
5302 9220
5302 9226
5302 9468
5302 9584
5302 9808
5302 9837
5302 9913
5302 10416
5302 10582
5302 10823
5302 11338
5302 11465
5302 11524
5302 11533
5302 11537
5302 12011
5302 12770
5302 13007
5302 13209
5320 10416
5358 440
5358 477
5358 2070
5358 5190
5358 5635
5358 5714
5358 5851
5358 6176
5358 6543
5358 6544
5358 6552
5358 6581
5358 7143
5358 7413
5358 8092
5358 8136
5358 8518
5358 8591
5358 9084
5358 9107
5358 9164
5358 9808
5358 10416
5358 10823
5358 11338
5358 11524
5358 11537
5358 12011
5358 12770
5358 13007
5358 13209
5365 440
5365 477
5365 523
5365 716
5365 2012
5365 2070
5365 2256
5365 3152
5365 4488
5365 5190
5365 5635
5365 5714
5365 5851
5365 6136
5365 6176
5365 6543
5365 6544
5365 6545
5365 6552
5365 6559
5365 6581
5365 7120
5365 7143
5365 7413
5365 8092
5365 8136
5365 8502
5365 8514
5365 8518
5365 8591
5365 8901
5365 8915
5365 9084
5365 9107
5365 9122
5365 9164
5365 9220
5365 9226
5365 9808
5365 9812
5365 9837
5365 9913
5365 10416
5365 10582
5365 10823
5365 11338
5365 11465
5365 11524
5365 11537
5365 12011
5365 12770
5365 13007
5365 13209
5372 10416
5373 10416
5379 10416
5395 440
5395 6136
5395 8092
5395 9990
5395 12011
5397 10416
5404 10416
5422 10416
5485 6545
5485 8502
5485 9808
5485 10416
5485 12011
5491 10416
5492 10416
5493 10416
5495 9808
5511 5190
5511 5851
5511 6136
5511 6176
5511 6543
5511 8092
5511 8960
5511 9164
5511 9584
5511 11537
5511 12011
5511 13007
5521 10416
5534 6544
5537 10416
5550 10416
5553 477
5553 3152
5553 5190
5553 5714
5553 5851
5553 6063
5553 6136
5553 6176
5553 6544
5553 6552
5553 8092
5553 8518
5553 9084
5553 9164
5553 9808
5553 9837
5553 9990
5553 10416
5553 11338
5553 11524
5553 11537
5553 12011
5553 13007
5553 13209
5569 10416
5582 10416
5595 10416
5596 10416
5599 10416
5612 10416
5617 9808
5617 10416
5631 10416
5632 10416
5657 10416
5668 10416
5670 10416
5671 10416
5673 10416
5674 10416
5681 10416
5685 10416
5686 2070
5686 5190
5686 8518
5686 9808
5686 9990
5686 10416
5686 11338
5686 11524
5686 11537
5686 12011
5686 13209
5698 10416
5703 10416
5722 10416
5729 440
5729 477
5729 716
5729 2070
5729 3152
5729 5190
5729 5635
5729 5714
5729 5851
5729 6136
5729 6176
5729 6543
5729 6544
5729 6552
5729 6581
5729 8092
5729 8136
5729 8518
5729 8591
5729 9084
5729 9107
5729 9164
5729 9808
5729 9990
5729 10416
5729 10823
5729 11338
5729 11465
5729 11537
5729 12011
5729 13007
5731 440
5731 590
5731 2070
5731 3152
5731 3973
5731 4488
5731 5190
5731 5474
5731 5635
5731 5714
5731 5851
5731 6136
5731 6176
5731 6543
5731 6544
5731 6552
5731 6581
5731 7738
5731 8092
5731 8136
5731 8502
5731 8518
5731 8591
5731 8901
5731 9084
5731 9107
5731 9164
5731 9226
5731 9578
5731 10416
5731 10823
5731 11338
5731 11524
5731 11537
5731 11801
5731 12011
5731 12549
5731 12563
5731 12770
5731 13007
5731 13209
5756 477
5756 3152
5756 5190
5756 5635
5756 5714
5756 5851
5756 6136
5756 6544
5756 8092
5756 8136
5756 8502
5756 8518
5756 8591
5756 9084
5756 9164
5756 9808
5756 10416
5756 11338
5756 11537
5756 12011
5756 13007
5756 13209
5767 10416
5792 10416
5844 10416
5875 10416
5904 10416
5904 11524
5911 10416
5926 440
5926 477
5926 523
5926 562
5926 591
5926 716
5926 2012
5926 2070
5926 2197
5926 3152
5926 4483
5926 4488
5926 5190
5926 5635
5926 5714
5926 5851
5926 6136
5926 6176
5926 6543
5926 6544
5926 6552
5926 6559
5926 6581
5926 7120
5926 7366
5926 7413
5926 7433
5926 8092
5926 8136
5926 8502
5926 8514
5926 8518
5926 8591
5926 8901
5926 8915
5926 8960
5926 9084
5926 9107
5926 9122
5926 9164
5926 9220
5926 9808
5926 9812
5926 9913
5926 10416
5926 10582
5926 10823
5926 11338
5926 11465
5926 11524
5926 11537
5926 11948
5926 12011
5926 12770
5926 12918
5926 13007
5926 13209
5937 10416
5938 10416
5953 10416
5956 10416
5960 10416
5976 10416
5979 445
5979 10416
5979 11338
5979 13007
5987 10416
5994 12011
5995 440
5995 477
5995 523
5995 716
5995 2012
5995 2070
5995 2256
5995 3152
5995 3973
5995 5190
5995 5635
5995 5714
5995 5851
5995 6136
5995 6176
5995 6543
5995 6544
5995 6552
5995 6581
5995 7433
5995 8092
5995 8136
5995 8502
5995 8514
5995 8518
5995 8591
5995 8960
5995 9084
5995 9107
5995 9164
5995 9220
5995 9226
5995 9584
5995 9808
5995 10416
5995 10582
5995 10823
5995 11338
5995 11465
5995 11537
5995 12011
5995 12770
5995 12910
5995 13007
5995 13209
6080 10416
6118 10416
6130 440
6130 2197
6130 2220
6130 2273
6130 5190
6130 5635
6130 5714
6130 6136
6130 6176
6130 8092
6130 8136
6130 8518
6130 8542
6130 8591
6130 8901
6130 9084
6130 9220
6130 9226
6130 10416
6130 10582
6130 10823
6130 11338
6130 11465
6130 12011
6130 12770
6130 12910
6160 5714
6160 6581
6160 10416
6160 11524
6172 10416
6188 10416
6195 10416
6198 3152
6198 6063
6198 6176
6198 8092
6198 8518
6198 8901
6198 9084
6198 9990
6198 10416
6198 10823
6198 12011
6198 12770
6198 13007
6198 13209
6199 10416
6206 10416
6215 10416
6273 10416
6281 10416
6315 2070
6315 5190
6315 5635
6315 5851
6315 6136
6315 6543
6315 6544
6315 6552
6315 7143
6315 8502
6315 8518
6315 9084
6315 9808
6315 10416
6315 11338
6315 11465
6315 11524
6315 13209
6331 10416
6338 10416
6379 440
6379 477
6379 716
6379 2012
6379 2197
6379 2256
6379 3152
6379 4488
6379 5190
6379 5635
6379 5714
6379 5851
6379 6136
6379 6176
6379 6543
6379 6544
6379 6552
6379 6559
6379 6581
6379 7413
6379 8092
6379 8136
6379 8502
6379 8514
6379 8518
6379 8591
6379 8901
6379 8915
6379 8960
6379 9084
6379 9164
6379 9220
6379 9584
6379 9808
6379 9837
6379 9913
6379 10582
6379 10823
6379 11338
6379 11465
6379 11523
6379 11524
6379 11537
6379 12770
6379 12910
6379 12918
6379 13007
6379 13209
6380 10416
6394 10416
6400 10416
6407 10416
6412 10416
6421 10416
6428 440
6428 477
6428 523
6428 716
6428 1315
6428 2012
6428 2070
6428 2197
6428 2256
6428 3152
6428 4483
6428 4488
6428 5190
6428 5635
6428 5714
6428 5851
6428 6136
6428 6176
6428 6543
6428 6544
6428 6545
6428 6552
6428 6559
6428 6581
6428 7120
6428 7143
6428 7366
6428 7413
6428 7433
6428 8092
6428 8136
6428 8502
6428 8514
6428 8518
6428 8591
6428 8901
6428 8915
6428 9084
6428 9107
6428 9122
6428 9164
6428 9220
6428 9226
6428 9584
6428 9808
6428 9837
6428 9913
6428 10416
6428 10582
6428 10823
6428 11338
6428 11465
6428 11524
6428 11537
6428 12011
6428 12770
6428 12910
6428 12918
6428 13007
6428 13209
6432 440
6432 477
6432 5190
6432 5635
6432 5714
6432 6136
6432 6543
6432 6544
6432 6552
6432 6581
6432 8092
6432 8136
6432 8502
6432 8518
6432 9084
6432 9107
6432 9808
6432 10416
6432 11338
6432 11524
6432 11537
6432 12011
6432 12770
6432 13007
6432 13209
6437 3152
6437 5851
6437 10416
6437 11537
6437 12011
6438 440
6438 477
6438 716
6438 2070
6438 2256
6438 3152
6438 4488
6438 5190
6438 5635
6438 5714
6438 5851
6438 6136
6438 6176
6438 6543
6438 6544
6438 6552
6438 6581
6438 7120
6438 7143
6438 7413
6438 8092
6438 8136
6438 8502
6438 8514
6438 8518
6438 8591
6438 8901
6438 8915
6438 9084
6438 9107
6438 9122
6438 9164
6438 9220
6438 9584
6438 9808
6438 10416
6438 10823
6438 11338
6438 11465
6438 11524
6438 11537
6438 12011
6438 12770
6438 13007
6438 13209
6441 10416
6456 10416
6460 10416
6469 10416
6473 440
6473 477
6473 523
6473 591
6473 716
6473 2012
6473 2070
6473 3152
6473 4488
6473 5190
6473 5635
6473 5714
6473 5851
6473 6136
6473 6176
6473 6543
6473 6544
6473 6545
6473 6552
6473 6581
6473 7143
6473 7366
6473 7413
6473 8092
6473 8136
6473 8502
6473 8514
6473 8518
6473 8523
6473 8591
6473 8901
6473 8960
6473 9084
6473 9107
6473 9122
6473 9164
6473 9220
6473 9226
6473 9808
6473 9913
6473 10416
6473 10823
6473 11338
6473 11465
6473 11523
6473 11524
6473 11537
6473 12011
6473 12910
6473 13007
6473 13209
6484 10416
6490 10416
6499 10416
6518 172
6518 440
6518 477
6518 523
6518 716
6518 2012
6518 2070
6518 2197
6518 2256
6518 3152
6518 5190
6518 5635
6518 5714
6518 5851
6518 6136
6518 6176
6518 6543
6518 6544
6518 6545
6518 6581
6518 7433
6518 8092
6518 8136
6518 8502
6518 8518
6518 8591
6518 8901
6518 9084
6518 9107
6518 9164
6518 9220
6518 9226
6518 9468
6518 9584
6518 9808
6518 9812
6518 10416
6518 10823
6518 11338
6518 11465
6518 11524
6518 11533
6518 11537
6518 12011
6518 12770
6518 13007
6518 13016
6518 13209
6520 440
6520 477
6520 523
6520 562
6520 716
6520 1315
6520 2012
6520 2070
6520 2197
6520 3152
6520 4495
6520 5190
6520 5635
6520 5714
6520 5851
6520 6136
6520 6176
6520 6544
6520 6545
6520 6552
6520 6559
6520 6581
6520 7143
6520 7366
6520 7413
6520 8092
6520 8136
6520 8502
6520 8518
6520 8542
6520 8587
6520 8591
6520 8901
6520 8960
6520 9084
6520 9220
6520 9226
6520 9468
6520 9808
6520 9812
6520 10416
6520 10823
6520 11338
6520 11465
6520 11523
6520 11524
6520 11537
6520 12011
6520 12910
6520 13007
6520 13209
6531 10416
6539 440
6539 5190
6539 8092
6539 9084
6539 9292
6539 9808
6539 9990
6539 11537
6539 12011
6539 12770
6539 13209
6561 10416
6568 10416
6570 10416
6573 10416
6580 10416
6585 10416
6597 10416
6613 10416
6616 10416
6621 440
6621 477
6621 523
6621 716
6621 2012
6621 2070
6621 3152
6621 4488
6621 5190
6621 5635
6621 5714
6621 5851
6621 6136
6621 6176
6621 6543
6621 6544
6621 6552
6621 6581
6621 7120
6621 7143
6621 7413
6621 8092
6621 8136
6621 8502
6621 8518
6621 8591
6621 8901
6621 8960
6621 9084
6621 9107
6621 9164
6621 9808
6621 9812
6621 9837
6621 10416
6621 10823
6621 11338
6621 11465
6621 11537
6621 12011
6621 12770
6621 12910
6621 13007
6621 13209
6637 8591
6637 10416
6660 10416
6665 440
6665 5190
6665 5635
6665 5851
6665 7467
6665 8089
6665 8092
6665 9808
6665 10416
6665 11537
6665 12011
6672 10416
6703 10416
6711 10416
6715 10416
6735 9808
6735 10416
6735 11338
6751 9808
6751 10416
6773 440
6773 477
6773 2070
6773 2256
6773 3152
6773 4488
6773 5190
6773 5714
6773 5851
6773 6136
6773 6176
6773 6543
6773 6544
6773 6581
6773 7738
6773 8092
6773 8136
6773 8502
6773 8518
6773 8591
6773 8901
6773 8960
6773 9084
6773 9107
6773 9122
6773 9164
6773 9220
6773 9226
6773 9808
6773 9837
6773 10416
6773 10582
6773 10823
6773 11338
6773 11465
6773 11524
6773 11537
6773 12011
6773 12910
6773 13007
6773 13209
6780 10416
6783 10416
6789 440
6789 477
6789 523
6789 562
6789 716
6789 3152
6789 4488
6789 5190
6789 5635
6789 5714
6789 5851
6789 5864
6789 6136
6789 6176
6789 6543
6789 6544
6789 6552
6789 6559
6789 6581
6789 7120
6789 7143
6789 7413
6789 7433
6789 8092
6789 8381
6789 8502
6789 8518
6789 8591
6789 8867
6789 8901
6789 8915
6789 9084
6789 9107
6789 9122
6789 9164
6789 9220
6789 9226
6789 9468
6789 9808
6789 9812
6789 9913
6789 10582
6789 10823
6789 11338
6789 11465
6789 11524
6789 11533
6789 11537
6789 12011
6789 12770
6789 12918
6789 13007
6789 13016
6789 13209
6810 440
6810 477
6810 716
6810 2012
6810 2070
6810 3152
6810 4488
6810 5190
6810 5635
6810 5714
6810 5851
6810 6136
6810 6176
6810 6543
6810 6544
6810 6552
6810 6581
6810 7143
6810 8092
6810 8136
6810 8502
6810 8518
6810 8591
6810 8901
6810 8960
6810 9084
6810 9107
6810 9164
6810 9220
6810 9812
6810 9837
6810 10416
6810 10582
6810 10823
6810 11338
6810 11465
6810 11537
6810 12011
6810 12770
6810 12910
6810 13007
6810 13209
6812 10416
6818 440
6818 477
6818 523
6818 716
6818 1315
6818 2012
6818 2070
6818 2197
6818 2256
6818 2966
6818 3152
6818 5190
6818 5635
6818 5714
6818 5851
6818 6136
6818 6176
6818 6543
6818 6544
6818 6545
6818 6552
6818 6559
6818 6581
6818 7143
6818 7413
6818 8092
6818 8136
6818 8502
6818 8514
6818 8518
6818 8542
6818 8587
6818 8591
6818 8901
6818 8915
6818 9084
6818 9155
6818 9164
6818 9220
6818 9226
6818 9468
6818 9584
6818 9808
6818 9812
6818 9913
6818 10416
6818 10582
6818 10823
6818 11338
6818 11465
6818 11523
6818 11524
6818 11533
6818 11537
6818 12011
6818 13007
6818 13209
6819 440
6819 477
6819 523
6819 579
6819 716
6819 2012
6819 2197
6819 2256
6819 3152
6819 5190
6819 5635
6819 5714
6819 5851
6819 6136
6819 6176
6819 6543
6819 6544
6819 6552
6819 6559
6819 7120
6819 7143
6819 7413
6819 8092
6819 8136
6819 8502
6819 8514
6819 8518
6819 8542
6819 8587
6819 8591
6819 8901
6819 8915
6819 9084
6819 9220
6819 9226
6819 9584
6819 9808
6819 9812
6819 10582
6819 10823
6819 11338
6819 11524
6819 11533
6819 11537
6819 12011
6819 12910
6819 13007
6819 13209
6828 10416
6830 440
6830 477
6830 523
6830 2070
6830 2273
6830 3152
6830 4488
6830 5190
6830 5635
6830 5714
6830 5851
6830 6136
6830 6176
6830 6543
6830 6544
6830 6545
6830 6552
6830 6581
6830 7143
6830 8092
6830 8136
6830 8502
6830 8518
6830 8591
6830 8901
6830 9107
6830 9164
6830 9220
6830 9584
6830 9808
6830 9837
6830 9913
6830 10416
6830 10582
6830 10823
6830 11338
6830 11523
6830 11524
6830 11537
6830 12011
6830 12770
6830 13007
6830 13209
6842 440
6842 477
6842 523
6842 2070
6842 2197
6842 3152
6842 3973
6842 5190
6842 5474
6842 5635
6842 5714
6842 5851
6842 6136
6842 6176
6842 6543
6842 6544
6842 6581
6842 7367
6842 8092
6842 8136
6842 8502
6842 8514
6842 8518
6842 8523
6842 8901
6842 8960
6842 9107
6842 9164
6842 9220
6842 9578
6842 9584
6842 9808
6842 9913
6842 10416
6842 10823
6842 11338
6842 11524
6842 11537
6842 12011
6842 12770
6842 13007
6842 13209
6859 10416
6864 10416
6868 10416
6871 10416
6892 10416
6900 11524
6902 440
6902 477
6902 523
6902 591
6902 716
6902 2012
6902 2070
6902 2256
6902 3152
6902 4488
6902 5190
6902 5635
6902 5714
6902 5851
6902 6136
6902 6176
6902 6543
6902 6544
6902 6552
6902 6559
6902 6581
6902 7120
6902 7143
6902 7366
6902 7413
6902 8092
6902 8136
6902 8502
6902 8514
6902 8518
6902 8591
6902 8901
6902 9084
6902 9107
6902 9122
6902 9164
6902 9220
6902 9468
6902 9808
6902 9812
6902 10416
6902 10582
6902 10823
6902 11338
6902 11465
6902 11524
6902 11533
6902 11537
6902 12011
6902 12770
6902 13007
6902 13209
6904 10416
6925 10416
6941 10416
6944 5190
6944 5474
6944 5635
6944 5851
6944 6136
6944 6544
6944 6552
6944 8092
6944 9084
6944 9808
6944 10416
6944 11338
6944 11537
6944 13007
6949 5190
6949 5851
6949 6136
6949 6176
6949 6543
6949 6552
6949 6559
6949 8092
6949 8960
6949 9164
6949 9808
6949 10416
6949 11537
6949 12011
6949 13007
6955 10416
6977 10416
6978 10416
6985 477
6985 523
6985 1315
6985 2070
6985 5190
6985 5635
6985 5714
6985 5851
6985 6176
6985 6544
6985 6552
6985 7738
6985 8092
6985 8502
6985 8915
6985 8960
6985 9084
6985 9164
6985 9220
6985 9808
6985 10416
6985 11524
6985 11537
6985 12011
6985 13007
6985 13209
6990 440
6990 477
6990 523
6990 562
6990 716
6990 2012
6990 2070
6990 2197
6990 2256
6990 3152
6990 4483
6990 4488
6990 5190
6990 5635
6990 5714
6990 5851
6990 6136
6990 6176
6990 6543
6990 6544
6990 6545
6990 6552
6990 6559
6990 6581
6990 7120
6990 7143
6990 7366
6990 7413
6990 7433
6990 8092
6990 8136
6990 8502
6990 8514
6990 8518
6990 8591
6990 8901
6990 8915
6990 8960
6990 9084
6990 9107
6990 9122
6990 9164
6990 9220
6990 9226
6990 9584
6990 9808
6990 9812
6990 9837
6990 9913
6990 10416
6990 10582
6990 10823
6990 11338
6990 11465
6990 11523
6990 11524
6990 11533
6990 11537
6990 11948
6990 12011
6990 12770
6990 12910
6990 13007
6990 13186
6990 13209
6990 13773
6991 10416
7000 10416
7010 10416
7040 10416
7053 440
7053 477
7053 523
7053 562
7053 2070
7053 3152
7053 4488
7053 5190
7053 5635
7053 5714
7053 5851
7053 6136
7053 6176
7053 6543
7053 6544
7053 6552
7053 6581
7053 7120
7053 7143
7053 7413
7053 8092
7053 8136
7053 8502
7053 8514
7053 8518
7053 8591
7053 9084
7053 9107
7053 9122
7053 9164
7053 9220
7053 9584
7053 9808
7053 10416
7053 10823
7053 11338
7053 11465
7053 11537
7053 12011
7053 12770
7053 12918
7053 13007
7053 13209
7058 5190
7058 9084
7058 9990
7058 10416
7058 12011
7064 10416
7065 10416
7072 10416
7095 10416
7100 10416
7104 10416
7106 10416
7109 477
7109 1315
7109 2256
7109 3152
7109 4488
7109 5635
7109 5714
7109 5851
7109 6136
7109 6176
7109 6545
7109 6559
7109 6581
7109 7120
7109 7143
7109 7433
7109 8092
7109 8960
7109 9084
7109 9164
7109 9220
7109 9584
7109 9808
7109 10582
7109 11338
7109 11523
7109 11537
7109 12910
7109 12918
7115 10416
7122 440
7122 477
7122 2023
7122 2070
7122 2256
7122 3152
7122 5190
7122 5635
7122 5714
7122 5851
7122 6136
7122 6176
7122 6544
7122 6552
7122 6559
7122 6581
7122 8092
7122 8136
7122 8502
7122 8518
7122 8591
7122 8901
7122 8960
7122 9084
7122 9107
7122 9164
7122 9220
7122 9226
7122 9808
7122 9837
7122 10416
7122 10582
7122 10823
7122 11338
7122 11465
7122 11537
7122 12011
7122 12766
7122 12770
7122 13007
7122 13209
7123 10416
7124 10416
7125 477
7125 523
7125 1315
7125 2070
7125 5190
7125 5635
7125 5851
7125 6136
7125 6544
7125 6552
7125 6581
7125 7120
7125 8092
7125 8136
7125 8518
7125 8901
7125 8960
7125 9084
7125 9164
7125 9220
7125 9226
7125 9808
7125 10416
7125 10823
7125 11338
7125 11465
7125 11524
7125 11537
7125 12011
7125 12918
7125 13007
7125 13209
7126 172
7126 440
7126 477
7126 2070
7126 2197
7126 2256
7126 5190
7126 5635
7126 5714
7126 5851
7126 6136
7126 6176
7126 6543
7126 6544
7126 6581
7126 7120
7126 7413
7126 8092
7126 8502
7126 8518
7126 8591
7126 8901
7126 9084
7126 9107
7126 9164
7126 9220
7126 9808
7126 10823
7126 11338
7126 11537
7126 12011
7126 12770
7126 13007
7126 13209
7127 5635
7127 10416
7134 440
7134 477
7134 523
7134 716
7134 2070
7134 3152
7134 4488
7134 5635
7134 5714
7134 5851
7134 6136
7134 6543
7134 6544
7134 6552
7134 7120
7134 8092
7134 8136
7134 8502
7134 8514
7134 8518
7134 8901
7134 8915
7134 9084
7134 9107
7134 9220
7134 9226
7134 9584
7134 9808
7134 9913
7134 10416
7134 10582
7134 10823
7134 11338
7134 11465
7134 11524
7134 11537
7134 12011
7134 12770
7134 12918
7134 13007
7134 13209
7137 440
7137 477
7137 562
7137 2070
7137 2197
7137 4488
7137 5190
7137 5635
7137 5714
7137 5851
7137 6136
7137 6176
7137 6543
7137 6544
7137 6552
7137 6581
7137 7143
7137 8092
7137 8136
7137 8502
7137 8514
7137 8518
7137 8591
7137 8960
7137 9084
7137 9107
7137 9122
7137 9164
7137 9220
7137 9584
7137 9808
7137 9913
7137 10823
7137 11338
7137 11537
7137 12011
7137 12770
7137 12918
7137 13007
7139 440
7139 477
7139 523
7139 716
7139 2070
7139 2256
7139 3152
7139 4488
7139 5190
7139 5633
7139 5635
7139 5714
7139 5851
7139 6136
7139 6176
7139 6543
7139 6544
7139 6545
7139 6552
7139 6559
7139 6581
7139 7120
7139 7143
7139 7413
7139 7433
7139 7738
7139 8092
7139 8136
7139 8502
7139 8514
7139 8518
7139 8542
7139 8591
7139 8901
7139 8915
7139 8960
7139 9084
7139 9107
7139 9122
7139 9164
7139 9220
7139 9226
7139 9239
7139 9808
7139 9812
7139 9837
7139 9913
7139 10582
7139 10823
7139 10918
7139 11338
7139 11465
7139 11522
7139 11523
7139 11524
7139 11533
7139 11537
7139 12011
7139 12770
7139 13007
7139 13016
7139 13209
7140 10416
7141 10416
7171 10416
7172 10416
7183 10416
7185 440
7185 2070
7185 2657
7185 4372
7185 5190
7185 5635
7185 5714
7185 5851
7185 6136
7185 6212
7185 6282
7185 6543
7185 6544
7185 6552
7185 6581
7185 8371
7185 8502
7185 8915
7185 9084
7185 9107
7185 9383
7185 9578
7185 9808
7185 10416
7185 10454
7185 10823
7185 11338
7185 11524
7185 11537
7185 12011
7185 12770
7185 13209
7216 10416
7231 440
7231 477
7231 2070
7231 2197
7231 3152
7231 5190
7231 5714
7231 6136
7231 6544
7231 7143
7231 8092
7231 8136
7231 8502
7231 8514
7231 8518
7231 8915
7231 9084
7231 9164
7231 9578
7231 9808
7231 10416
7231 10823
7231 11338
7231 11537
7231 12011
7231 12770
7231 12918
7231 13007
7231 13209
7251 10416
7285 10416
7292 10416
7298 440
7298 477
7298 716
7298 2070
7298 2256
7298 3152
7298 5190
7298 5635
7298 5714
7298 5851
7298 6136
7298 6176
7298 6543
7298 6544
7298 6552
7298 6559
7298 6581
7298 8092
7298 8136
7298 8502
7298 8518
7298 8591
7298 8901
7298 9084
7298 9107
7298 9164
7298 9220
7298 9226
7298 9808
7298 10823
7298 11338
7298 11465
7298 11537
7298 12011
7298 13007
7298 13209
7301 10416
7320 716
7320 5190
7320 5851
7320 8092
7320 8136
7320 8518
7320 8901
7320 9990
7320 11338
7320 11537
7320 12011
7325 10416
7333 440
7333 477
7333 596
7333 716
7333 1315
7333 2012
7333 2070
7333 2197
7333 2256
7333 2273
7333 3152
7333 4488
7333 5190
7333 5635
7333 5714
7333 5851
7333 6136
7333 6176
7333 6543
7333 6544
7333 6545
7333 6552
7333 6559
7333 6581
7333 7120
7333 7143
7333 7413
7333 7433
7333 8092
7333 8136
7333 8502
7333 8514
7333 8518
7333 8591
7333 8901
7333 8915
7333 8960
7333 9084
7333 9107
7333 9122
7333 9164
7333 9220
7333 9239
7333 9584
7333 9808
7333 9812
7333 9837
7333 9913
7333 10416
7333 10582
7333 10823
7333 11338
7333 11465
7333 11523
7333 11524
7333 11533
7333 11537
7333 12011
7333 12770
7333 12910
7333 12918
7333 13007
7333 13209
7350 440
7350 477
7350 5190
7350 5635
7350 5714
7350 5851
7350 6176
7350 6543
7350 6544
7350 6552
7350 8092
7350 8136
7350 8518
7350 8960
7350 9084
7350 9808
7350 9990
7350 10416
7350 10823
7350 11338
7350 11524
7350 11537
7350 12011
7350 13007
7350 13209
7355 10416
7371 10416
7379 10416
7386 6544
7386 10416
7388 10416
7404 10416
7407 10416
7417 10416
7430 10416
7438 440
7438 477
7438 523
7438 716
7438 1315
7438 2012
7438 2071
7438 3152
7438 4488
7438 5190
7438 5635
7438 5714
7438 5851
7438 6136
7438 6176
7438 6543
7438 6544
7438 6545
7438 6552
7438 6559
7438 6581
7438 7120
7438 7143
7438 7413
7438 8092
7438 8136
7438 8502
7438 8514
7438 8518
7438 8542
7438 8591
7438 8901
7438 8915
7438 8960
7438 9084
7438 9107
7438 9164
7438 9220
7438 9239
7438 9808
7438 9837
7438 9913
7438 10416
7438 10582
7438 10823
7438 11338
7438 11465
7438 11523
7438 11524
7438 11533
7438 11537
7438 12011
7438 12770
7438 13007
7438 13209
7443 10416
7444 10416
7446 10416
7459 440
7459 477
7459 596
7459 716
7459 2070
7459 3152
7459 5190
7459 5635
7459 5714
7459 5851
7459 6136
7459 6176
7459 6543
7459 6544
7459 6552
7459 7120
7459 8092
7459 8136
7459 8518
7459 8901
7459 8915
7459 8960
7459 9084
7459 9164
7459 9226
7459 9584
7459 9808
7459 10416
7459 10823
7459 11338
7459 11524
7459 11537
7459 12011
7459 12770
7459 13007
7459 13209
7462 10416
7465 10416
7466 2070
7466 3152
7466 5190
7466 5714
7466 6136
7466 6581
7466 8591
7466 9990
7466 10416
7466 10823
7466 11524
7466 11537
7466 12011
7466 13209
7474 10416
7486 10416
7495 10416
7538 10416
7543 9808
7543 10416
7547 10416
7553 10416
7592 440
7592 477
7592 523
7592 562
7592 716
7592 1315
7592 2070
7592 2256
7592 3152
7592 4488
7592 5190
7592 5635
7592 5714
7592 5851
7592 6136
7592 6176
7592 6543
7592 6544
7592 6545
7592 6552
7592 6559
7592 6581
7592 7120
7592 7143
7592 7366
7592 7413
7592 8092
7592 8136
7592 8502
7592 8514
7592 8518
7592 8591
7592 8901
7592 8915
7592 9084
7592 9107
7592 9164
7592 9220
7592 9226
7592 9239
7592 9584
7592 9808
7592 9812
7592 10416
7592 10582
7592 10823
7592 11338
7592 11465
7592 11524
7592 11537
7592 12011
7592 12770
7592 13007
7592 13209
7605 10416
7606 10416
7607 477
7607 5851
7607 6544
7607 6552
7607 8092
7607 8960
7607 9084
7607 9808
7607 10416
7607 11338
7607 11465
7607 11524
7607 11537
7607 12011
7607 13007
7624 440
7624 477
7624 716
7624 2070
7624 3152
7624 4488
7624 5190
7624 5635
7624 5714
7624 5851
7624 6136
7624 6176
7624 6543
7624 6544
7624 6552
7624 6581
7624 7120
7624 7143
7624 8092
7624 8502
7624 8514
7624 8518
7624 8591
7624 8901
7624 8915
7624 8960
7624 9084
7624 9107
7624 9164
7624 9220
7624 9808
7624 10416
7624 10823
7624 11338
7624 11524
7624 11537
7624 12011
7624 12770
7624 12910
7624 12918
7624 13007
7624 13209
7637 10416
7638 10416
7639 10416
7650 10416
7687 10416
7703 10416
7729 477
7729 3152
7729 3973
7729 5190
7729 5474
7729 5851
7729 6176
7729 6544
7729 8018
7729 8092
7729 9107
7729 9292
7729 9990
7729 11537
7729 12011
7729 13209
7731 10416
7735 10416
7742 10416
7743 10416
7749 440
7749 5190
7749 8518
7749 9084
7749 9808
7749 9990
7749 10416
7749 11537
7749 12011
7749 12770
7749 13209
7758 3973
7758 10416
7762 5190
7762 8018
7762 8518
7762 9084
7762 9107
7762 9808
7762 9990
7762 10823
7762 11537
7762 13209
7768 440
7768 523
7768 716
7768 2012
7768 3152
7768 4488
7768 5190
7768 5635
7768 5714
7768 5851
7768 6136
7768 6176
7768 6543
7768 6544
7768 6545
7768 6552
7768 6581
7768 7143
7768 7366
7768 8092
7768 8136
7768 8502
7768 8514
7768 8518
7768 8591
7768 8901
7768 8960
7768 9084
7768 9164
7768 9220
7768 9226
7768 9468
7768 9584
7768 9812
7768 9913
7768 10416
7768 10582
7768 10823
7768 11338
7768 11523
7768 11524
7768 11537
7768 12011
7768 13007
7768 13209
7771 10416
7794 10416
7816 10416
7822 10416
7825 10416
7827 3152
7827 5851
7827 6543
7827 6552
7827 6559
7827 6581
7827 7120
7827 7143
7827 8092
7827 8502
7827 8518
7827 8901
7827 9084
7827 9584
7827 9808
7827 10416
7827 11524
7827 11537
7827 12011
7827 13007
7839 10416
7841 10416
7843 440
7843 477
7843 2070
7843 5190
7843 5635
7843 5714
7843 5851
7843 6136
7843 8092
7843 8136
7843 8502
7843 8518
7843 8591
7843 8901
7843 8915
7843 9084
7843 9107
7843 9164
7843 9220
7843 9808
7843 10416
7843 10823
7843 11338
7843 11465
7843 11524
7843 11537
7843 12011
7843 12770
7843 13007
7843 13209
7849 2070
7849 5190
7849 5714
7849 5851
7849 6136
7849 6176
7849 6544
7849 7467
7849 8092
7849 8099
7849 8518
7849 9084
7849 9468
7849 9837
7849 9990
7849 10416
7849 11537
7849 12011
7849 12766
7849 13209
7863 440
7863 2070
7863 3152
7863 5190
7863 5635
7863 6136
7863 6176
7863 6543
7863 6544
7863 6552
7863 7413
7863 8136
7863 8502
7863 8518
7863 8915
7863 8960
7863 9084
7863 9107
7863 9122
7863 9164
7863 9226
7863 9578
7863 9808
7863 10416
7863 10823
7863 11338
7863 11465
7863 11537
7863 12011
7863 13007
7863 13209
7868 10416
7882 10416
7915 9808
7915 10416
7919 10416
7959 440
7959 477
7959 523
7959 562
7959 596
7959 716
7959 1315
7959 2070
7959 2256
7959 2273
7959 3152
7959 4488
7959 5190
7959 5635
7959 5714
7959 5851
7959 5864
7959 6136
7959 6176
7959 6543
7959 6544
7959 6545
7959 6552
7959 6559
7959 6581
7959 7120
7959 7143
7959 7413
7959 7433
7959 8092
7959 8136
7959 8381
7959 8502
7959 8514
7959 8518
7959 8542
7959 8591
7959 8867
7959 8901
7959 8960
7959 9084
7959 9107
7959 9122
7959 9164
7959 9220
7959 9226
7959 9239
7959 9808
7959 9812
7959 9837
7959 10416
7959 10582
7959 10823
7959 11338
7959 11522
7959 11523
7959 11524
7959 11533
7959 11537
7959 12011
7959 12770
7959 12918
7959 13007
7959 13209
7960 440
7960 2256
7960 5635
7960 5714
7960 6136
7960 6176
7960 6543
7960 6544
7960 6581
7960 8092
7960 8136
7960 8502
7960 8901
7960 9084
7960 9220
7960 9808
7960 10416
7960 11338
7960 11537
7960 12770
7960 13007
7960 13209
7992 10416
8002 10416
8011 8502
8011 9808
8011 10416
8011 10823
8012 10416
8021 5851
8021 10416
8021 11537
8026 10416
8031 10416
8036 10416
8044 10416
8054 10416
8100 10416
8116 10416
8140 440
8140 477
8140 2012
8140 2197
8140 2256
8140 3152
8140 4495
8140 5190
8140 5635
8140 5714
8140 6136
8140 6176
8140 6543
8140 6544
8140 6545
8140 6552
8140 6559
8140 6581
8140 7366
8140 7413
8140 8092
8140 8136
8140 8502
8140 8518
8140 8591
8140 8901
8140 8960
8140 9084
8140 9220
8140 9808
8140 10823
8140 11338
8140 11465
8140 11524
8140 11537
8140 12011
8140 13007
8140 13209
8145 10416
8167 172
8167 440
8167 477
8167 716
8167 1315
8167 2012
8167 2070
8167 2197
8167 2256
8167 2966
8167 3152
8167 5190
8167 5635
8167 5714
8167 5851
8167 6136
8167 6176
8167 6543
8167 6544
8167 6545
8167 6559
8167 6581
8167 7143
8167 7366
8167 7413
8167 8092
8167 8136
8167 8502
8167 8514
8167 8518
8167 8542
8167 8587
8167 8591
8167 8901
8167 8915
8167 8960
8167 9084
8167 9164
8167 9220
8167 9226
8167 9468
8167 9808
8167 9812
8167 10416
8167 10823
8167 11338
8167 11465
8167 11524
8167 11533
8167 11537
8167 12011
8167 13007
8167 13016
8167 13209
8169 10416
8172 10416
8175 10416
8192 10416
8209 10416
8212 10416
8217 440
8217 3152
8217 5190
8217 5635
8217 6136
8217 6176
8217 6543
8217 6544
8217 8092
8217 8136
8217 8502
8217 8518
8217 9084
8217 9107
8217 9164
8217 9220
8217 9226
8217 9578
8217 9584
8217 9808
8217 9913
8217 10416
8217 11338
8217 11465
8217 11524
8217 11537
8217 12011
8217 13007
8217 13209
8228 7467
8228 9808
8228 14356
8234 10416
8240 10416
8244 10416
8257 477
8257 716
8257 5190
8257 5635
8257 5714
8257 6136
8257 6176
8257 6544
8257 6581
8257 8092
8257 8136
8257 8502
8257 8901
8257 9084
8257 9808
8257 10416
8257 10823
8257 11524
8257 11537
8257 12011
8257 12910
8257 13209
8277 10416
8315 10416
8331 10416
8350 10416
8353 10416
8354 10416
8387 440
8387 2070
8387 3152
8387 5190
8387 5635
8387 5714
8387 5851
8387 6176
8387 6543
8387 6544
8387 6552
8387 8092
8387 8136
8387 8518
8387 9084
8387 9122
8387 9220
8387 9808
8387 9990
8387 10416
8387 11338
8387 11537
8387 12011
8387 13007
8387 13209
8403 10416
8415 10416
8429 10416
8448 477
8448 2012
8448 5190
8448 5635
8448 5714
8448 5851
8448 6543
8448 8136
8448 8518
8448 9808
8448 10416
8448 10823
8448 11338
8448 11537
8448 12910
8448 13007
8448 13209
8451 10416
8452 440
8452 477
8452 523
8452 716
8452 2012
8452 2070
8452 2256
8452 3152
8452 4488
8452 5190
8452 5635
8452 5714
8452 5851
8452 6136
8452 6176
8452 6543
8452 6544
8452 6545
8452 6552
8452 6581
8452 7120
8452 7366
8452 7413
8452 8092
8452 8136
8452 8502
8452 8514
8452 8518
8452 8591
8452 8901
8452 8960
8452 9084
8452 9107
8452 9122
8452 9220
8452 9239
8452 9584
8452 9808
8452 9812
8452 9837
8452 9913
8452 10416
8452 10823
8452 11338
8452 11465
8452 11524
8452 11537
8452 12011
8452 12770
8452 12910
8452 13007
8452 13209
8462 10416
8469 10416
8470 440
8470 477
8470 716
8470 2070
8470 2197
8470 2256
8470 2273
8470 3152
8470 4488
8470 5190
8470 5474
8470 5635
8470 5714
8470 5851
8470 6136
8470 6176
8470 6543
8470 6544
8470 6545
8470 6552
8470 6559
8470 6581
8470 7120
8470 7143
8470 7366
8470 7413
8470 7433
8470 8092
8470 8136
8470 8502
8470 8514
8470 8518
8470 8542
8470 8591
8470 8901
8470 8915
8470 8960
8470 9084
8470 9107
8470 9122
8470 9164
8470 9220
8470 9226
8470 9584
8470 9808
8470 9913
8470 10582
8470 10823
8470 11338
8470 11465
8470 11524
8470 11533
8470 11537
8470 12011
8470 12228
8470 12229
8470 12910
8470 12918
8470 13007
8470 13016
8470 13209
8470 13484
8474 10416
8476 5851
8476 10416
8476 11524
8479 440
8479 477
8479 2070
8479 3152
8479 5190
8479 5635
8479 5714
8479 5851
8479 6136
8479 6176
8479 6544
8479 6552
8479 6581
8479 8092
8479 8136
8479 8502
8479 8514
8479 8518
8479 8915
8479 9084
8479 9164
8479 9220
8479 9226
8479 9808
8479 10416
8479 10823
8479 11338
8479 11465
8479 11524
8479 11537
8479 12011
8479 13007
8479 13209
8480 10416
8486 10416
8486 12011
8488 10416
8491 10416
8492 440
8492 477
8492 523
8492 562
8492 571
8492 596
8492 716
8492 1315
8492 2012
8492 2070
8492 2197
8492 2256
8492 3152
8492 4488
8492 5190
8492 5474
8492 5635
8492 5714
8492 5851
8492 6136
8492 6176
8492 6543
8492 6544
8492 6545
8492 6552
8492 6559
8492 6581
8492 7120
8492 7143
8492 7366
8492 7413
8492 7433
8492 8092
8492 8136
8492 8502
8492 8514
8492 8518
8492 8591
8492 8901
8492 8915
8492 8960
8492 9084
8492 9107
8492 9122
8492 9164
8492 9220
8492 9226
8492 9239
8492 9468
8492 9808
8492 9812
8492 9837
8492 10416
8492 10582
8492 10823
8492 11338
8492 11465
8492 11524
8492 11533
8492 11537
8492 12011
8492 12770
8492 13007
8492 13209
8506 10416
8528 10416
8543 477
8543 10416
8558 10416
8559 10416
8562 10416
8565 10416
8566 10416
8567 5851
8567 10416
8570 10416
8621 10416
8652 3152
8652 5190
8652 5851
8652 6176
8652 6544
8652 8518
8652 8901
8652 9084
8652 9107
8652 9990
8652 10416
8652 11338
8652 11537
8652 12011
8652 12770
8652 13209
8664 477
8664 2070
8664 3152
8664 5190
8664 5635
8664 5714
8664 5851
8664 6136
8664 6176
8664 6544
8664 8092
8664 8136
8664 8502
8664 8518
8664 8901
8664 8960
8664 9084
8664 9107
8664 9164
8664 9808
8664 9837
8664 9990
8664 10416
8664 11524
8664 11537
8664 12011
8664 12770
8664 13209
8667 440
8667 477
8667 596
8667 2070
8667 2256
8667 5190
8667 5635
8667 5714
8667 5851
8667 6136
8667 6544
8667 6552
8667 6581
8667 8136
8667 8502
8667 8518
8667 9084
8667 9164
8667 9226
8667 10416
8667 10823
8667 11524
8667 11537
8667 12011
8667 12770
8667 13007
8667 13209
8680 440
8680 477
8680 523
8680 562
8680 716
8680 2012
8680 2197
8680 3152
8680 4488
8680 5190
8680 5635
8680 5714
8680 5851
8680 6136
8680 6176
8680 6543
8680 6544
8680 6545
8680 6552
8680 6559
8680 6581
8680 7120
8680 7143
8680 7366
8680 7413
8680 7467
8680 8092
8680 8136
8680 8502
8680 8514
8680 8518
8680 8542
8680 8591
8680 8901
8680 8915
8680 8960
8680 9084
8680 9107
8680 9122
8680 9164
8680 9220
8680 9226
8680 9292
8680 9584
8680 9808
8680 9913
8680 10416
8680 10582
8680 10823
8680 11338
8680 11465
8680 11523
8680 11524
8680 11537
8680 12011
8680 12086
8680 12770
8680 12910
8680 13007
8680 13209
8684 10416
8685 10416
8697 440
8697 477
8697 4488
8697 5190
8697 5635
8697 5714
8697 5851
8697 6136
8697 6176
8697 6544
8697 6552
8697 6581
8697 7120
8697 7433
8697 7939
8697 8092
8697 8136
8697 8502
8697 8518
8697 8591
8697 8901
8697 8915
8697 8960
8697 9084
8697 9107
8697 9164
8697 9584
8697 9808
8697 10416
8697 10823
8697 11338
8697 11524
8697 11537
8697 12011
8697 12770
8697 12918
8697 13007
8697 13209
8698 10416
8698 12918
8700 10416
8701 10416
8705 10416
8717 10416
8721 10416
8747 10416
8748 172
8748 440
8748 477
8748 523
8748 562
8748 568
8748 716
8748 1315
8748 2012
8748 2070
8748 2197
8748 2220
8748 2256
8748 2966
8748 3152
8748 3818
8748 5190
8748 5633
8748 5635
8748 5714
8748 5851
8748 6136
8748 6176
8748 6543
8748 6544
8748 6545
8748 6559
8748 6581
8748 7120
8748 7143
8748 7366
8748 7413
8748 8092
8748 8136
8748 8502
8748 8514
8748 8518
8748 8542
8748 8587
8748 8591
8748 8901
8748 8915
8748 9084
8748 9164
8748 9220
8748 9226
8748 9468
8748 9584
8748 9808
8748 9812
8748 9837
8748 9913
8748 10416
8748 10582
8748 10823
8748 10918
8748 11338
8748 11465
8748 11524
8748 11533
8748 11537
8748 12011
8748 13007
8748 13016
8748 13209
8754 10416
8755 10416
8758 10416
8760 10416
8766 10416
8766 12011
8766 13007
8770 5635
8770 10416
8771 440
8771 5851
8771 10416
8772 10416
8776 10416
8777 10416
8780 440
8780 477
8780 523
8780 2070
8780 3152
8780 4483
8780 4488
8780 5190
8780 5635
8780 5714
8780 5851
8780 6136
8780 6176
8780 6543
8780 6544
8780 6552
8780 6581
8780 7143
8780 7413
8780 8092
8780 8136
8780 8502
8780 8514
8780 8518
8780 8591
8780 8901
8780 8960
8780 9084
8780 9107
8780 9122
8780 9164
8780 9220
8780 9226
8780 9584
8780 9808
8780 10416
8780 10823
8780 11338
8780 11524
8780 11537
8780 12011
8780 12770
8780 13007
8780 13209
8786 440
8786 477
8786 590
8786 716
8786 2070
8786 2197
8786 3152
8786 5190
8786 5635
8786 5714
8786 5851
8786 6136
8786 6176
8786 6543
8786 6544
8786 6581
8786 7120
8786 7413
8786 8092
8786 8136
8786 8502
8786 8518
8786 8901
8786 9084
8786 9107
8786 9122
8786 9164
8786 9226
8786 9808
8786 10416
8786 10823
8786 11338
8786 11524
8786 11537
8786 12011
8786 12770
8786 13007
8786 13209
8787 10416
8791 10416
8800 10416
8811 1315
8811 5635
8811 5851
8811 6176
8811 6544
8811 6559
8811 8092
8811 9164
8811 9220
8811 9584
8811 9808
8811 10416
8811 10582
8811 11465
8811 11523
8811 12011
8811 12918
8812 10416
8814 10416
8816 10416
8817 440
8817 445
8817 477
8817 562
8817 596
8817 716
8817 1315
8817 2012
8817 2070
8817 2197
8817 2256
8817 3152
8817 5190
8817 5635
8817 5714
8817 5851
8817 6136
8817 6176
8817 6543
8817 6544
8817 6545
8817 6552
8817 6559
8817 6581
8817 7143
8817 7413
8817 8092
8817 8136
8817 8502
8817 8514
8817 8518
8817 8542
8817 8587
8817 8591
8817 8901
8817 8915
8817 8960
8817 9084
8817 9220
8817 9226
8817 9468
8817 9584
8817 9808
8817 9812
8817 10416
8817 10582
8817 10823
8817 10918
8817 11338
8817 11465
8817 11524
8817 11533
8817 11537
8817 12011
8817 12910
8817 13007
8817 13186
8817 13209
8818 440
8818 477
8818 523
8818 596
8818 716
8818 2012
8818 2070
8818 2197
8818 2256
8818 3152
8818 4488
8818 5190
8818 5635
8818 5714
8818 5851
8818 6136
8818 6176
8818 6543
8818 6544
8818 6545
8818 6552
8818 6559
8818 6581
8818 7120
8818 7143
8818 7413
8818 7433
8818 8092
8818 8136
8818 8502
8818 8514
8818 8518
8818 8542
8818 8591
8818 8901
8818 8915
8818 8960
8818 9084
8818 9107
8818 9122
8818 9164
8818 9220
8818 9239
8818 9468
8818 9808
8818 9812
8818 9837
8818 9913
8818 10416
8818 10582
8818 10823
8818 11338
8818 11523
8818 11524
8818 11537
8818 11538
8818 12011
8818 12770
8818 12910
8818 13007
8818 13016
8818 13209
8834 440
8834 477
8834 591
8834 716
8834 2012
8834 2071
8834 2197
8834 2273
8834 3152
8834 4488
8834 5190
8834 5635
8834 5714
8834 5851
8834 5887
8834 6136
8834 6176
8834 6544
8834 6545
8834 6552
8834 6581
8834 7467
8834 8092
8834 8136
8834 8502
8834 8518
8834 8523
8834 8591
8834 8605
8834 9084
8834 9164
8834 9220
8834 9584
8834 9808
8834 9837
8834 9913
8834 9990
8834 10416
8834 10582
8834 10823
8834 11338
8834 11465
8834 11524
8834 11537
8834 12011
8834 12770
8834 12910
8834 13007
8834 13209
8849 10416
8862 10416
8874 10416
8880 10416
8885 10416
8886 10416
8898 10416
8914 10416
8924 10416
8930 10416
8966 440
8966 477
8966 523
8966 716
8966 2070
8966 2197
8966 2256
8966 3152
8966 4488
8966 5190
8966 5635
8966 5714
8966 5851
8966 6136
8966 6176
8966 6543
8966 6544
8966 6552
8966 6559
8966 6581
8966 7120
8966 7366
8966 7413
8966 8092
8966 8136
8966 8502
8966 8518
8966 8591
8966 8901
8966 8960
8966 9084
8966 9107
8966 9122
8966 9164
8966 9220
8966 9584
8966 9808
8966 9812
8966 9913
8966 10416
8966 10823
8966 11338
8966 11523
8966 11524
8966 11537
8966 11948
8966 12011
8966 12770
8966 13007
8966 13209
8972 10416
8974 10416
8985 10416
8992 10416
9047 10416
9050 10416
9162 10416
9177 440
9177 5190
9177 5851
9177 8092
9177 8136
9177 8518
9177 9084
9177 9808
9177 9990
9177 10416
9177 11338
9177 11524
9177 11537
9177 12011
9177 13007
9177 13209
9178 10416
9202 716
9202 3152
9202 5190
9202 5714
9202 8092
9202 8136
9202 8518
9202 9990
9202 10416
9202 11338
9202 11537
9202 12011
9202 12770
9202 13209
9221 10416
9223 10416
9230 440
9230 477
9230 2256
9230 2273
9230 3152
9230 4488
9230 5190
9230 5635
9230 5714
9230 6136
9230 6176
9230 6543
9230 6544
9230 6581
9230 7143
9230 8092
9230 8136
9230 8591
9230 8901
9230 9084
9230 9164
9230 9220
9230 9584
9230 9808
9230 10416
9230 10582
9230 10823
9230 11338
9230 11537
9230 12011
9230 12770
9236 440
9236 2070
9236 3152
9236 4488
9236 5190
9236 5635
9236 5714
9236 5851
9236 6136
9236 6543
9236 6544
9236 6552
9236 6581
9236 7120
9236 7143
9236 7413
9236 8092
9236 8136
9236 8518
9236 8591
9236 8901
9236 9084
9236 9107
9236 9164
9236 9808
9236 10416
9236 10823
9236 11338
9236 11465
9236 11524
9236 11537
9236 12011
9236 12770
9236 13007
9236 13209
9256 440
9256 477
9256 523
9256 716
9256 2012
9256 2070
9256 3152
9256 4488
9256 5635
9256 5714
9256 5851
9256 6136
9256 6176
9256 6543
9256 6544
9256 6545
9256 6552
9256 6559
9256 6581
9256 7143
9256 7413
9256 8092
9256 8136
9256 8502
9256 8518
9256 8591
9256 8901
9256 8960
9256 9084
9256 9107
9256 9164
9256 9812
9256 9913
9256 10582
9256 10823
9256 11338
9256 11465
9256 11537
9256 12011
9256 12770
9256 12910
9256 13007
9256 13209
9259 10416
9260 440
9260 477
9260 523
9260 716
9260 1315
9260 2012
9260 2070
9260 2197
9260 3152
9260 5190
9260 5635
9260 5714
9260 6136
9260 6176
9260 6543
9260 6544
9260 6545
9260 6552
9260 6559
9260 6581
9260 7143
9260 7413
9260 7769
9260 8092
9260 8136
9260 8502
9260 8518
9260 8591
9260 8901
9260 8915
9260 8960
9260 9079
9260 9084
9260 9107
9260 9220
9260 9226
9260 9468
9260 9584
9260 9808
9260 9812
9260 9913
9260 10416
9260 10582
9260 10823
9260 11338
9260 11465
9260 11524
9260 11537
9260 12011
9260 13007
9260 13209
9274 10416
9300 10416
9308 10416
9316 10416
9327 172
9327 440
9327 477
9327 579
9327 716
9327 2070
9327 2197
9327 3152
9327 5190
9327 5635
9327 5714
9327 5851
9327 6136
9327 6176
9327 6543
9327 6544
9327 7120
9327 7738
9327 8092
9327 8502
9327 8514
9327 8518
9327 8591
9327 8901
9327 9084
9327 9164
9327 9220
9327 9226
9327 9808
9327 10416
9327 10823
9327 11338
9327 11524
9327 11537
9327 12011
9327 13007
9327 13209
9328 10416
9332 440
9332 477
9332 523
9332 579
9332 716
9332 1315
9332 2012
9332 2197
9332 3152
9332 5190
9332 5635
9332 5714
9332 5851
9332 6136
9332 6176
9332 6543
9332 6544
9332 6545
9332 6552
9332 6559
9332 6581
9332 7120
9332 7143
9332 7413
9332 8092
9332 8136
9332 8502
9332 8514
9332 8518
9332 8542
9332 8587
9332 8591
9332 8901
9332 8915
9332 8960
9332 9084
9332 9164
9332 9220
9332 9584
9332 9808
9332 9812
9332 9837
9332 9913
9332 10416
9332 10582
9332 10823
9332 11338
9332 11465
9332 11524
9332 11537
9332 12011
9332 13007
9332 13016
9332 13209
9333 10416
9341 10416
9379 10416
9387 440
9387 477
9387 523
9387 579
9387 2070
9387 3152
9387 5190
9387 5635
9387 5714
9387 5851
9387 6136
9387 6176
9387 6543
9387 6544
9387 6552
9387 6581
9387 7120
9387 8092
9387 8136
9387 8502
9387 8514
9387 8518
9387 8591
9387 8901
9387 9084
9387 9107
9387 9122
9387 9164
9387 9220
9387 9584
9387 9808
9387 10416
9387 10823
9387 11338
9387 11524
9387 11537
9387 12011
9387 12770
9387 13007
9387 13016
9387 13209
9389 10416
9393 10416
9394 10416
9431 10416
9434 10416
9444 10416
9453 10416
9454 10416
9455 10416
9456 8901
9456 10416
9457 10416
9467 3152
9467 5190
9467 8092
9467 8518
9467 9084
9467 9990
9467 10416
9467 11338
9467 11537
9467 12011
9467 13007
9467 13209
9488 2012
9488 3152
9488 5190
9488 6544
9488 8591
9488 9084
9488 9808
9488 9990
9488 10416
9488 10823
9488 11537
9488 12011
9488 13209
9509 10416
9514 10416
9525 10416
9541 10416
9546 477
9546 2070
9546 5190
9546 5635
9546 5851
9546 6136
9546 6176
9546 6543
9546 6544
9546 8092
9546 8136
9546 8518
9546 9084
9546 9808
9546 9990
9546 10416
9546 11537
9546 12011
9546 13209
9563 10416
9570 477
9570 716
9570 2071
9570 3152
9570 5190
9570 5635
9570 5851
9570 6136
9570 6176
9570 6544
9570 6581
9570 8092
9570 8136
9570 8518
9570 9084
9570 9107
9570 9164
9570 9468
9570 9808
9570 9837
9570 10416
9570 11338
9570 11524
9570 11537
9570 12011
9570 12770
9570 13007
9570 13209
9571 10416
9589 440
9589 477
9589 2012
9589 3152
9589 4488
9589 5190
9589 5635
9589 5714
9589 5851
9589 6136
9589 6176
9589 6543
9589 6544
9589 6552
9589 6559
9589 6579
9589 6581
9589 7143
9589 7413
9589 8092
9589 8502
9589 8514
9589 8518
9589 8901
9589 8960
9589 9084
9589 9164
9589 9220
9589 9226
9589 9584
9589 9808
9589 9913
9589 10416
9589 10823
9589 11338
9589 11524
9589 11537
9589 12011
9589 13007
9589 13209
9590 10416
9590 11523
9603 477
9603 716
9603 2071
9603 3152
9603 5190
9603 5635
9603 5851
9603 6136
9603 6176
9603 6543
9603 6544
9603 8092
9603 8136
9603 8960
9603 9084
9603 9164
9603 9808
9603 9837
9603 9990
9603 10416
9603 10823
9603 11338
9603 11537
9603 12011
9603 13007
9603 13209
9608 440
9608 477
9608 3152
9608 4488
9608 5190
9608 5635
9608 5714
9608 5851
9608 6136
9608 6543
9608 6544
9608 6552
9608 8092
9608 8502
9608 8514
9608 9084
9608 9107
9608 9808
9608 10416
9608 10823
9608 11338
9608 11537
9608 12011
9608 13007
9608 13209
9611 10416
9612 716
9612 2012
9612 2071
9612 3152
9612 5190
9612 5635
9612 5851
9612 6136
9612 6176
9612 6544
9612 8092
9612 8136
9612 8518
9612 8591
9612 9084
9612 9107
9612 9164
9612 9808
9612 9837
9612 9990
9612 10416
9612 11338
9612 11537
9612 12011
9612 13007
9612 13209
9613 10416
9617 477
9617 2071
9617 5190
9617 5635
9617 5851
9617 6136
9617 6176
9617 8092
9617 8591
9617 9084
9617 9808
9617 10416
9617 11338
9617 11523
9617 11524
9617 11537
9617 12011
9617 12770
9617 13007
9617 13209
9633 10416
9645 2070
9645 5190
9645 5635
9645 6136
9645 6544
9645 8092
9645 8502
9645 8518
9645 8591
9645 9084
9645 9164
9645 10416
9645 11338
9645 11524
9645 11537
9645 12011
9645 13007
9645 13209
9646 10416
9653 716
9653 3152
9653 5190
9653 5635
9653 5851
9653 6136
9653 6176
9653 8092
9653 8136
9653 8502
9653 8518
9653 8591
9653 9084
9653 9122
9653 9164
9653 9808
9653 9837
9653 11338
9653 11524
9653 11537
9653 12011
9653 13007
9653 13209
9656 440
9656 477
9656 2070
9656 2273
9656 3152
9656 4488
9656 5190
9656 5635
9656 5714
9656 5851
9656 6136
9656 6176
9656 6543
9656 6552
9656 6581
9656 7143
9656 8092
9656 8502
9656 8518
9656 8901
9656 9084
9656 9107
9656 9122
9656 9164
9656 9220
9656 9584
9656 9808
9656 10416
9656 10823
9656 11338
9656 11524
9656 11537
9656 12011
9656 12770
9656 13007
9656 13209
9662 440
9662 716
9662 2012
9662 2070
9662 3973
9662 5190
9662 5474
9662 5635
9662 5714
9662 5851
9662 6136
9662 6176
9662 6543
9662 6544
9662 6581
9662 7120
9662 8092
9662 8136
9662 8502
9662 8901
9662 9084
9662 9164
9662 9220
9662 9578
9662 9808
9662 10416
9662 10823
9662 11338
9662 11465
9662 11524
9662 11537
9662 12011
9662 12770
9662 12910
9662 13007
9662 13209
9668 10416
9674 10416
9677 10416
9683 10416
9685 10416
9686 6581
9686 10416
9687 440
9687 477
9687 591
9687 716
9687 2197
9687 3152
9687 3818
9687 4483
9687 5190
9687 5635
9687 5714
9687 5851
9687 6136
9687 6176
9687 6544
9687 6552
9687 6581
9687 8092
9687 8136
9687 8502
9687 8518
9687 8587
9687 8591
9687 8901
9687 8915
9687 9084
9687 9164
9687 9226
9687 9808
9687 9837
9687 9913
9687 10416
9687 10823
9687 11338
9687 11465
9687 11520
9687 11524
9687 11537
9687 12011
9687 12914
9687 13209
9725 10416
9727 10416
9731 10416
9732 10416
9735 10416
9738 440
9738 477
9738 2070
9738 3152
9738 5190
9738 5635
9738 5851
9738 6136
9738 6176
9738 6543
9738 6544
9738 6559
9738 6581
9738 7738
9738 8092
9738 8136
9738 8502
9738 8518
9738 8591
9738 8901
9738 8960
9738 9084
9738 9107
9738 9122
9738 9164
9738 9220
9738 9584
9738 9808
9738 10416
9738 10823
9738 11338
9738 11465
9738 11537
9738 12011
9738 13007
9738 13209
9751 440
9751 716
9751 2070
9751 3152
9751 5190
9751 5635
9751 5714
9751 5851
9751 6136
9751 6176
9751 6543
9751 6544
9751 6552
9751 6581
9751 7120
9751 7143
9751 7704
9751 8092
9751 8136
9751 8502
9751 8518
9751 8901
9751 9084
9751 9107
9751 9164
9751 9220
9751 9584
9751 9808
9751 10416
9751 11523
9751 11524
9751 11537
9751 12011
9751 12770
9751 13007
9751 13209
9774 440
9774 477
9774 716
9774 2256
9774 3152
9774 5190
9774 5635
9774 5714
9774 5851
9774 6136
9774 6176
9774 6544
9774 6545
9774 6552
9774 6581
9774 7120
9774 8092
9774 8136
9774 8502
9774 8514
9774 8518
9774 8591
9774 8901
9774 8915
9774 8960
9774 9084
9774 9107
9774 9164
9774 9220
9774 9226
9774 9584
9774 9808
9774 10416
9774 10582
9774 10823
9774 11338
9774 11465
9774 11524
9774 11537
9774 12011
9774 12770
9774 13007
9774 13209
9784 440
9784 477
9784 523
9784 716
9784 2012
9784 2070
9784 2197
9784 2256
9784 3152
9784 4488
9784 5190
9784 5635
9784 5714
9784 5851
9784 6136
9784 6176
9784 6543
9784 6544
9784 6545
9784 6552
9784 6581
9784 7120
9784 7143
9784 7413
9784 8092
9784 8136
9784 8502
9784 8514
9784 8518
9784 8591
9784 8901
9784 8915
9784 8960
9784 9084
9784 9107
9784 9122
9784 9164
9784 9220
9784 9468
9784 9808
9784 9837
9784 9913
9784 10416
9784 10582
9784 10823
9784 11338
9784 11465
9784 11524
9784 11533
9784 11537
9784 12011
9784 12770
9784 13007
9784 13209
9796 9808
9796 10416
9798 10416
9801 10416
9828 10416
9832 10416
9841 10416
9844 10416
9852 10416
9887 440
9887 477
9887 523
9887 579
9887 716
9887 2012
9887 2197
9887 2220
9887 3152
9887 5190
9887 5635
9887 5714
9887 5851
9887 6136
9887 6176
9887 6543
9887 6544
9887 6552
9887 6559
9887 6581
9887 7120
9887 7143
9887 7413
9887 8092
9887 8136
9887 8502
9887 8514
9887 8518
9887 8542
9887 8587
9887 8591
9887 8901
9887 9084
9887 9164
9887 9220
9887 9226
9887 9468
9887 9584
9887 9808
9887 10416
9887 10582
9887 10823
9887 11338
9887 11523
9887 11524
9887 11537
9887 12011
9887 13007
9887 13209
9892 10416
9893 10416
9911 10416
9933 10416
9946 440
9946 477
9946 523
9946 579
9946 716
9946 2070
9946 2256
9946 3152
9946 4488
9946 5190
9946 5635
9946 5714
9946 5851
9946 6136
9946 6176
9946 6543
9946 6544
9946 6545
9946 6552
9946 6559
9946 6581
9946 7120
9946 7143
9946 7366
9946 7413
9946 8092
9946 8136
9946 8502
9946 8514
9946 8518
9946 8542
9946 8591
9946 8901
9946 9084
9946 9107
9946 9122
9946 9164
9946 9220
9946 9239
9946 9578
9946 9808
9946 10416
9946 10582
9946 10823
9946 11338
9946 11524
9946 11533
9946 11537
9946 12011
9946 12770
9946 13007
9946 13209
9950 10416
9956 2070
9956 5190
9956 5635
9956 5714
9956 6136
9956 6544
9956 6581
9956 8092
9956 8502
9956 8518
9956 8901
9956 9084
9956 9808
9956 11524
9956 11537
9956 12011
9956 13209
9958 440
9958 477
9958 2256
9958 2273
9958 5190
9958 5635
9958 5851
9958 6136
9958 6176
9958 6543
9958 6552
9958 7413
9958 7738
9958 8092
9958 8136
9958 8502
9958 8518
9958 9084
9958 9220
9958 9263
9958 9808
9958 10823
9958 11338
9958 11524
9958 11537
9958 12011
9958 12770
9958 13007
9958 13209
9995 10416
10022 6544
10022 10416
10022 11948
10033 10416
10042 2012
10042 5190
10042 5851
10042 6136
10042 6176
10042 6544
10042 8092
10042 8518
10042 9084
10042 9808
10042 9990
10042 10416
10042 11338
10042 11537
10042 12011
10042 13007
10042 13209
10050 10416
10066 5190
10066 5851
10066 6176
10066 6544
10066 8136
10066 8518
10066 9084
10066 9808
10066 9990
10066 10416
10066 10823
10066 11338
10066 11537
10066 12011
10066 13007
10066 13209
10067 440
10067 477
10067 523
10067 562
10067 579
10067 716
10067 2012
10067 2070
10067 2197
10067 3152
10067 5190
10067 5635
10067 5714
10067 5851
10067 6136
10067 6176
10067 6543
10067 6544
10067 6545
10067 6552
10067 6559
10067 6581
10067 7120
10067 7143
10067 7413
10067 8092
10067 8136
10067 8502
10067 8514
10067 8518
10067 8542
10067 8587
10067 8591
10067 8901
10067 8960
10067 9084
10067 9164
10067 9220
10067 9226
10067 9584
10067 9808
10067 9812
10067 10416
10067 10582
10067 10823
10067 11338
10067 11523
10067 11524
10067 11533
10067 11537
10067 12011
10067 12910
10067 12918
10067 13007
10067 13016
10067 13209
10068 440
10068 477
10068 523
10068 2012
10068 2197
10068 2256
10068 3152
10068 5190
10068 5635
10068 5714
10068 5851
10068 6136
10068 6176
10068 6544
10068 6545
10068 6552
10068 6559
10068 6581
10068 7120
10068 7143
10068 7413
10068 7433
10068 7738
10068 8023
10068 8092
10068 8136
10068 8502
10068 8514
10068 8518
10068 8591
10068 8901
10068 9084
10068 9164
10068 9220
10068 9468
10068 9808
10068 10416
10068 10823
10068 11338
10068 11465
10068 11523
10068 11524
10068 11537
10068 12011
10068 12770
10068 12918
10068 13007
10068 13209
10074 440
10074 477
10074 523
10074 2197
10074 2256
10074 3152
10074 4488
10074 5190
10074 5635
10074 5714
10074 5851
10074 6136
10074 6176
10074 6543
10074 6544
10074 6552
10074 6581
10074 7143
10074 7366
10074 8092
10074 8502
10074 8514
10074 8518
10074 8523
10074 8591
10074 8901
10074 9084
10074 9164
10074 9220
10074 9226
10074 9808
10074 9913
10074 10416
10074 10823
10074 11338
10074 11537
10074 12011
10074 12770
10074 13007
10074 13209
10078 10416
10080 440
10080 477
10080 523
10080 716
10080 1315
10080 2012
10080 2070
10080 2197
10080 2256
10080 3152
10080 5190
10080 5635
10080 5714
10080 5851
10080 6136
10080 6176
10080 6544
10080 6545
10080 6552
10080 6559
10080 6581
10080 7143
10080 7413
10080 7433
10080 8023
10080 8092
10080 8136
10080 8502
10080 8514
10080 8518
10080 8542
10080 8587
10080 8591
10080 8901
10080 8915
10080 9084
10080 9122
10080 9220
10080 9468
10080 9584
10080 9808
10080 9812
10080 10416
10080 10582
10080 10823
10080 11338
10080 11465
10080 11524
10080 11537
10080 12011
10080 12910
10080 12918
10080 13007
10080 13209
10120 440
10120 477
10120 2070
10120 5190
10120 5635
10120 5714
10120 5851
10120 6136
10120 6176
10120 6543
10120 6544
10120 6552
10120 6581
10120 7774
10120 8092
10120 8136
10120 8502
10120 8514
10120 8518
10120 8901
10120 9084
10120 9107
10120 9220
10120 9584
10120 9808
10120 9913
10120 10416
10120 10823
10120 11338
10120 11524
10120 11537
10120 12011
10120 12770
10120 13007
10120 13209
10136 10416
10137 10416
10146 10416
10153 10416
10155 10416
10159 10416
10160 10416
10166 440
10166 477
10166 523
10166 591
10166 716
10166 2012
10166 2023
10166 2070
10166 2197
10166 2256
10166 3152
10166 4483
10166 4488
10166 4529
10166 5190
10166 5635
10166 5714
10166 5851
10166 6136
10166 6176
10166 6543
10166 6544
10166 6545
10166 6552
10166 6559
10166 6581
10166 7120
10166 7143
10166 7413
10166 7433
10166 8092
10166 8136
10166 8502
10166 8514
10166 8518
10166 8591
10166 8901
10166 8915
10166 8960
10166 9084
10166 9107
10166 9122
10166 9164
10166 9220
10166 9226
10166 9239
10166 9292
10166 9578
10166 9808
10166 9812
10166 9837
10166 9913
10166 10416
10166 10582
10166 10823
10166 11338
10166 11465
10166 11523
10166 11524
10166 11533
10166 11537
10166 12011
10166 12770
10166 12910
10166 12918
10166 13007
10166 13016
10166 13209
10170 440
10170 477
10170 5190
10170 5714
10170 5851
10170 6544
10170 8092
10170 9084
10170 9107
10170 9164
10170 9220
10170 9584
10170 9808
10170 10416
10170 11524
10170 11537
10170 12011
10170 13007
10179 10416
10189 10416
10192 10416
10197 10416
10200 10416
10205 10416
10216 10416
10218 10416
10224 10416
10229 3152
10229 5190
10229 5635
10229 5714
10229 5851
10229 6136
10229 8092
10229 8518
10229 8901
10229 9084
10229 9107
10229 9808
10229 10416
10229 11338
10229 11524
10229 11537
10229 12011
10229 13007
10229 13209
10231 10416
10247 10416
10259 10416
10261 8591
10270 2012
10270 4488
10270 6559
10270 7143
10270 7413
10270 8502
10270 8591
10270 8901
10270 9164
10270 9220
10270 9584
10270 9808
10270 9812
10270 10416
10270 10582
10270 10823
10270 11338
10270 11465
10270 11523
10270 12011
10275 10416
10277 10416
10286 10416
10291 10416
10294 10416
10297 10416
10301 2012
10301 3152
10301 5190
10301 5635
10301 5714
10301 6136
10301 6176
10301 6552
10301 8092
10301 8518
10301 9084
10301 9164
10301 9808
10301 10416
10301 11338
10301 11537
10301 13007
10319 10416
10320 10416
10345 10416
10355 10416
10359 440
10359 5190
10359 5635
10359 6176
10359 6543
10359 6544
10359 6581
10359 9084
10359 9220
10359 10416
10359 10582
10359 12011
10359 13209
10407 10416
10429 10416
10432 10416
10433 10416
10444 10416
10457 10416
10461 10416
10466 440
10466 477
10466 716
10466 1315
10466 2012
10466 2197
10466 2256
10466 3152
10466 5190
10466 5635
10466 5714
10466 5851
10466 6136
10466 6176
10466 6543
10466 6544
10466 6545
10466 6552
10466 6559
10466 6581
10466 7143
10466 7413
10466 8092
10466 8136
10466 8502
10466 8514
10466 8518
10466 8542
10466 8591
10466 8901
10466 8915
10466 9084
10466 9122
10466 9220
10466 9226
10466 9263
10466 9468
10466 9808
10466 9812
10466 9837
10466 9913
10466 10416
10466 10582
10466 10823
10466 11338
10466 11465
10466 11524
10466 11533
10466 11537
10466 12011
10466 12918
10466 13007
10466 13016
10466 13209
10467 10416
10471 10416
10473 477
10473 716
10473 5635
10473 5714
10473 5851
10473 6176
10473 6544
10473 6545
10473 6559
10473 6581
10473 8092
10473 9084
10473 9107
10473 9837
10473 10823
10473 11524
10473 11537
10473 13007
10473 13209
10477 440
10477 477
10477 2070
10477 5190
10477 5635
10477 5714
10477 5851
10477 6136
10477 6544
10477 6552
10477 6581
10477 7738
10477 8092
10477 8136
10477 8518
10477 8901
10477 9084
10477 9226
10477 9808
10477 10416
10477 11338
10477 11524
10477 11537
10477 12011
10477 13007
10481 440
10481 477
10481 716
10481 3152
10481 5714
10481 5851
10481 6176
10481 6559
10481 7120
10481 7143
10481 8092
10481 8502
10481 8518
10481 8591
10481 8901
10481 9084
10481 9220
10481 9226
10481 9808
10481 10582
10481 10823
10481 11338
10481 11465
10481 11524
10481 11537
10481 12011
10481 13007
10481 13209
10483 10416
10495 10416
10504 10416
10518 440
10518 477
10518 523
10518 716
10518 2070
10518 2197
10518 3152
10518 3973
10518 5190
10518 5635
10518 5714
10518 5851
10518 6136
10518 6176
10518 6543
10518 6544
10518 6545
10518 6552
10518 6581
10518 7030
10518 7120
10518 7413
10518 8092
10518 8136
10518 8502
10518 8514
10518 8518
10518 8542
10518 8591
10518 8901
10518 8915
10518 9084
10518 9164
10518 9220
10518 9226
10518 9468
10518 9584
10518 9808
10518 9837
10518 9913
10518 10416
10518 10582
10518 10823
10518 11338
10518 11524
10518 11533
10518 11537
10518 12011
10518 12766
10518 13007
10518 13209
10534 10416
10547 10416
10566 10416
10571 10416
10574 10416
10585 10416
10590 10416
10592 5474
10592 10416
10592 11338
10600 10416
10616 10416
10620 10416
10621 440
10621 8092
10621 9808
10621 9990
10621 10416
10621 12011
10624 10416
10626 10416
10629 10416
10636 10416
10638 10416
10646 440
10646 477
10646 716
10646 2012
10646 2070
10646 2256
10646 3152
10646 3973
10646 5190
10646 5474
10646 5635
10646 5851
10646 6136
10646 6543
10646 6544
10646 6552
10646 6559
10646 6581
10646 8092
10646 8136
10646 8502
10646 8514
10646 8518
10646 9084
10646 9220
10646 9578
10646 9808
10646 10416
10646 11338
10646 11465
10646 11524
10646 11537
10646 12011
10646 12770
10646 13007
10646 13209
10650 10416
10656 10416
10662 440
10662 477
10662 523
10662 716
10662 2012
10662 2070
10662 2197
10662 3152
10662 4483
10662 5190
10662 5635
10662 5714
10662 5851
10662 6136
10662 6544
10662 6552
10662 6581
10662 7120
10662 7143
10662 7413
10662 8092
10662 8136
10662 8502
10662 8514
10662 8518
10662 8591
10662 8867
10662 8901
10662 9084
10662 9226
10662 9584
10662 9808
10662 9837
10662 10416
10662 10582
10662 10823
10662 11338
10662 11465
10662 11524
10662 11537
10662 12011
10662 13007
10662 13209
10663 440
10663 477
10663 3152
10663 5190
10663 5635
10663 5714
10663 5851
10663 6176
10663 6544
10663 8092
10663 8136
10663 8502
10663 8518
10663 9808
10663 10416
10663 11524
10663 11537
10663 12011
10663 13209
10670 172
10670 440
10670 477
10670 562
10670 2197
10670 3152
10670 5190
10670 5635
10670 5714
10670 5851
10670 6136
10670 6176
10670 6543
10670 6544
10670 6581
10670 7120
10670 7143
10670 8092
10670 8136
10670 8518
10670 8591
10670 8867
10670 8901
10670 9084
10670 9164
10670 9220
10670 9584
10670 9808
10670 9837
10670 9913
10670 10416
10670 10823
10670 11338
10670 11465
10670 11524
10670 11537
10670 12011
10670 13007
10670 13209
10673 10416
10676 440
10676 477
10676 523
10676 2070
10676 2256
10676 3152
10676 5635
10676 5714
10676 6136
10676 6544
10676 6545
10676 6552
10676 6581
10676 7366
10676 7413
10676 8092
10676 8502
10676 8518
10676 8901
10676 9084
10676 9107
10676 9164
10676 9220
10676 9808
10676 9812
10676 10416
10676 11338
10676 11465
10676 11537
10676 12011
10676 12770
10676 12910
10676 13007
10681 10416
10685 10416
10693 10416
10709 10416
10724 440
10724 477
10724 523
10724 716
10724 2012
10724 3152
10724 5190
10724 5635
10724 5714
10724 5851
10724 6136
10724 6176
10724 6543
10724 6544
10724 6545
10724 6552
10724 6581
10724 8092
10724 8502
10724 8518
10724 8542
10724 8587
10724 8591
10724 8901
10724 9084
10724 9164
10724 9220
10724 9263
10724 9808
10724 9812
10724 10416
10724 10823
10724 11338
10724 11524
10724 11537
10724 12011
10724 13007
10724 13209
10727 440
10727 477
10727 2070
10727 3152
10727 5190
10727 5635
10727 5851
10727 6136
10727 6176
10727 6544
10727 6552
10727 8092
10727 8518
10727 9084
10727 9164
10727 9808
10727 10416
10727 10823
10727 11338
10727 11537
10727 12011
10727 13007
10727 13209
10728 10416
10729 10416
10731 5190
10731 5635
10731 6136
10731 6544
10731 6552
10731 8092
10731 8502
10731 8518
10731 9084
10731 9164
10731 9808
10731 10416
10731 11338
10731 11524
10731 11537
10731 12011
10731 13007
10731 13209
10732 10416
10767 10416
10778 10416
10782 10416
10783 10416
10785 440
10785 477
10785 2256
10785 5635
10785 5714
10785 5851
10785 6136
10785 6544
10785 6552
10785 6581
10785 8092
10785 8136
10785 8502
10785 8518
10785 8901
10785 9084
10785 9164
10785 9220
10785 9226
10785 10416
10785 10823
10785 11524
10785 11537
10785 12011
10785 13007
10785 13209
10794 9808
10794 10416
10794 11338
10798 10416
10802 10416
10806 9084
10806 10416
10809 172
10809 440
10809 477
10809 1315
10809 2197
10809 5190
10809 5635
10809 5714
10809 5851
10809 6136
10809 6176
10809 6544
10809 6545
10809 6581
10809 7120
10809 7143
10809 7413
10809 7433
10809 7738
10809 8092
10809 8502
10809 8518
10809 8591
10809 8901
10809 9084
10809 9226
10809 9584
10809 9808
10809 9812
10809 10416
10809 10823
10809 11524
10809 11537
10809 12011
10809 12910
10809 13007
10811 5635
10811 6552
10811 8092
10811 10416
10811 11341
10811 11524
10811 11599
10817 10416
10822 2070
10822 3152
10822 5190
10822 5635
10822 5714
10822 5851
10822 6063
10822 6176
10822 6544
10822 8092
10822 8518
10822 8901
10822 8960
10822 9084
10822 9808
10822 9990
10822 10317
10822 10416
10822 11338
10822 11537
10822 12011
10822 13209
10827 10416
10829 440
10829 1447
10829 2071
10829 3152
10829 3973
10829 5190
10829 5474
10829 5714
10829 5851
10829 6063
10829 6176
10829 6544
10829 7467
10829 8018
10829 8092
10829 8136
10829 8518
10829 9808
10829 9990
10829 11537
10829 12011
10829 12770
10829 13209
10865 10416
10866 10416
10869 10416
10872 477
10872 5635
10872 5851
10872 6136
10872 6544
10872 6552
10872 7413
10872 7738
10872 9084
10872 9808
10872 10416
10872 10823
10872 11338
10872 11465
10872 11524
10872 11537
10872 13007
10874 440
10874 477
10874 523
10874 2197
10874 3152
10874 5190
10874 5635
10874 5851
10874 6136
10874 6176
10874 6543
10874 6544
10874 6545
10874 6552
10874 7143
10874 7413
10874 8092
10874 8136
10874 8502
10874 8518
10874 8591
10874 8901
10874 8915
10874 8960
10874 9084
10874 9164
10874 9220
10874 9226
10874 9468
10874 9808
10874 9812
10874 10416
10874 10823
10874 11338
10874 11465
10874 11524
10874 11537
10874 12011
10874 12910
10874 13007
10874 13209
10877 10416
10878 5190
10878 6136
10878 6544
10878 8092
10878 8518
10878 9084
10878 9990
10878 10416
10878 10823
10878 11338
10878 11537
10878 12011
10878 13007
10878 13209
10884 2070
10884 3152
10884 5190
10884 5635
10884 5851
10884 6136
10884 6176
10884 6544
10884 6581
10884 8092
10884 8136
10884 8502
10884 8518
10884 8591
10884 9084
10884 9122
10884 9164
10884 9808
10884 9837
10884 10416
10884 11338
10884 11537
10884 12011
10884 12770
10884 13007
10884 13209
10902 5851
10903 10416
10904 440
10904 477
10904 523
10904 562
10904 716
10904 1315
10904 2012
10904 2023
10904 2070
10904 2197
10904 3152
10904 3818
10904 4488
10904 5190
10904 5635
10904 5714
10904 5851
10904 6136
10904 6176
10904 6543
10904 6544
10904 6545
10904 6552
10904 6559
10904 6581
10904 7143
10904 7413
10904 8092
10904 8136
10904 8502
10904 8514
10904 8518
10904 8542
10904 8587
10904 8591
10904 8901
10904 8915
10904 8960
10904 9084
10904 9122
10904 9220
10904 9578
10904 9584
10904 9808
10904 9812
10904 10582
10904 10823
10904 11338
10904 11465
10904 11524
10904 11533
10904 11537
10904 12011
10904 12084
10904 13007
10904 13209
10905 172
10905 477
10905 3973
10905 5474
10905 5635
10905 5851
10905 6176
10905 6543
10905 6545
10905 6581
10905 7120
10905 7143
10905 7413
10905 7433
10905 7738
10905 8502
10905 8518
10905 8591
10905 8901
10905 9468
10905 9808
10905 10416
10905 11338
10905 11465
10905 11524
10905 11537
10905 13016
10906 172
10906 440
10906 477
10906 523
10906 579
10906 716
10906 2012
10906 2197
10906 3152
10906 5190
10906 5635
10906 5714
10906 5851
10906 6136
10906 6176
10906 6543
10906 6544
10906 6545
10906 6559
10906 6581
10906 7120
10906 7143
10906 8092
10906 8136
10906 8502
10906 8514
10906 8518
10906 8587
10906 8591
10906 8867
10906 8901
10906 9084
10906 9164
10906 9220
10906 9226
10906 9584
10906 9837
10906 10416
10906 10582
10906 10823
10906 11338
10906 11465
10906 11524
10906 11537
10906 12011
10906 13007
10906 13016
10906 13018
10906 13209
10910 440
10910 477
10910 2197
10910 3152
10910 4488
10910 5190
10910 5635
10910 5851
10910 6136
10910 6176
10910 6544
10910 6552
10910 6581
10910 8092
10910 8502
10910 8514
10910 8518
10910 9084
10910 9164
10910 9220
10910 9226
10910 9584
10910 9808
10910 10416
10910 10823
10910 11338
10910 11537
10910 12011
10910 12770
10910 13007
10910 13209
10911 10416
10937 10416
10949 440
10949 477
10949 2012
10949 3152
10949 5190
10949 5635
10949 5851
10949 6136
10949 6176
10949 6543
10949 8092
10949 8502
10949 8518
10949 8901
10949 9084
10949 9164
10949 9220
10949 9808
10949 9837
10949 10416
10949 11338
10949 11537
10949 12011
10949 12770
10949 12910
10949 13007
10949 13209
10955 10416
10956 10416
10962 172
10962 440
10962 5190
10962 5635
10962 5851
10962 6176
10962 6544
10962 6581
10962 8092
10962 8502
10962 8591
10962 8901
10962 9084
10962 9107
10962 9164
10962 9220
10962 9808
10962 10416
10962 11338
10962 11465
10962 11524
10962 11537
10962 13007
10963 10416
10964 440
10964 477
10964 2070
10964 3152
10964 3973
10964 5635
10964 5714
10964 5851
10964 6136
10964 6176
10964 6543
10964 6544
10964 6545
10964 6552
10964 6581
10964 7120
10964 7143
10964 7366
10964 7413
10964 8092
10964 8136
10964 8502
10964 8518
10964 8901
10964 8960
10964 9084
10964 9164
10964 9220
10964 9808
10964 11524
10964 12011
10964 12910
10964 13007
10964 13016
10964 13209
10967 10416
10968 440
10968 477
10968 523
10968 716
10968 1315
10968 2012
10968 2070
10968 2197
10968 2256
10968 3152
10968 5190
10968 5635
10968 5714
10968 5851
10968 6136
10968 6176
10968 6543
10968 6544
10968 6545
10968 6552
10968 6581
10968 7120
10968 7143
10968 7413
10968 7433
10968 7738
10968 8092
10968 8136
10968 8502
10968 8518
10968 8587
10968 8591
10968 8901
10968 8915
10968 9084
10968 9122
10968 9220
10968 9226
10968 9468
10968 9808
10968 9837
10968 10823
10968 11338
10968 11523
10968 11524
10968 11537
10968 12011
10968 12918
10968 13007
10968 13209
10974 10416
10978 10416
10985 440
10985 477
10985 523
10985 562
10985 596
10985 716
10985 1315
10985 2012
10985 2197
10985 2220
10985 2256
10985 2966
10985 3152
10985 4488
10985 5190
10985 5635
10985 5714
10985 5851
10985 6136
10985 6176
10985 6543
10985 6544
10985 6545
10985 6552
10985 6559
10985 6581
10985 7120
10985 7143
10985 7366
10985 7413
10985 7433
10985 7774
10985 8092
10985 8136
10985 8502
10985 8514
10985 8518
10985 8542
10985 8587
10985 8591
10985 8901
10985 8915
10985 8960
10985 9084
10985 9107
10985 9220
10985 9226
10985 9468
10985 9808
10985 9812
10985 9837
10985 9913
10985 10416
10985 10543
10985 10582
10985 10823
10985 10918
10985 11338
10985 11465
10985 11523
10985 11524
10985 11533
10985 11537
10985 12011
10985 12910
10985 12918
10985 13007
10985 13016
10985 13209
10986 10416
10991 440
10991 477
10991 523
10991 568
10991 579
10991 716
10991 2012
10991 2070
10991 2197
10991 3152
10991 5190
10991 5635
10991 5714
10991 5851
10991 6136
10991 6176
10991 6543
10991 6544
10991 6545
10991 6552
10991 6559
10991 7120
10991 7143
10991 7366
10991 7413
10991 8092
10991 8136
10991 8502
10991 8514
10991 8518
10991 8542
10991 8591
10991 8901
10991 8915
10991 8960
10991 9084
10991 9122
10991 9164
10991 9220
10991 9584
10991 9808
10991 9812
10991 9913
10991 10416
10991 10582
10991 10823
10991 11338
10991 11524
10991 11533
10991 11537
10991 12011
10991 13007
10991 13209
10992 440
10992 477
10992 523
10992 716
10992 1315
10992 2012
10992 2197
10992 2256
10992 3152
10992 5635
10992 5714
10992 6136
10992 6176
10992 6543
10992 6545
10992 6552
10992 6581
10992 7413
10992 8092
10992 8136
10992 8502
10992 8514
10992 8518
10992 8591
10992 8901
10992 8915
10992 8960
10992 9084
10992 9220
10992 9226
10992 9468
10992 9808
10992 9812
10992 10416
10992 10823
10992 11338
10992 11465
10992 11524
10992 11537
10992 12011
10992 13007
10992 13209
11020 10416
11021 10416
11023 9084
11025 5190
11025 6544
11025 8092
11025 8502
11025 8518
11025 8901
11025 9808
11025 9990
11025 10416
11025 12011
11025 13209
11026 440
11026 5635
11026 5851
11026 6543
11026 6544
11026 8901
11026 9808
11026 10416
11026 11524
11026 11537
11026 12011
11027 172
11027 440
11027 477
11027 523
11027 716
11027 3152
11027 5190
11027 5635
11027 5714
11027 5851
11027 6136
11027 6176
11027 6543
11027 6544
11027 6581
11027 8092
11027 8136
11027 8502
11027 8514
11027 8518
11027 8901
11027 8915
11027 9084
11027 9107
11027 9164
11027 9226
11027 9808
11027 10416
11027 10823
11027 11338
11027 11465
11027 11523
11027 11524
11027 11537
11027 12011
11027 12918
11027 13007
11027 13209
11030 10416
11038 440
11038 477
11038 523
11038 2012
11038 2070
11038 3152
11038 4488
11038 5190
11038 5635
11038 5714
11038 5851
11038 6136
11038 6176
11038 6543
11038 6544
11038 6552
11038 6581
11038 7143
11038 8092
11038 8136
11038 8502
11038 8514
11038 8518
11038 8591
11038 8901
11038 8915
11038 9084
11038 9122
11038 9164
11038 9220
11038 9584
11038 9808
11038 9812
11038 10416
11038 10823
11038 11338
11038 11524
11038 11537
11038 12011
11038 13007
11038 13209
11039 5714
11039 5851
11039 6543
11039 6544
11039 8092
11039 9084
11039 9808
11039 9990
11039 10416
11039 11338
11039 12011
11039 13209
11044 10416
11045 9808
11049 440
11049 477
11049 523
11049 716
11049 2012
11049 2070
11049 2197
11049 2256
11049 3152
11049 4488
11049 5190
11049 5635
11049 5714
11049 5851
11049 6136
11049 6176
11049 6543
11049 6544
11049 6545
11049 6552
11049 6559
11049 6581
11049 7120
11049 7143
11049 7366
11049 7413
11049 7433
11049 8089
11049 8092
11049 8136
11049 8502
11049 8514
11049 8518
11049 8542
11049 8591
11049 8901
11049 8915
11049 8960
11049 9084
11049 9107
11049 9122
11049 9164
11049 9220
11049 9226
11049 9468
11049 9584
11049 9808
11049 9812
11049 9837
11049 9913
11049 10416
11049 10582
11049 10823
11049 11338
11049 11465
11049 11524
11049 11537
11049 12011
11049 12770
11049 12910
11049 12918
11049 13007
11049 13016
11049 13209
11052 579
11052 3152
11052 5190
11052 5635
11052 6136
11052 6176
11052 6544
11052 7120
11052 7413
11052 8092
11052 8518
11052 8901
11052 9220
11052 9584
11052 9808
11052 11524
11052 11537
11052 12011
11052 13209
11055 10416
11060 10416
11071 440
11071 477
11071 523
11071 579
11071 1315
11071 2012
11071 2023
11071 2197
11071 3152
11071 5190
11071 5635
11071 5714
11071 5851
11071 6136
11071 6176
11071 6544
11071 6545
11071 6552
11071 6559
11071 6581
11071 7120
11071 7143
11071 7413
11071 8092
11071 8136
11071 8502
11071 8514
11071 8518
11071 8587
11071 8867
11071 8901
11071 8960
11071 9084
11071 9107
11071 9164
11071 9220
11071 9584
11071 9808
11071 9812
11071 9837
11071 10416
11071 10582
11071 10823
11071 11338
11071 11523
11071 11524
11071 11537
11071 12011
11071 13007
11071 13016
11071 13209
11075 8518
11075 10416
11079 440
11079 477
11079 2070
11079 5190
11079 5635
11079 5851
11079 6176
11079 6544
11079 8092
11079 8136
11079 8518
11079 8960
11079 9084
11079 9164
11079 9808
11079 9837
11079 9990
11079 10416
11079 11338
11079 11524
11079 11537
11079 12011
11079 13007
11079 13209
11085 440
11085 2256
11085 5190
11085 5714
11085 5851
11085 6544
11085 6581
11085 8092
11085 8136
11085 8901
11085 9084
11085 9808
11085 10416
11085 10823
11085 11537
11085 13209
11097 10416
11102 440
11102 477
11102 523
11102 579
11102 596
11102 716
11102 2012
11102 2070
11102 2197
11102 2256
11102 3152
11102 5190
11102 5635
11102 5714
11102 5851
11102 6136
11102 6176
11102 6544
11102 6545
11102 6559
11102 6581
11102 7120
11102 7143
11102 7413
11102 8092
11102 8136
11102 8502
11102 8518
11102 8591
11102 8901
11102 8960
11102 9084
11102 9220
11102 9226
11102 9808
11102 10416
11102 10823
11102 11524
11102 11537
11102 12011
11102 13007
11102 13016
11102 13209
11103 440
11103 477
11103 523
11103 2070
11103 2197
11103 2256
11103 3152
11103 5190
11103 5635
11103 5714
11103 5851
11103 6136
11103 6176
11103 6543
11103 6544
11103 6545
11103 6552
11103 6581
11103 7143
11103 7413
11103 8092
11103 8136
11103 8502
11103 8518
11103 8542
11103 8591
11103 8901
11103 8960
11103 9084
11103 9107
11103 9220
11103 9226
11103 9468
11103 9584
11103 9808
11103 10823
11103 11338
11103 11465
11103 11523
11103 11524
11103 11537
11103 12011
11103 12910
11103 13007
11103 13209
11108 10416
11120 10416
11146 440
11146 477
11146 523
11146 716
11146 2012
11146 2197
11146 3152
11146 5190
11146 5635
11146 5714
11146 5851
11146 6136
11146 6176
11146 6543
11146 6544
11146 6545
11146 6552
11146 6581
11146 7120
11146 7143
11146 7413
11146 7433
11146 7738
11146 8092
11146 8136
11146 8502
11146 8514
11146 8518
11146 8587
11146 8591
11146 8901
11146 8915
11146 8960
11146 9084
11146 9107
11146 9164
11146 9220
11146 9226
11146 9808
11146 10416
11146 10823
11146 11465
11146 11524
11146 11537
11146 12011
11146 13007
11146 13209
11151 10416
11162 10416
11173 10416
11181 440
11181 477
11181 523
11181 2070
11181 2197
11181 2256
11181 3152
11181 5190
11181 5635
11181 5714
11181 5851
11181 6136
11181 6176
11181 6544
11181 6545
11181 6552
11181 6581
11181 7120
11181 7413
11181 8092
11181 8136
11181 8502
11181 8514
11181 8518
11181 8591
11181 8901
11181 9084
11181 9107
11181 9220
11181 9226
11181 9808
11181 9837
11181 10416
11181 10582
11181 10823
11181 11338
11181 11524
11181 11537
11181 12011
11181 13007
11181 13016
11181 13209
11182 440
11182 477
11182 579
11182 2197
11182 3152
11182 5635
11182 5714
11182 5851
11182 6176
11182 6544
11182 6552
11182 6559
11182 6581
11182 7120
11182 7366
11182 7367
11182 7413
11182 8092
11182 8502
11182 8514
11182 8518
11182 8591
11182 8901
11182 9084
11182 9220
11182 9584
11182 9808
11182 9812
11182 10416
11182 10582
11182 10823
11182 11338
11182 11465
11182 11524
11182 11537
11182 12011
11182 13007
11182 13209
11183 10416
11184 10416
11186 172
11186 440
11186 477
11186 523
11186 596
11186 2070
11186 3152
11186 5190
11186 5635
11186 5714
11186 5851
11186 6136
11186 6176
11186 6544
11186 6545
11186 6559
11186 6581
11186 7120
11186 7143
11186 7413
11186 7738
11186 8092
11186 8136
11186 8502
11186 8518
11186 8542
11186 8591
11186 8901
11186 8915
11186 9084
11186 9220
11186 9226
11186 9808
11186 9913
11186 10416
11186 10823
11186 11524
11186 11537
11186 12011
11186 13016
11186 13209
11186 14167
11241 5190
11241 5851
11241 6136
11241 8518
11241 9808
11241 9990
11241 10416
11241 11537
11241 12011
11241 13007
11241 13209
11243 1133
11243 3152
11243 3973
11243 5190
11243 5851
11243 6176
11243 6543
11243 6544
11243 6552
11243 8092
11243 8136
11243 8518
11243 9084
11243 9808
11243 9990
11243 10416
11243 11338
11243 11524
11243 11537
11243 12011
11243 13209
11251 10416
11253 10416
11278 10416
11280 440
11280 3152
11280 5190
11280 5635
11280 5714
11280 5851
11280 6063
11280 6176
11280 6544
11280 8092
11280 8518
11280 9084
11280 9164
11280 9990
11280 10416
11280 10823
11280 11338
11280 11524
11280 11537
11280 12011
11280 12770
11280 13007
11280 13209
11281 10416
11287 440
11287 477
11287 523
11287 2012
11287 2070
11287 2197
11287 3152
11287 5190
11287 5635
11287 5714
11287 5851
11287 6136
11287 6176
11287 6543
11287 6544
11287 6545
11287 6552
11287 6581
11287 7120
11287 7143
11287 7413
11287 8092
11287 8136
11287 8502
11287 8514
11287 8518
11287 8542
11287 8587
11287 8591
11287 8901
11287 9084
11287 9107
11287 9220
11287 9226
11287 9584
11287 9808
11287 9812
11287 9837
11287 10416
11287 10582
11287 10823
11287 11338
11287 11524
11287 11537
11287 12011
11287 13007
11287 13016
11287 13209
11288 10416
11292 440
11292 477
11292 2012
11292 2197
11292 3152
11292 5635
11292 5714
11292 5851
11292 6136
11292 6176
11292 6544
11292 6552
11292 6581
11292 7143
11292 7413
11292 8092
11292 8502
11292 8518
11292 8901
11292 8915
11292 8960
11292 9084
11292 9107
11292 9220
11292 9808
11292 9837
11292 9913
11292 10823
11292 11338
11292 11465
11292 11524
11292 11537
11292 12011
11292 12079
11292 13007
11293 10416
11296 440
11296 477
11296 523
11296 716
11296 1315
11296 2012
11296 2070
11296 2197
11296 2256
11296 2966
11296 3152
11296 5190
11296 5635
11296 5714
11296 5851
11296 6136
11296 6176
11296 6543
11296 6544
11296 6545
11296 6552
11296 6581
11296 7143
11296 7413
11296 8092
11296 8136
11296 8502
11296 8518
11296 8587
11296 8591
11296 8901
11296 8915
11296 8960
11296 9084
11296 9122
11296 9220
11296 9584
11296 9808
11296 10416
11296 10582
11296 10823
11296 10918
11296 11338
11296 11465
11296 11523
11296 11524
11296 11537
11296 12011
11296 13007
11296 13209
11297 440
11297 477
11297 3152
11297 3973
11297 5190
11297 5474
11297 5714
11297 5851
11297 6063
11297 6176
11297 6544
11297 8092
11297 8518
11297 8901
11297 9084
11297 9107
11297 9990
11297 10823
11297 11537
11297 12011
11297 12770
11297 13209
11298 10416
11306 10416
11311 10416
11314 10416
11334 440
11334 477
11334 716
11334 2012
11334 2070
11334 2197
11334 3152
11334 5190
11334 5635
11334 5714
11334 5851
11334 6136
11334 6176
11334 6544
11334 6545
11334 6552
11334 6559
11334 6581
11334 7120
11334 7143
11334 7413
11334 7738
11334 8092
11334 8136
11334 8502
11334 8514
11334 8518
11334 8542
11334 8587
11334 8591
11334 8901
11334 8915
11334 8960
11334 9084
11334 9122
11334 9220
11334 9808
11334 9913
11334 10416
11334 10823
11334 11338
11334 11465
11334 11524
11334 11537
11334 12011
11334 13007
11334 13016
11334 13209
11336 8591
11336 10416
11375 5851
11375 9084
11375 10416
11375 11524
11376 5851
11376 10416
11376 11524
11377 10416
11379 10416
11396 172
11396 440
11396 477
11396 716
11396 2012
11396 2197
11396 2256
11396 3152
11396 3973
11396 5190
11396 5474
11396 5635
11396 5714
11396 5851
11396 6136
11396 6176
11396 6544
11396 6581
11396 7120
11396 7366
11396 7413
11396 7433
11396 8092
11396 8136
11396 8502
11396 8518
11396 8901
11396 9084
11396 9164
11396 9220
11396 9226
11396 9808
11396 10416
11396 10823
11396 11338
11396 11465
11396 11524
11396 11537
11396 12011
11396 12770
11396 13007
11396 13209
11398 440
11398 477
11398 523
11398 562
11398 716
11398 2197
11398 3152
11398 4147
11398 5190
11398 5635
11398 5714
11398 5851
11398 6136
11398 6176
11398 6544
11398 7738
11398 8092
11398 8136
11398 8502
11398 8518
11398 9107
11398 9164
11398 9220
11398 9584
11398 9808
11398 9837
11398 10823
11398 11338
11398 11524
11398 11537
11398 12011
11398 12910
11398 13007
11398 13209
11399 440
11399 477
11399 523
11399 2012
11399 2070
11399 2197
11399 3152
11399 5190
11399 5635
11399 5714
11399 5851
11399 6136
11399 6176
11399 6544
11399 6545
11399 6552
11399 6559
11399 6581
11399 7120
11399 7143
11399 7413
11399 7433
11399 7738
11399 8092
11399 8136
11399 8502
11399 8514
11399 8518
11399 8542
11399 8591
11399 8901
11399 8915
11399 8960
11399 9084
11399 9220
11399 9584
11399 9808
11399 9812
11399 10416
11399 10582
11399 10823
11399 11338
11399 11524
11399 11537
11399 12011
11399 13007
11399 13016
11399 13209
11411 172
11411 477
11411 523
11411 3152
11411 5635
11411 5851
11411 6176
11411 6543
11411 7120
11411 7738
11411 8518
11411 8901
11411 9084
11411 10416
11411 10823
11411 11338
11411 11465
11411 11524
11411 11537
11411 12011
11412 10416
11413 477
11413 5635
11413 5851
11413 6176
11413 6544
11413 6552
11413 6581
11413 8092
11413 8136
11413 8502
11413 8518
11413 8901
11413 9084
11413 9107
11413 9808
11413 10416
11413 10823
11413 11524
11413 12011
11413 13007
11414 440
11414 477
11414 523
11414 2012
11414 2070
11414 2197
11414 3152
11414 5190
11414 5635
11414 5714
11414 5851
11414 6136
11414 6176
11414 6543
11414 6544
11414 6552
11414 6581
11414 7413
11414 8092
11414 8136
11414 8502
11414 8514
11414 8518
11414 8591
11414 8901
11414 9084
11414 9220
11414 9808
11414 10416
11414 10582
11414 10823
11414 11338
11414 11523
11414 11524
11414 11537
11414 12011
11414 13007
11414 13209
11415 440
11415 477
11415 5190
11415 5635
11415 5714
11415 6136
11415 6176
11415 6543
11415 6544
11415 6552
11415 6581
11415 7367
11415 7413
11415 8092
11415 8136
11415 8502
11415 8518
11415 8901
11415 8960
11415 9107
11415 9226
11415 9468
11415 9808
11415 10416
11415 10918
11415 11338
11415 11465
11415 11524
11415 11537
11415 13007
11415 13209
11419 10416
11424 10416
11426 10416
11427 2070
11427 3152
11427 3973
11427 5190
11427 5474
11427 5851
11427 7467
11427 8092
11427 8605
11427 9084
11427 9990
11427 10416
11427 11338
11427 11537
11427 12011
11427 13016
11427 13209
11438 5190
11438 9990
11438 10416
11438 11537
11444 172
11444 440
11444 477
11444 523
11444 2070
11444 3152
11444 5190
11444 5635
11444 5714
11444 5851
11444 6136
11444 6176
11444 6544
11444 6545
11444 6559
11444 6581
11444 7143
11444 7413
11444 8092
11444 8136
11444 8502
11444 8514
11444 8518
11444 8542
11444 8587
11444 8591
11444 8901
11444 9084
11444 9164
11444 9220
11444 9808
11444 10416
11444 10582
11444 10823
11444 11338
11444 11465
11444 11524
11444 11533
11444 11537
11444 12011
11444 12770
11444 12910
11444 13007
11444 13016
11444 13209
11445 10416
11446 477
11446 523
11446 2070
11446 2197
11446 3152
11446 4495
11446 5190
11446 5635
11446 5714
11446 6136
11446 6544
11446 6552
11446 6581
11446 7143
11446 8092
11446 8136
11446 8502
11446 8518
11446 8901
11446 9084
11446 9808
11446 9812
11446 10416
11446 10823
11446 11338
11446 11465
11446 11537
11446 12011
11446 13007
11446 13209
11447 440
11447 2256
11447 5190
11447 5635
11447 5851
11447 6176
11447 6544
11447 8092
11447 8502
11447 8518
11447 8591
11447 9164
11447 9808
11447 10416
11447 11537
11447 12011
11447 12770
11451 172
11451 440
11451 5635
11451 5714
11451 7143
11451 9220
11451 9808
11451 10416
11451 11537
11451 13209
11458 10416
11459 2012
11459 3152
11459 5190
11459 5851
11459 6176
11459 8136
11459 8502
11459 8518
11459 8591
11459 9084
11459 9164
11459 9990
11459 10416
11459 10823
11459 11338
11459 11537
11459 12011
11459 13007
11459 13209
11462 10416
11485 10416
11495 3152
11495 5190
11495 5635
11495 5851
11495 6544
11495 8136
11495 8605
11495 9084
11495 9808
11495 9990
11495 10416
11495 11338
11495 11523
11495 11537
11495 12011
11495 13007
11495 13209
11505 3152
11505 5190
11505 6552
11505 8518
11505 9084
11505 9808
11505 9990
11505 11524
11505 11537
11505 12011
11505 12770
11505 13209
11511 172
11511 440
11511 477
11511 523
11511 2012
11511 2023
11511 2197
11511 3152
11511 5190
11511 5635
11511 5714
11511 5851
11511 6136
11511 6176
11511 6543
11511 6544
11511 6559
11511 6581
11511 7120
11511 7143
11511 7413
11511 8092
11511 8502
11511 8518
11511 8587
11511 8591
11511 8901
11511 9084
11511 9220
11511 9584
11511 9808
11511 10416
11511 10582
11511 10823
11511 11338
11511 11465
11511 11524
11511 11533
11511 11537
11511 11948
11511 12011
11511 13007
11511 13016
11518 10416
11589 10416
11595 2070
11595 5190
11595 5635
11595 5714
11595 5851
11595 6543
11595 6544
11595 6552
11595 8502
11595 8518
11595 8960
11595 9084
11595 9122
11595 9808
11595 10416
11595 11338
11595 11524
11595 11537
11595 12011
11595 13007
11595 13209
11612 10416
11625 10416
11626 10416
11653 440
11653 477
11653 716
11653 2012
11653 2070
11653 3152
11653 5190
11653 5635
11653 5714
11653 5851
11653 6136
11653 6176
11653 6552
11653 7143
11653 8092
11653 8136
11653 8502
11653 8518
11653 8591
11653 9084
11653 9164
11653 9220
11653 9584
11653 9808
11653 9837
11653 10416
11653 10582
11653 10823
11653 11338
11653 11523
11653 11524
11653 11537
11653 12011
11653 13007
11653 13209
11664 10416
11666 440
11666 477
11666 523
11666 562
11666 716
11666 1089
11666 2012
11666 2070
11666 2197
11666 3152
11666 4483
11666 5190
11666 5635
11666 5714
11666 5851
11666 5864
11666 5887
11666 6136
11666 6543
11666 6544
11666 6545
11666 6552
11666 6559
11666 6581
11666 7143
11666 7366
11666 7413
11666 7738
11666 8092
11666 8136
11666 8178
11666 8381
11666 8502
11666 8514
11666 8518
11666 8591
11666 8901
11666 8915
11666 8960
11666 9084
11666 9107
11666 9122
11666 9164
11666 9220
11666 9226
11666 9468
11666 9584
11666 9808
11666 9913
11666 10416
11666 10543
11666 10582
11666 10823
11666 11338
11666 11465
11666 11524
11666 11537
11666 12011
11666 12770
11666 12918
11666 13007
11666 13209
11671 440
11671 3973
11671 5190
11671 5474
11671 5714
11671 5851
11671 6176
11671 8092
11671 8901
11671 9084
11671 9164
11671 9220
11671 10416
11671 11338
11671 11524
11671 11537
11671 12011
11671 13007
11677 10416
11679 10416
11680 440
11680 477
11680 523
11680 2012
11680 2197
11680 2966
11680 3152
11680 4495
11680 5190
11680 5635
11680 5851
11680 6136
11680 6176
11680 6543
11680 6545
11680 6552
11680 6559
11680 6581
11680 7143
11680 8092
11680 8136
11680 8502
11680 8514
11680 8518
11680 8542
11680 8591
11680 8901
11680 8960
11680 9084
11680 9107
11680 9220
11680 9468
11680 9584
11680 9913
11680 10416
11680 10823
11680 11338
11680 11465
11680 11524
11680 11537
11680 12011
11680 13007
11680 13209
11681 10416
11685 10416
11687 440
11687 477
11687 2070
11687 5190
11687 5635
11687 5714
11687 5851
11687 6136
11687 6176
11687 6552
11687 8092
11687 8136
11687 8502
11687 8518
11687 8901
11687 9084
11687 9808
11687 10416
11687 11524
11687 11537
11687 12011
11687 12770
11687 13209
11688 2070
11688 3152
11688 5190
11688 5635
11688 5851
11688 6136
11688 8092
11688 8502
11688 8518
11688 9084
11688 9107
11688 9808
11688 9837
11688 10416
11688 11338
11688 11537
11688 12011
11688 13007
11688 13209
11689 10416
11691 10416
11692 10416
11694 10416
11700 10416
11705 440
11705 477
11705 2012
11705 2070
11705 2256
11705 3152
11705 5190
11705 5635
11705 5714
11705 5851
11705 6544
11705 6552
11705 6581
11705 8092
11705 8502
11705 8518
11705 9084
11705 9107
11705 9122
11705 9220
11705 9468
11705 9584
11705 9808
11705 10416
11705 10823
11705 11338
11705 11537
11705 12770
11705 12910
11705 13007
11705 13209
11706 5635
11706 6544
11706 8518
11706 9084
11706 9808
11706 11338
11706 11524
11706 11537
11706 12011
11710 477
11710 3152
11710 5190
11710 5635
11710 5714
11710 6552
11710 7738
11710 8092
11710 8502
11710 8591
11710 8901
11710 9084
11710 9107
11710 9164
11710 9808
11710 11338
11710 11524
11710 11537
11710 12011
11710 13007
11713 172
11713 440
11713 477
11713 523
11713 716
11713 2197
11713 3152
11713 5190
11713 5635
11713 5714
11713 5851
11713 6136
11713 6176
11713 6543
11713 6544
11713 6545
11713 6581
11713 7120
11713 7413
11713 7433
11713 7738
11713 8092
11713 8136
11713 8502
11713 8514
11713 8518
11713 8591
11713 8901
11713 8915
11713 9084
11713 9220
11713 9837
11713 10416
11713 10823
11713 11338
11713 11465
11713 11523
11713 11524
11713 11537
11713 12011
11713 12918
11713 13007
11713 13209
11728 440
11728 477
11728 4488
11728 5190
11728 5635
11728 5714
11728 5851
11728 6136
11728 6176
11728 6544
11728 8092
11728 8502
11728 8518
11728 8901
11728 9084
11728 9107
11728 9164
11728 9220
11728 9808
11728 10416
11728 10582
11728 11338
11728 11524
11728 11537
11728 12011
11728 13007
11734 10416
11735 10416
11741 10416
11748 10416
11752 440
11752 477
11752 523
11752 579
11752 716
11752 1315
11752 2012
11752 2070
11752 2197
11752 2256
11752 3152
11752 5190
11752 5635
11752 5714
11752 5851
11752 6136
11752 6176
11752 6544
11752 6545
11752 6552
11752 6559
11752 6581
11752 7120
11752 7413
11752 7738
11752 8092
11752 8136
11752 8502
11752 8514
11752 8518
11752 8542
11752 8587
11752 8591
11752 8901
11752 8915
11752 8960
11752 9220
11752 9226
11752 9468
11752 9808
11752 10416
11752 10823
11752 11338
11752 11465
11752 11524
11752 11537
11752 12011
11752 13007
11752 13016
11752 13209
11754 10416
11755 440
11755 477
11755 523
11755 716
11755 1315
11755 2012
11755 2070
11755 2197
11755 2256
11755 3152
11755 5190
11755 5635
11755 5714
11755 5851
11755 6136
11755 6176
11755 6544
11755 6545
11755 6552
11755 6559
11755 6581
11755 7120
11755 7143
11755 7413
11755 7433
11755 7738
11755 8092
11755 8136
11755 8502
11755 8514
11755 8518
11755 8591
11755 8901
11755 8915
11755 9084
11755 9164
11755 9220
11755 9226
11755 9239
11755 9468
11755 9584
11755 9808
11755 9812
11755 10416
11755 10823
11755 11338
11755 11524
11755 11533
11755 11537
11755 12011
11755 12910
11755 13007
11755 13016
11755 13209
11766 10416
11776 10416
11779 10416
11790 10416
11797 10416
11800 10416
11805 440
11805 477
11805 523
11805 716
11805 2012
11805 2070
11805 2197
11805 3152
11805 4488
11805 5190
11805 5633
11805 5635
11805 5714
11805 5851
11805 6136
11805 6176
11805 6543
11805 6544
11805 6552
11805 6581
11805 7120
11805 7143
11805 8092
11805 8502
11805 8591
11805 8901
11805 8960
11805 9084
11805 9107
11805 9164
11805 9220
11805 9226
11805 9812
11805 10416
11805 10582
11805 10823
11805 11338
11805 11465
11805 11537
11805 12011
11805 13007
11805 13209
11808 172
11808 2070
11808 3152
11808 5190
11808 5635
11808 5714
11808 5851
11808 6136
11808 6176
11808 6544
11808 8092
11808 8502
11808 8518
11808 8901
11808 9084
11808 9122
11808 9164
11808 9468
11808 9808
11808 10416
11808 11338
11808 11524
11808 11537
11808 12011
11808 13007
11808 13209
11809 5851
11809 9808
11809 10416
11810 477
11810 6136
11810 6176
11810 6543
11810 8518
11810 9220
11810 9808
11810 10416
11810 11338
11810 11537
11810 12011
11810 13209
11813 10416
11823 440
11823 477
11823 579
11823 716
11823 2197
11823 2220
11823 3152
11823 4495
11823 5190
11823 5635
11823 5714
11823 5851
11823 6136
11823 6176
11823 6544
11823 6545
11823 6552
11823 6581
11823 7120
11823 7143
11823 7413
11823 8092
11823 8136
11823 8502
11823 8514
11823 8518
11823 8591
11823 8901
11823 8915
11823 9084
11823 9164
11823 9220
11823 9468
11823 9808
11823 10416
11823 10823
11823 11338
11823 11524
11823 11537
11823 12011
11823 13007
11823 13016
11823 13209
11824 440
11824 477
11824 2197
11824 3152
11824 5190
11824 5635
11824 5851
11824 6136
11824 6544
11824 7120
11824 7143
11824 7413
11824 7738
11824 8092
11824 8136
11824 8502
11824 8518
11824 8591
11824 8901
11824 8915
11824 8960
11824 9084
11824 10823
11824 11465
11824 11523
11824 11524
11824 11537
11824 12011
11824 13209
11825 10416
11828 440
11828 477
11828 2122
11828 2197
11828 3152
11828 5190
11828 5635
11828 5714
11828 5851
11828 6136
11828 6176
11828 6543
11828 6544
11828 6552
11828 6581
11828 7120
11828 7413
11828 8092
11828 8136
11828 8502
11828 8514
11828 8518
11828 8591
11828 8901
11828 8915
11828 9084
11828 9164
11828 9220
11828 9226
11828 9584
11828 9808
11828 9837
11828 10416
11828 10582
11828 10823
11828 11338
11828 11524
11828 11537
11828 12011
11828 13007
11828 13209
11829 440
11829 477
11829 523
11829 716
11829 2012
11829 2070
11829 2197
11829 3152
11829 5190
11829 5635
11829 5714
11829 5851
11829 6136
11829 6176
11829 6543
11829 6544
11829 6545
11829 6552
11829 6581
11829 7143
11829 7413
11829 7738
11829 8092
11829 8136
11829 8502
11829 8518
11829 8901
11829 9084
11829 9107
11829 9122
11829 9220
11829 9584
11829 9808
11829 9913
11829 10416
11829 10823
11829 11338
11829 11523
11829 11524
11829 11537
11829 12011
11829 13007
11829 13209
11831 440
11831 3152
11831 5851
11831 7413
11831 7738
11831 8901
11831 9808
11831 9812
11831 10416
11831 11537
11832 172
11832 440
11832 477
11832 5190
11832 5635
11832 5714
11832 5851
11832 6136
11832 8018
11832 8092
11832 8136
11832 8502
11832 8518
11832 8901
11832 9084
11832 9164
11832 9226
11832 9808
11832 10416
11832 11338
11832 11524
11832 11537
11832 12011
11832 13007
11832 13209
11834 440
11834 477
11834 523
11834 596
11834 716
11834 2012
11834 2197
11834 3152
11834 5635
11834 5714
11834 5851
11834 6136
11834 6176
11834 6544
11834 6545
11834 6552
11834 6559
11834 6581
11834 7143
11834 7413
11834 7738
11834 8092
11834 8136
11834 8502
11834 8518
11834 8591
11834 8901
11834 8915
11834 8960
11834 9084
11834 9220
11834 9226
11834 9808
11834 10416
11834 10823
11834 11338
11834 11465
11834 11524
11834 11537
11834 12011
11834 13007
11834 13209
11844 440
11844 477
11844 523
11844 2012
11844 3152
11844 5190
11844 5635
11844 5714
11844 5851
11844 6136
11844 6176
11844 6544
11844 6545
11844 6552
11844 6581
11844 7366
11844 7413
11844 8092
11844 8136
11844 8502
11844 8514
11844 8518
11844 8591
11844 8960
11844 9084
11844 9164
11844 9220
11844 9226
11844 9808
11844 9913
11844 10416
11844 10823
11844 11338
11844 11465
11844 11524
11844 11537
11844 12011
11844 13007
11844 13209
11847 440
11847 477
11847 523
11847 591
11847 716
11847 2012
11847 2070
11847 2071
11847 2197
11847 2256
11847 3152
11847 4488
11847 5190
11847 5635
11847 5714
11847 5851
11847 5887
11847 6136
11847 6176
11847 6543
11847 6544
11847 6545
11847 6552
11847 6559
11847 6581
11847 7366
11847 7413
11847 7433
11847 8092
11847 8136
11847 8502
11847 8514
11847 8518
11847 8591
11847 8605
11847 8915
11847 8960
11847 9084
11847 9107
11847 9164
11847 9220
11847 9226
11847 9584
11847 9808
11847 9837
11847 9913
11847 9990
11847 10079
11847 10416
11847 10582
11847 10823
11847 11338
11847 11465
11847 11537
11847 12011
11847 12770
11847 12910
11847 13007
11847 13209
11851 440
11851 5190
11851 6543
11851 8092
11851 8136
11851 8518
11851 9808
11851 10416
11851 11537
11851 13209
11860 440
11860 477
11860 2070
11860 5635
11860 5714
11860 6136
11860 6543
11860 8136
11860 9808
11860 10416
11860 10823
11860 11338
11860 11465
11860 11537
11860 12011
11886 477
11886 2012
11886 5635
11886 6176
11886 6552
11886 8136
11886 9084
11886 9164
11886 9220
11886 9837
11886 10823
11886 11338
11886 11524
11886 11537
11886 11948
11886 13007
11886 13209
11900 440
11900 477
11900 716
11900 1315
11900 2012
11900 2256
11900 3152
11900 4488
11900 5190
11900 5635
11900 5714
11900 5851
11900 6136
11900 6176
11900 6543
11900 6544
11900 6545
11900 6552
11900 6559
11900 6581
11900 7143
11900 7413
11900 7774
11900 8092
11900 8136
11900 8502
11900 8514
11900 8518
11900 8542
11900 8591
11900 8901
11900 8915
11900 8960
11900 9084
11900 9107
11900 9122
11900 9164
11900 9220
11900 9584
11900 9808
11900 9812
11900 9837
11900 9913
11900 10416
11900 10582
11900 10823
11900 11338
11900 11523
11900 11524
11900 11537
11900 12011
11900 12770
11900 12910
11900 12918
11900 13007
11900 13209
11906 10416
11944 10416
11953 10416
11958 10416
11961 10416
11962 10416
11962 12011
11965 5190
11965 5635
11965 6136
11965 6543
11965 6544
11965 8901
11965 9084
11965 10416
11965 11537
11965 13007
11969 440
11969 716
11969 3152
11969 5190
11969 5635
11969 5714
11969 5851
11969 6136
11969 6544
11969 8092
11969 8136
11969 8502
11969 8518
11969 9084
11969 9263
11969 9808
11969 9990
11969 10416
11969 11338
11969 11537
11969 12011
11969 12770
11969 13007
11969 13209
11972 10416
11977 10416
12026 10416
12064 10416
12071 10416
12072 10416
12074 10416
12075 10416
12093 10416
12147 440
12147 477
12147 523
12147 579
12147 591
12147 596
12147 716
12147 1315
12147 2012
12147 2070
12147 2197
12147 2220
12147 2256
12147 2966
12147 3152
12147 3818
12147 4483
12147 4495
12147 5190
12147 5633
12147 5635
12147 5714
12147 5851
12147 6136
12147 6163
12147 6176
12147 6543
12147 6544
12147 6545
12147 6552
12147 6581
12147 7120
12147 7143
12147 7413
12147 8092
12147 8136
12147 8174
12147 8502
12147 8514
12147 8518
12147 8523
12147 8542
12147 8591
12147 8901
12147 8915
12147 8960
12147 9084
12147 9107
12147 9122
12147 9164
12147 9220
12147 9226
12147 9468
12147 9584
12147 9808
12147 9812
12147 9837
12147 9913
12147 10416
12147 10582
12147 10823
12147 10918
12147 11338
12147 11465
12147 11524
12147 11537
12147 12011
12147 13007
12147 13016
12147 13018
12147 13209
12148 440
12148 477
12148 523
12148 2256
12148 3152
12148 5190
12148 5635
12148 5714
12148 5851
12148 6136
12148 6176
12148 6544
12148 6545
12148 6552
12148 6559
12148 6581
12148 7120
12148 7143
12148 7413
12148 7433
12148 7738
12148 8092
12148 8136
12148 8502
12148 8514
12148 8518
12148 8591
12148 8901
12148 9084
12148 9220
12148 9226
12148 9468
12148 9808
12148 10416
12148 11338
12148 11524
12148 11533
12148 11537
12148 12011
12148 13007
12148 13016
12148 13209
12149 477
12149 5190
12149 5635
12149 5851
12149 6136
12149 6176
12149 6543
12149 6544
12149 8092
12149 8502
12149 9084
12149 9107
12149 9220
12149 9808
12149 10582
12149 10823
12149 11338
12149 12011
12149 12910
12149 13007
12154 172
12154 477
12154 523
12154 2012
12154 2070
12154 3152
12154 5190
12154 5635
12154 5714
12154 5851
12154 6136
12154 6176
12154 6544
12154 6581
12154 7120
12154 7413
12154 8092
12154 8136
12154 8502
12154 8518
12154 8901
12154 8915
12154 9084
12154 9107
12154 9164
12154 9220
12154 9226
12154 9468
12154 9808
12154 9812
12154 10416
12154 10823
12154 11338
12154 11524
12154 12011
12154 12079
12154 13016
12154 13209
12158 440
12158 477
12158 2256
12158 3152
12158 5635
12158 5714
12158 5851
12158 6176
12158 6544
12158 6552
12158 6581
12158 8092
12158 8518
12158 8901
12158 9084
12158 9107
12158 9226
12158 9808
12158 10823
12158 11524
12158 11537
12158 12011
12158 12770
12158 13007
12158 13209
12160 440
12160 477
12160 523
12160 579
12160 591
12160 596
12160 716
12160 1315
12160 2012
12160 2070
12160 2197
12160 2220
12160 2256
12160 2966
12160 3152
12160 3818
12160 4483
12160 4495
12160 5190
12160 5633
12160 5635
12160 5714
12160 5851
12160 6136
12160 6163
12160 6176
12160 6543
12160 6544
12160 6545
12160 6552
12160 6559
12160 6581
12160 7120
12160 7143
12160 7413
12160 7433
12160 7769
12160 8092
12160 8136
12160 8174
12160 8502
12160 8514
12160 8518
12160 8523
12160 8542
12160 8591
12160 8901
12160 8915
12160 8960
12160 9084
12160 9220
12160 9226
12160 9468
12160 9584
12160 9808
12160 9913
12160 10416
12160 10582
12160 10823
12160 10918
12160 11338
12160 11465
12160 11524
12160 11537
12160 12011
12160 12770
12160 12918
12160 13007
12166 440
12166 477
12166 523
12166 5190
12166 5635
12166 5714
12166 6136
12166 6176
12166 6543
12166 6544
12166 6552
12166 6581
12166 7738
12166 8092
12166 8502
12166 8518
12166 8901
12166 9084
12166 9107
12166 9164
12166 9226
12166 10416
12166 11338
12166 11523
12166 11524
12166 11537
12166 12011
12166 12910
12166 13209
12168 440
12168 477
12168 523
12168 562
12168 2023
12168 2070
12168 2197
12168 2256
12168 3152
12168 4488
12168 5190
12168 5635
12168 5714
12168 6136
12168 6176
12168 6543
12168 6544
12168 6552
12168 6581
12168 7120
12168 8092
12168 8136
12168 8502
12168 8514
12168 8518
12168 8591
12168 8901
12168 8960
12168 9084
12168 9107
12168 9122
12168 9164
12168 9220
12168 9578
12168 9584
12168 9808
12168 9812
12168 9837
12168 10416
12168 11338
12168 11465
12168 11524
12168 11537
12168 12011
12168 12770
12168 12918
12168 13007
12168 13209
12180 10416
12192 10416
12210 10416
12218 10416
12221 10416
12252 10416
12284 10416
12290 10416
12292 10416
12300 10416
12307 10416
12314 10416
12322 10416
12349 172
12349 440
12349 477
12349 3152
12349 5635
12349 5714
12349 5851
12349 6136
12349 6544
12349 8092
12349 8518
12349 8901
12349 9084
12349 9808
12349 10416
12349 10823
12349 11338
12349 11524
12349 11537
12349 12011
12349 13007
12350 172
12350 440
12350 477
12350 523
12350 716
12350 1580
12350 2197
12350 2256
12350 3152
12350 5190
12350 5635
12350 5714
12350 5851
12350 6136
12350 6176
12350 6544
12350 6545
12350 6559
12350 6581
12350 7143
12350 7413
12350 8092
12350 8502
12350 8518
12350 8591
12350 8901
12350 9084
12350 9107
12350 9164
12350 9220
12350 9468
12350 9808
12350 9837
12350 10416
12350 11338
12350 11524
12350 11537
12350 12011
12350 12770
12350 13007
12350 13209
12354 440
12354 477
12354 523
12354 1315
12354 2012
12354 2070
12354 2197
12354 2256
12354 3152
12354 4495
12354 5190
12354 5635
12354 5714
12354 5851
12354 6136
12354 6176
12354 6543
12354 6544
12354 6552
12354 6581
12354 7413
12354 8092
12354 8136
12354 8502
12354 8514
12354 8518
12354 8542
12354 8587
12354 8591
12354 8901
12354 8915
12354 8960
12354 9084
12354 9107
12354 9220
12354 9226
12354 9468
12354 9584
12354 9808
12354 9812
12354 10416
12354 10582
12354 10823
12354 11338
12354 11465
12354 11524
12354 11537
12354 12011
12354 13007
12354 13209
12355 440
12355 477
12355 591
12355 716
12355 2012
12355 2197
12355 4483
12355 5190
12355 5635
12355 5714
12355 6176
12355 6545
12355 6552
12355 6581
12355 7120
12355 7366
12355 7433
12355 8092
12355 8136
12355 8518
12355 8591
12355 8901
12355 8960
12355 9084
12355 9220
12355 9468
12355 9584
12355 9808
12355 9837
12355 10416
12355 10823
12355 11338
12355 11523
12355 11524
12355 11537
12355 12011
12355 12770
12355 12910
12355 12914
12355 12918
12355 13007
12357 440
12357 477
12357 523
12357 562
12357 716
12357 1315
12357 2070
12357 2197
12357 2256
12357 3152
12357 3973
12357 5190
12357 5474
12357 5635
12357 5714
12357 5851
12357 6136
12357 6176
12357 6543
12357 6544
12357 6545
12357 6552
12357 6581
12357 7143
12357 7413
12357 7433
12357 8092
12357 8136
12357 8502
12357 8518
12357 8591
12357 8901
12357 8915
12357 8960
12357 9084
12357 9107
12357 9220
12357 9226
12357 9468
12357 9808
12357 9837
12357 9913
12357 10416
12357 10823
12357 11338
12357 11465
12357 11524
12357 11537
12357 12011
12357 12766
12357 12918
12357 13007
12357 13209
12358 172
12358 440
12358 477
12358 2012
12358 2197
12358 3152
12358 5190
12358 5714
12358 5851
12358 6176
12358 6544
12358 6581
12358 7143
12358 8092
12358 8136
12358 8518
12358 9084
12358 9220
12358 9808
12358 10416
12358 10823
12358 11338
12358 11465
12358 11524
12358 11537
12358 12011
12358 13007
12358 13209
12366 10416
12367 172
12367 440
12367 477
12367 2070
12367 2256
12367 3152
12367 5190
12367 5635
12367 5714
12367 6136
12367 8092
12367 8502
12367 8518
12367 9084
12367 9107
12367 9164
12367 9226
12367 9808
12367 10416
12367 11338
12367 11524
12367 11537
12367 12011
12367 13007
12367 13209
12368 440
12368 477
12368 596
12368 2070
12368 3152
12368 5190
12368 5635
12368 5714
12368 5851
12368 6176
12368 6544
12368 6552
12368 6581
12368 7367
12368 8092
12368 8502
12368 8518
12368 8591
12368 8901
12368 8960
12368 9084
12368 9107
12368 9122
12368 9164
12368 9808
12368 9913
12368 10416
12368 10582
12368 10823
12368 11338
12368 11524
12368 11533
12368 11537
12368 12011
12368 12770
12368 13007
12368 13209
12369 172
12369 440
12369 562
12369 716
12369 1315
12369 2012
12369 2070
12369 2197
12369 2256
12369 2273
12369 2966
12369 4488
12369 5190
12369 5635
12369 5714
12369 5851
12369 6136
12369 6176
12369 6543
12369 6544
12369 6545
12369 6559
12369 6581
12369 7143
12369 7413
12369 7433
12369 8092
12369 8165
12369 8502
12369 8518
12369 8542
12369 8587
12369 8591
12369 8901
12369 8915
12369 8960
12369 9084
12369 9107
12369 9122
12369 9164
12369 9220
12369 9226
12369 9468
12369 9584
12369 9808
12369 9812
12369 9913
12369 10416
12369 10582
12369 11465
12369 11524
12369 11537
12369 11538
12369 12011
12369 12770
12369 12910
12369 12918
12369 13007
12375 10416
12386 10416
12402 10416
12405 440
12405 477
12405 716
12405 2012
12405 2070
12405 2197
12405 2256
12405 3152
12405 3973
12405 5190
12405 5474
12405 5635
12405 5714
12405 5851
12405 6136
12405 6176
12405 6544
12405 6545
12405 6552
12405 6581
12405 7143
12405 7413
12405 7738
12405 8092
12405 8136
12405 8502
12405 8514
12405 8518
12405 8901
12405 9084
12405 9220
12405 9468
12405 9808
12405 9913
12405 10416
12405 10823
12405 11338
12405 11465
12405 11524
12405 11537
12405 12011
12405 13007
12405 13209
12407 10416
12410 440
12410 477
12410 523
12410 716
12410 2070
12410 2256
12410 3152
12410 5190
12410 5635
12410 5714
12410 5851
12410 6136
12410 6176
12410 6543
12410 6544
12410 6545
12410 6579
12410 6581
12410 7143
12410 8092
12410 8136
12410 8502
12410 8518
12410 8901
12410 8915
12410 8960
12410 9084
12410 9107
12410 9164
12410 9220
12410 9226
12410 9584
12410 9913
12410 10416
12410 10823
12410 10918
12410 11338
12410 11465
12410 11524
12410 11537
12410 12011
12410 12169
12410 12770
12410 12910
12410 12918
12410 13007
12410 13016
12410 13209
12422 440
12422 477
12422 5635
12422 5714
12422 5851
12422 6136
12422 6543
12422 6544
12422 6552
12422 6581
12422 7143
12422 8502
12422 8518
12422 8915
12422 9084
12422 9164
12422 9220
12422 9837
12422 10416
12422 11338
12422 11537
12422 12011
12422 12770
12422 13007
12423 5190
12423 5635
12423 6544
12423 9808
12423 10416
12423 11338
12425 10416
12429 10416
12433 440
12433 477
12433 523
12433 562
12433 579
12433 716
12433 1315
12433 2012
12433 2197
12433 2256
12433 2966
12433 3152
12433 4488
12433 5190
12433 5635
12433 5714
12433 5851
12433 6136
12433 6176
12433 6543
12433 6544
12433 6545
12433 6552
12433 6559
12433 6581
12433 7120
12433 7143
12433 7366
12433 7413
12433 8092
12433 8136
12433 8502
12433 8514
12433 8518
12433 8542
12433 8587
12433 8591
12433 8901
12433 8915
12433 8960
12433 9084
12433 9107
12433 9164
12433 9220
12433 9226
12433 9468
12433 9584
12433 9808
12433 9812
12433 9837
12433 9913
12433 10823
12433 10918
12433 11338
12433 11465
12433 11523
12433 11524
12433 11533
12433 11537
12433 12011
12433 12770
12433 13007
12433 13016
12433 13018
12433 13209
12436 10416
12447 440
12447 477
12447 523
12447 716
12447 1315
12447 2012
12447 2070
12447 2197
12447 2256
12447 3152
12447 4495
12447 5190
12447 5635
12447 5714
12447 5851
12447 6136
12447 6176
12447 6543
12447 6544
12447 6545
12447 6552
12447 6559
12447 6581
12447 7120
12447 7143
12447 7413
12447 8092
12447 8136
12447 8502
12447 8518
12447 8542
12447 8591
12447 8901
12447 8915
12447 9084
12447 9164
12447 9220
12447 9226
12447 9468
12447 9584
12447 9808
12447 9812
12447 9837
12447 10416
12447 10823
12447 10918
12447 11338
12447 11465
12447 11523
12447 11524
12447 11533
12447 11537
12447 12011
12447 12770
12447 13007
12447 13016
12447 13209
12448 440
12448 477
12448 523
12448 2070
12448 3152
12448 5190
12448 5714
12448 6136
12448 6176
12448 6543
12448 6544
12448 6552
12448 6581
12448 7143
12448 7413
12448 8092
12448 8136
12448 8502
12448 8518
12448 8901
12448 9084
12448 9164
12448 9226
12448 9468
12448 9808
12448 10416
12448 11338
12448 11465
12448 11524
12448 11537
12448 12011
12448 13007
12448 13209
12454 10416
12459 172
12459 440
12459 477
12459 523
12459 562
12459 2197
12459 2256
12459 3152
12459 5190
12459 5635
12459 5714
12459 5851
12459 6136
12459 6176
12459 6543
12459 6544
12459 6545
12459 6581
12459 7413
12459 8092
12459 8136
12459 8502
12459 8518
12459 8542
12459 8591
12459 8867
12459 8901
12459 8960
12459 9084
12459 9220
12459 9226
12459 9808
12459 10416
12459 10823
12459 11338
12459 11465
12459 11524
12459 11533
12459 11537
12459 12011
12459 12918
12459 13007
12459 13209
12460 172
12460 440
12460 477
12460 523
12460 716
12460 2197
12460 3152
12460 3973
12460 5190
12460 5635
12460 5714
12460 6136
12460 6176
12460 6544
12460 6545
12460 6581
12460 7120
12460 7143
12460 7413
12460 7738
12460 8092
12460 8136
12460 8502
12460 8518
12460 8901
12460 8915
12460 9084
12460 9107
12460 9220
12460 9808
12460 9837
12460 10416
12460 10823
12460 11338
12460 11465
12460 11524
12460 11537
12460 12011
12460 12770
12460 13007
12460 13209
12464 440
12464 477
12464 2070
12464 2256
12464 3152
12464 5190
12464 5635
12464 5714
12464 5851
12464 6136
12464 6176
12464 6544
12464 6545
12464 6552
12464 6581
12464 7120
12464 7143
12464 7413
12464 7738
12464 8092
12464 8136
12464 8502
12464 8518
12464 8901
12464 8915
12464 8960
12464 9084
12464 9107
12464 9468
12464 9808
12464 10416
12464 10823
12464 11338
12464 11465
12464 11524
12464 11533
12464 11537
12464 13007
12464 13209
12466 172
12466 440
12466 477
12466 523
12466 716
12466 2070
12466 2256
12466 5190
12466 5635
12466 5714
12466 6136
12466 6176
12466 6543
12466 6544
12466 6581
12466 7413
12466 8092
12466 8136
12466 8502
12466 8518
12466 8901
12466 8915
12466 8960
12466 9084
12466 9122
12466 9220
12466 9226
12466 10416
12466 10823
12466 11338
12466 11465
12466 11524
12466 11537
12466 12011
12466 13007
12466 13209
12467 10416
12476 440
12476 477
12476 523
12476 579
12476 2070
12476 2197
12476 3152
12476 5190
12476 5714
12476 5851
12476 6136
12476 6176
12476 6543
12476 6544
12476 6545
12476 6552
12476 6581
12476 7120
12476 7413
12476 8092
12476 8136
12476 8502
12476 8518
12476 8542
12476 8587
12476 8591
12476 8901
12476 9084
12476 9107
12476 9164
12476 9220
12476 9226
12476 9468
12476 9584
12476 9808
12476 10416
12476 10823
12476 10918
12476 11338
12476 11524
12476 11537
12476 12011
12476 12918
12476 13007
12476 13016
12476 13209
12477 172
12477 440
12477 477
12477 716
12477 2070
12477 5635
12477 5714
12477 5851
12477 6136
12477 6544
12477 6581
12477 7413
12477 8092
12477 8136
12477 8502
12477 8518
12477 8591
12477 8901
12477 8960
12477 9084
12477 9107
12477 9164
12477 9226
12477 9468
12477 9808
12477 10416
12477 10823
12477 11338
12477 11523
12477 11524
12477 11537
12477 12011
12477 12770
12477 13007
12477 13209
12478 440
12478 477
12478 523
12478 716
12478 2197
12478 3152
12478 5190
12478 5635
12478 5714
12478 5851
12478 6136
12478 6176
12478 6544
12478 6552
12478 6581
12478 7738
12478 8092
12478 8136
12478 8502
12478 8518
12478 8901
12478 9084
12478 9107
12478 9226
12478 9584
12478 9812
12478 9913
12478 10416
12478 10823
12478 11338
12478 11465
12478 11524
12478 11537
12478 12011
12478 13007
12478 13209
12485 440
12485 477
12485 523
12485 562
12485 579
12485 591
12485 716
12485 1315
12485 2012
12485 2070
12485 2197
12485 2220
12485 2966
12485 3152
12485 3818
12485 4483
12485 4495
12485 5190
12485 5633
12485 5635
12485 5851
12485 6136
12485 6163
12485 6176
12485 6543
12485 6544
12485 6545
12485 6552
12485 6581
12485 7120
12485 7143
12485 7413
12485 8092
12485 8136
12485 8174
12485 8502
12485 8514
12485 8518
12485 8542
12485 8591
12485 8901
12485 8915
12485 8960
12485 9084
12485 9220
12485 9226
12485 9468
12485 9584
12485 9808
12485 9812
12485 9837
12485 9913
12485 10416
12485 10823
12485 11338
12485 11465
12485 11524
12485 11537
12485 12011
12485 13007
12485 13016
12485 13018
12485 13209
12486 440
12486 477
12486 523
12486 716
12486 1315
12486 2012
12486 2197
12486 2256
12486 5190
12486 5635
12486 5714
12486 5851
12486 6136
12486 6176
12486 6543
12486 6544
12486 6545
12486 6552
12486 6581
12486 7413
12486 8092
12486 8136
12486 8502
12486 8518
12486 8591
12486 8901
12486 8915
12486 8960
12486 9084
12486 9220
12486 9226
12486 9468
12486 9808
12486 9812
12486 9913
12486 10416
12486 10823
12486 11338
12486 11465
12486 11524
12486 11537
12486 12011
12486 13007
12488 440
12488 477
12488 523
12488 1315
12488 2012
12488 2070
12488 2197
12488 2966
12488 3152
12488 5190
12488 5635
12488 5714
12488 5851
12488 6136
12488 6176
12488 6543
12488 6544
12488 6545
12488 6552
12488 6581
12488 7143
12488 7413
12488 8092
12488 8136
12488 8502
12488 8518
12488 8591
12488 8901
12488 8960
12488 9084
12488 9220
12488 9226
12488 9468
12488 9584
12488 9808
12488 9812
12488 10416
12488 10823
12488 10918
12488 11338
12488 11465
12488 11524
12488 12011
12488 13007
12488 13209
12489 440
12489 477
12489 2070
12489 3152
12489 5190
12489 5635
12489 5714
12489 5851
12489 6136
12489 6543
12489 6544
12489 6552
12489 6559
12489 6581
12489 7143
12489 8092
12489 8518
12489 9084
12489 9107
12489 9220
12489 9808
12489 10416
12489 10582
12489 11338
12489 11465
12489 11524
12489 11537
12489 12011
12489 13007
12489 13209
12490 440
12490 477
12490 523
12490 562
12490 2012
12490 2070
12490 2197
12490 2256
12490 2966
12490 3152
12490 4495
12490 5190
12490 5635
12490 5714
12490 5851
12490 6136
12490 6176
12490 6543
12490 6544
12490 6545
12490 6552
12490 6581
12490 7120
12490 7413
12490 8092
12490 8136
12490 8502
12490 8518
12490 8591
12490 8901
12490 8915
12490 8960
12490 9084
12490 9220
12490 9226
12490 9808
12490 10416
12490 10582
12490 10823
12490 11338
12490 11465
12490 11524
12490 11533
12490 11537
12490 12011
12490 12910
12490 13007
12490 13209
12491 440
12491 477
12491 523
12491 2012
12491 3152
12491 5635
12491 5714
12491 5851
12491 6136
12491 6176
12491 6544
12491 6545
12491 6552
12491 7413
12491 8092
12491 8136
12491 8518
12491 8901
12491 8915
12491 9084
12491 9220
12491 9226
12491 9808
12491 9913
12491 10416
12491 11338
12491 11465
12491 11524
12491 11537
12491 12011
12491 13007
12491 13209
12492 440
12492 477
12492 523
12492 579
12492 2070
12492 2197
12492 3152
12492 5190
12492 5635
12492 5714
12492 5851
12492 6136
12492 6176
12492 6544
12492 6552
12492 6581
12492 7120
12492 7143
12492 7413
12492 7433
12492 7738
12492 8092
12492 8136
12492 8502
12492 8518
12492 8591
12492 8901
12492 9084
12492 9220
12492 9226
12492 9808
12492 9812
12492 10823
12492 11338
12492 11523
12492 11524
12492 11537
12492 12011
12492 12910
12492 13007
12492 13016
12492 13209
12494 10416
12511 440
12511 477
12511 523
12511 562
12511 716
12511 1315
12511 2012
12511 2023
12511 2070
12511 2197
12511 2256
12511 2966
12511 3152
12511 4483
12511 4488
12511 5190
12511 5474
12511 5635
12511 5714
12511 5851
12511 6136
12511 6176
12511 6544
12511 6545
12511 6552
12511 6559
12511 6581
12511 7143
12511 7366
12511 7413
12511 7433
12511 8092
12511 8136
12511 8502
12511 8514
12511 8518
12511 8542
12511 8591
12511 8901
12511 8915
12511 8960
12511 9084
12511 9122
12511 9164
12511 9220
12511 9226
12511 9468
12511 9808
12511 9812
12511 9837
12511 9913
12511 10416
12511 10582
12511 10823
12511 11338
12511 11465
12511 11523
12511 11524
12511 11533
12511 11537
12511 12011
12511 12770
12511 12910
12511 12918
12511 13007
12511 13016
12511 13209
12512 440
12512 477
12512 2070
12512 2197
12512 3152
12512 5190
12512 5635
12512 5714
12512 5851
12512 6136
12512 6176
12512 6543
12512 6544
12512 6545
12512 6552
12512 6581
12512 7413
12512 8092
12512 8136
12512 8502
12512 8518
12512 8901
12512 9084
12512 9107
12512 9220
12512 9226
12512 9808
12512 10416
12512 10823
12512 11338
12512 11465
12512 11524
12512 11537
12512 12011
12512 13007
12512 13209
12513 440
12513 5635
12513 5851
12513 6176
12513 6544
12513 8092
12513 8502
12513 8960
12513 9220
12513 9808
12513 10416
12513 10582
12513 11338
12513 11523
12513 11524
12513 11537
12513 12011
12513 12770
12513 12918
12515 10416
12527 440
12527 477
12527 523
12527 716
12527 2256
12527 3152
12527 5190
12527 5635
12527 5714
12527 6136
12527 6176
12527 6543
12527 6544
12527 6545
12527 6552
12527 6559
12527 6581
12527 7120
12527 7143
12527 7413
12527 8092
12527 8136
12527 8502
12527 8518
12527 8542
12527 8591
12527 8901
12527 8915
12527 8960
12527 9084
12527 9220
12527 9239
12527 9808
12527 9837
12527 10416
12527 10823
12527 11338
12527 11465
12527 11523
12527 11524
12527 11537
12527 12011
12527 13007
12527 13209
12530 10416
12532 10416
12535 2070
12535 5635
12535 6136
12535 8092
12535 9084
12535 10416
12536 172
12536 440
12536 477
12536 523
12536 716
12536 1315
12536 2012
12536 2197
12536 3152
12536 5190
12536 5635
12536 5714
12536 5851
12536 6136
12536 6176
12536 6544
12536 6545
12536 6559
12536 6581
12536 7120
12536 7143
12536 7413
12536 7433
12536 8092
12536 8136
12536 8502
12536 8518
12536 8587
12536 8591
12536 8901
12536 8915
12536 9084
12536 9107
12536 9164
12536 9220
12536 9226
12536 9468
12536 9808
12536 9913
12536 10416
12536 10823
12536 11338
12536 11465
12536 11524
12536 11537
12536 12011
12536 12770
12536 12918
12536 13007
12536 13016
12536 13209
12537 440
12537 477
12537 523
12537 716
12537 1315
12537 2012
12537 2070
12537 2197
12537 3152
12537 4495
12537 5190
12537 5635
12537 5714
12537 5851
12537 6136
12537 6176
12537 6543
12537 6544
12537 6552
12537 6581
12537 7413
12537 8092
12537 8136
12537 8502
12537 8518
12537 8591
12537 8901
12537 8960
12537 9084
12537 9107
12537 9220
12537 9226
12537 9808
12537 9913
12537 10416
12537 10823
12537 11338
12537 11465
12537 11524
12537 11537
12537 12011
12537 12084
12537 13007
12537 13209
12540 440
12540 477
12540 2070
12540 3152
12540 5635
12540 6176
12540 6543
12540 6544
12540 8092
12540 8136
12540 8518
12540 9084
12540 9808
12540 11338
12540 11465
12540 11537
12540 12011
12540 12910
12540 13007
12540 13209
12547 10416
12558 10416
12604 10416
12605 5190
12605 5635
12605 5714
12605 5851
12605 6176
12605 6544
12605 8092
12605 8518
12605 8901
12605 9084
12605 11338
12605 11537
12605 12011
12605 12770
12605 13007
12605 13209
12612 440
12612 477
12612 523
12612 716
12612 2012
12612 2070
12612 2197
12612 2256
12612 3152
12612 4488
12612 5190
12612 5635
12612 5714
12612 6136
12612 6176
12612 6543
12612 6544
12612 6545
12612 6552
12612 6581
12612 7366
12612 7413
12612 8092
12612 8136
12612 8502
12612 8518
12612 8587
12612 8591
12612 8901
12612 8915
12612 8960
12612 9084
12612 9107
12612 9220
12612 9468
12612 9808
12612 9812
12612 10416
12612 10823
12612 11338
12612 11465
12612 11524
12612 11537
12612 12011
12612 13007
12612 13209
12613 440
12613 477
12613 2012
12613 2070
12613 2197
12613 3152
12613 5190
12613 5635
12613 5714
12613 6176
12613 6543
12613 6544
12613 6552
12613 7413
12613 8092
12613 8136
12613 8518
12613 8901
12613 8915
12613 8960
12613 9084
12613 9220
12613 9226
12613 9808
12613 10416
12613 10823
12613 11338
12613 11465
12613 11524
12613 11537
12613 12011
12613 13007
12613 13209
12614 440
12614 477
12614 2197
12614 3152
12614 5190
12614 5635
12614 5714
12614 5851
12614 6136
12614 6176
12614 6544
12614 6545
12614 6552
12614 8092
12614 8136
12614 8518
12614 8901
12614 8960
12614 9084
12614 9220
12614 9468
12614 9808
12614 10416
12614 10823
12614 11338
12614 11465
12614 11537
12614 12011
12614 12910
12614 13007
12614 13209
12615 440
12615 477
12615 1315
12615 2012
12615 2070
12615 2197
12615 5635
12615 5714
12615 5851
12615 6136
12615 6176
12615 6543
12615 6544
12615 6552
12615 7413
12615 8092
12615 8136
12615 8518
12615 8901
12615 8915
12615 9084
12615 9220
12615 9468
12615 9584
12615 9808
12615 10416
12615 10823
12615 11338
12615 11465
12615 11537
12615 12011
12615 13007
12615 13209
12616 440
12616 477
12616 523
12616 716
12616 2070
12616 2197
12616 3152
12616 5190
12616 5635
12616 5714
12616 6136
12616 6176
12616 6543
12616 6544
12616 6545
12616 6552
12616 6581
12616 7413
12616 8092
12616 8136
12616 8502
12616 8518
12616 8901
12616 8960
12616 9084
12616 9220
12616 9808
12616 9837
12616 10823
12616 10918
12616 11338
12616 11465
12616 11524
12616 11533
12616 11537
12616 12011
12616 13007
12616 13209
12617 172
12617 440
12617 477
12617 523
12617 2070
12617 2256
12617 3152
12617 5190
12617 5635
12617 5714
12617 6136
12617 6176
12617 6544
12617 6545
12617 6581
12617 7366
12617 7413
12617 8092
12617 8502
12617 8518
12617 8901
12617 9084
12617 9107
12617 9122
12617 9226
12617 9584
12617 9808
12617 9812
12617 10416
12617 11338
12617 11524
12617 11537
12617 12011
12617 12169
12617 12770
12617 13007
12618 172
12618 440
12618 477
12618 716
12618 2197
12618 5635
12618 5851
12618 6176
12618 6544
12618 6559
12618 8092
12618 8136
12618 8502
12618 8518
12618 8867
12618 8901
12618 9107
12618 9164
12618 9220
12618 9584
12618 9808
12618 10416
12618 10582
12618 10823
12618 11338
12618 11524
12618 11537
12618 12011
12618 13007
12618 13209
12619 172
12619 440
12619 477
12619 523
12619 1315
12619 2070
12619 4495
12619 5190
12619 5635
12619 5714
12619 6136
12619 6176
12619 6543
12619 6544
12619 6545
12619 6559
12619 6581
12619 7413
12619 8092
12619 8136
12619 8502
12619 8518
12619 8542
12619 8591
12619 8901
12619 9084
12619 9220
12619 9584
12619 9808
12619 10416
12619 10582
12619 11338
12619 11465
12619 11537
12619 12011
12619 13007
12619 13209
12627 440
12627 477
12627 523
12627 596
12627 716
12627 1315
12627 2012
12627 2070
12627 2197
12627 3152
12627 4483
12627 5190
12627 5635
12627 5714
12627 5851
12627 6136
12627 6176
12627 6543
12627 6544
12627 6545
12627 6552
12627 6559
12627 6581
12627 7143
12627 7413
12627 8092
12627 8136
12627 8502
12627 8514
12627 8518
12627 8542
12627 8591
12627 8901
12627 8915
12627 9084
12627 9220
12627 9226
12627 9468
12627 9584
12627 9808
12627 9812
12627 10416
12627 10823
12627 11338
12627 11465
12627 11524
12627 11537
12627 12011
12627 12770
12627 13007
12627 13209
12628 440
12628 477
12628 716
12628 2012
12628 2070
12628 2197
12628 2256
12628 3152
12628 5190
12628 5635
12628 5714
12628 5851
12628 6136
12628 6176
12628 6544
12628 6545
12628 6552
12628 6581
12628 7143
12628 7738
12628 8092
12628 8136
12628 8502
12628 8518
12628 8591
12628 8960
12628 9084
12628 9220
12628 9226
12628 9468
12628 9808
12628 9837
12628 10416
12628 10823
12628 11338
12628 11465
12628 11523
12628 11524
12628 11537
12628 12011
12628 13007
12628 13209
12631 440
12631 477
12631 2197
12631 2256
12631 3152
12631 5190
12631 5635
12631 5714
12631 5851
12631 6176
12631 6543
12631 6544
12631 6552
12631 6581
12631 8092
12631 8136
12631 8502
12631 8518
12631 8901
12631 8960
12631 9084
12631 9220
12631 9468
12631 9808
12631 10823
12631 11338
12631 11341
12631 11465
12631 11524
12631 11537
12631 12011
12631 12228
12631 13007
12631 13209
12633 477
12633 2070
12633 2966
12633 3152
12633 5190
12633 5714
12633 5851
12633 6136
12633 6176
12633 6543
12633 6545
12633 6552
12633 6581
12633 8092
12633 8502
12633 8518
12633 8591
12633 8901
12633 8960
12633 9220
12633 9468
12633 9808
12633 10416
12633 10823
12633 11524
12633 11537
12633 13209
12634 440
12634 477
12634 2070
12634 2197
12634 2256
12634 3152
12634 5190
12634 5714
12634 5851
12634 6136
12634 6176
12634 6543
12634 6544
12634 6552
12634 6559
12634 6581
12634 8092
12634 8136
12634 8502
12634 8518
12634 8591
12634 8901
12634 8915
12634 8960
12634 9084
12634 9107
12634 9164
12634 9220
12634 9226
12634 9468
12634 9808
12634 10416
12634 10823
12634 10918
12634 11338
12634 11465
12634 11524
12634 11537
12634 12011
12634 12770
12634 12918
12634 13007
12634 13209
12639 10416
12641 440
12641 5635
12641 6545
12641 6552
12641 8915
12641 8960
12641 9808
12641 9812
12641 10416
12641 11537
12641 13007
12641 13209
12642 477
12642 523
12642 2012
12642 2070
12642 2197
12642 2256
12642 3152
12642 5635
12642 6136
12642 6176
12642 6543
12642 6544
12642 6552
12642 6581
12642 7413
12642 8136
12642 8502
12642 8518
12642 8901
12642 8915
12642 8960
12642 9084
12642 9226
12642 9468
12642 9808
12642 10416
12642 10823
12642 11338
12642 11465
12642 11524
12642 11537
12642 12011
12642 13007
12642 13209
12644 440
12644 477
12644 523
12644 2070
12644 2197
12644 2256
12644 3152
12644 5190
12644 5635
12644 5714
12644 5851
12644 6136
12644 6176
12644 6543
12644 6544
12644 6552
12644 7143
12644 7413
12644 7433
12644 8092
12644 8136
12644 8502
12644 8518
12644 8901
12644 8915
12644 9084
12644 9220
12644 9226
12644 9468
12644 9808
12644 10416
12644 10823
12644 10918
12644 11338
12644 11465
12644 11524
12644 11537
12644 12011
12644 12770
12644 13007
12644 13209
12645 440
12645 477
12645 523
12645 2012
12645 2070
12645 2197
12645 3152
12645 5190
12645 5635
12645 5851
12645 6136
12645 6176
12645 6543
12645 6544
12645 6552
12645 7143
12645 7413
12645 8092
12645 8136
12645 8502
12645 8514
12645 8518
12645 8901
12645 8915
12645 9084
12645 9220
12645 9468
12645 9808
12645 9812
12645 9913
12645 10416
12645 10823
12645 11338
12645 11465
12645 11524
12645 11537
12645 12011
12645 12910
12645 13007
12645 13209
12648 440
12648 477
12648 523
12648 716
12648 2197
12648 2256
12648 3152
12648 5635
12648 5714
12648 6136
12648 6176
12648 6543
12648 6544
12648 6552
12648 6581
12648 7143
12648 7413
12648 8092
12648 8502
12648 8518
12648 8591
12648 8901
12648 8960
12648 9220
12648 9226
12648 9808
12648 10823
12648 11338
12648 11524
12648 11537
12648 12011
12648 13007
12650 440
12650 477
12650 523
12650 2012
12650 2070
12650 2197
12650 3152
12650 5190
12650 5635
12650 5714
12650 5851
12650 6136
12650 6176
12650 6543
12650 6544
12650 6545
12650 6552
12650 7143
12650 7413
12650 7433
12650 8092
12650 8136
12650 8518
12650 8901
12650 9084
12650 9220
12650 9226
12650 9468
12650 9808
12650 10416
12650 10823
12650 11338
12650 11465
12650 11524
12650 11537
12650 12011
12650 12918
12650 13007
12650 13209
12655 10416
12660 440
12660 477
12660 523
12660 2197
12660 2256
12660 5190
12660 5635
12660 5714
12660 6136
12660 6543
12660 6544
12660 6552
12660 6581
12660 7143
12660 7413
12660 8092
12660 8136
12660 8502
12660 8518
12660 8901
12660 8960
12660 9084
12660 9220
12660 9226
12660 9468
12660 10416
12660 10823
12660 11338
12660 11465
12660 11524
12660 11537
12660 12011
12660 13007
12660 13209
12661 10416
12662 10416
12664 440
12664 477
12664 523
12664 2070
12664 2197
12664 2256
12664 3152
12664 5190
12664 5635
12664 5714
12664 6136
12664 6176
12664 6543
12664 6544
12664 6552
12664 6581
12664 8092
12664 8136
12664 8502
12664 8518
12664 8591
12664 8901
12664 8960
12664 9084
12664 9220
12664 9226
12664 9808
12664 10416
12664 10823
12664 10918
12664 11338
12664 11465
12664 11524
12664 11537
12664 12011
12664 13007
12664 13209
12667 5190
12667 5851
12667 8518
12667 9084
12667 9808
12667 9990
12667 10416
12667 11338
12667 11537
12667 12011
12667 12770
12667 13007
12667 13209
12669 440
12669 477
12669 523
12669 2070
12669 2273
12669 3152
12669 5190
12669 5635
12669 5714
12669 5851
12669 6136
12669 6176
12669 6543
12669 6544
12669 6552
12669 7143
12669 7413
12669 7433
12669 8092
12669 8136
12669 8502
12669 8518
12669 8901
12669 8960
12669 9084
12669 9107
12669 9226
12669 9468
12669 9808
12669 10416
12669 10823
12669 11338
12669 11465
12669 11524
12669 11537
12669 12011
12669 13007
12669 13209
12671 440
12671 477
12671 2070
12671 5635
12671 6136
12671 6544
12671 6552
12671 7143
12671 7413
12671 8092
12671 8502
12671 8518
12671 8901
12671 9084
12671 9220
12671 11338
12671 11465
12671 11524
12672 440
12672 477
12672 2012
12672 2070
12672 2197
12672 2256
12672 3818
12672 5190
12672 5635
12672 5714
12672 6136
12672 6176
12672 6543
12672 6544
12672 6552
12672 6581
12672 7413
12672 8092
12672 8136
12672 8502
12672 8518
12672 8523
12672 8915
12672 8960
12672 9084
12672 9107
12672 9220
12672 9226
12672 9468
12672 9808
12672 10416
12672 10823
12672 10918
12672 11338
12672 11465
12672 11524
12672 11537
12672 12011
12672 13007
12672 13209
12674 440
12674 477
12674 5635
12674 5714
12674 6136
12674 6176
12674 6544
12674 6552
12674 7143
12674 8092
12674 8136
12674 8502
12674 8518
12674 8901
12674 8915
12674 9084
12674 9220
12674 9226
12674 9468
12674 9808
12674 10416
12674 10823
12674 11338
12674 11465
12674 11524
12674 11537
12674 12011
12674 12918
12674 13007
12674 13209
12676 477
12676 3973
12676 5474
12676 5635
12676 6135
12676 6176
12676 6552
12676 6559
12676 7143
12676 7413
12676 8518
12676 8901
12676 9220
12676 9808
12676 9925
12676 10416
12676 11523
12676 11524
12676 11537
12676 11599
12676 14196
12677 10416
12684 440
12684 477
12684 3152
12684 5190
12684 5635
12684 6136
12684 6176
12684 6543
12684 6544
12684 6545
12684 6552
12684 8092
12684 8136
12684 8502
12684 8518
12684 8591
12684 8901
12684 8960
12684 9084
12684 9107
12684 9220
12684 9226
12684 9468
12684 9808
12684 10416
12684 10582
12684 11338
12684 11537
12684 12011
12684 13007
12684 13209
12691 440
12691 477
12691 523
12691 596
12691 716
12691 2012
12691 2197
12691 2256
12691 3152
12691 5190
12691 5635
12691 5714
12691 5851
12691 6136
12691 6176
12691 6543
12691 6544
12691 6545
12691 6552
12691 6581
12691 7413
12691 8092
12691 8136
12691 8502
12691 8514
12691 8518
12691 8587
12691 8591
12691 8901
12691 8915
12691 8960
12691 9084
12691 9107
12691 9164
12691 9220
12691 9226
12691 9468
12691 9584
12691 9808
12691 10823
12691 11338
12691 11465
12691 11524
12691 11537
12691 12011
12691 13007
12691 13209
12697 10416
12703 440
12703 477
12703 579
12703 2012
12703 2023
12703 2070
12703 2256
12703 3152
12703 5190
12703 5635
12703 5714
12703 5851
12703 6136
12703 6176
12703 6544
12703 6545
12703 6552
12703 6559
12703 7120
12703 7143
12703 7413
12703 7433
12703 7738
12703 8092
12703 8136
12703 8502
12703 8514
12703 8518
12703 8591
12703 8901
12703 9084
12703 9164
12703 9220
12703 9468
12703 9808
12703 9913
12703 10416
12703 10582
12703 10823
12703 11338
12703 11524
12703 11537
12703 12011
12703 13007
12703 13016
12703 13209
12716 3973
12716 5190
12716 7467
12716 8518
12716 9990
12716 10416
12716 11537
12716 12770
12716 13209
12725 477
12725 716
12725 3152
12725 5190
12725 5851
12725 6176
12725 6544
12725 6552
12725 8092
12725 8136
12725 8518
12725 8591
12725 9084
12725 9808
12725 9990
12725 10416
12725 11338
12725 11537
12725 12011
12725 13007
12725 13209
12728 5635
12728 6544
12728 6545
12728 6552
12728 8092
12728 9084
12728 9808
12728 10416
12728 11524
12735 10416
12741 440
12741 477
12741 716
12741 1089
12741 2012
12741 2197
12741 2220
12741 2256
12741 3152
12741 3818
12741 5190
12741 5635
12741 5714
12741 5851
12741 6136
12741 6176
12741 6544
12741 6545
12741 6552
12741 6581
12741 7143
12741 7413
12741 8023
12741 8092
12741 8136
12741 8174
12741 8502
12741 8514
12741 8518
12741 8901
12741 8960
12741 9084
12741 9220
12741 9226
12741 9468
12741 9837
12741 9913
12741 10823
12741 11338
12741 11465
12741 11523
12741 11537
12741 12011
12741 12770
12741 12910
12741 13007
12741 13016
12741 13209
12755 440
12755 477
12755 2070
12755 2197
12755 3152
12755 5190
12755 5635
12755 5714
12755 6136
12755 6176
12755 6543
12755 6544
12755 6552
12755 6581
12755 7413
12755 8092
12755 8136
12755 8502
12755 8518
12755 8591
12755 8901
12755 8915
12755 8960
12755 9084
12755 9107
12755 9220
12755 9468
12755 9584
12755 9808
12755 10416
12755 10823
12755 11338
12755 11465
12755 11524
12755 11533
12755 11537
12755 12011
12755 13007
12755 13209
12761 10416
12769 12011
12775 440
12775 477
12775 523
12775 2070
12775 2197
12775 2256
12775 3152
12775 5190
12775 5635
12775 5714
12775 5851
12775 6136
12775 6176
12775 6543
12775 6544
12775 6545
12775 6552
12775 6581
12775 7143
12775 7413
12775 8092
12775 8136
12775 8502
12775 8518
12775 8901
12775 8915
12775 8960
12775 9084
12775 9220
12775 9468
12775 9808
12775 10416
12775 11338
12775 11465
12775 11524
12775 11537
12775 11672
12775 12011
12775 13007
12775 13209
12777 440
12777 477
12777 562
12777 596
12777 716
12777 1315
12777 2197
12777 3152
12777 5190
12777 5635
12777 5714
12777 6136
12777 6176
12777 6544
12777 6545
12777 6552
12777 6559
12777 6581
12777 7120
12777 7143
12777 7413
12777 7738
12777 8092
12777 8136
12777 8502
12777 8518
12777 8542
12777 8591
12777 8901
12777 8915
12777 8960
12777 9084
12777 9220
12777 9226
12777 9808
12777 9812
12777 10416
12777 10823
12777 11338
12777 11465
12777 11524
12777 11537
12777 12011
12777 13007
12777 13209
12806 440
12806 477
12806 523
12806 2070
12806 2197
12806 2256
12806 3152
12806 5190
12806 5635
12806 5851
12806 6136
12806 6176
12806 6544
12806 6552
12806 6581
12806 7143
12806 7413
12806 8092
12806 8136
12806 8502
12806 8518
12806 8901
12806 8915
12806 8960
12806 9084
12806 9220
12806 9468
12806 9808
12806 10416
12806 10823
12806 11338
12806 11465
12806 11524
12806 11537
12806 12011
12806 13007
12806 13209
12810 440
12810 477
12810 523
12810 562
12810 716
12810 1315
12810 2012
12810 2197
12810 2256
12810 2966
12810 3152
12810 5190
12810 5635
12810 5714
12810 5851
12810 6136
12810 6176
12810 6543
12810 6544
12810 6545
12810 6552
12810 6581
12810 7143
12810 7413
12810 8092
12810 8136
12810 8502
12810 8514
12810 8518
12810 8542
12810 8591
12810 8901
12810 8960
12810 9084
12810 9107
12810 9220
12810 9226
12810 9808
12810 10416
12810 10823
12810 11338
12810 11465
12810 11524
12810 11537
12810 12011
12810 12910
12810 13007
12810 13209
12832 10416
12833 10416
12877 440
12877 3152
12877 5190
12877 5635
12877 5851
12877 6544
12877 8092
12877 8518
12877 9084
12877 9990
12877 10416
12877 10823
12877 11537
12877 12011
12877 12770
12877 13209
12880 10416
12881 440
12881 2071
12881 5190
12881 5635
12881 5714
12881 5851
12881 6063
12881 6176
12881 6544
12881 8092
12881 8518
12881 9084
12881 9990
12881 10416
12881 10823
12881 11537
12881 12011
12881 12770
12881 13007
12881 13209
12882 10416
12884 5190
12884 5714
12884 9084
12884 9990
12884 10416
12884 11537
12884 13007
12884 13209
12885 477
12885 2070
12885 5190
12885 5635
12885 5851
12885 6176
12885 6543
12885 6544
12885 8136
12885 9084
12885 9107
12885 9837
12885 9990
12885 10416
12885 11338
12885 11537
12885 12011
12885 13007
12885 13209
12899 477
12899 523
12899 2012
12899 3152
12899 5190
12899 5635
12899 5851
12899 6136
12899 6176
12899 6552
12899 8092
12899 8136
12899 8502
12899 8518
12899 8591
12899 9084
12899 9164
12899 9808
12899 10416
12899 11338
12899 11465
12899 11537
12899 12011
12899 13007
12899 13209
12899 14196
12906 172
12906 440
12906 477
12906 2070
12906 5635
12906 5714
12906 5851
12906 6543
12906 6544
12906 6581
12906 7143
12906 8092
12906 8502
12906 8518
12906 8901
12906 9084
12906 9220
12906 9808
12906 10416
12906 11338
12906 11524
12906 11537
12906 12011
12906 13007
12906 13209
12925 440
12925 477
12925 2256
12925 5190
12925 5635
12925 5714
12925 5851
12925 6176
12925 6543
12925 6544
12925 6552
12925 6559
12925 8092
12925 8136
12925 8518
12925 8901
12925 8960
12925 9084
12925 9107
12925 9220
12925 9226
12925 9808
12925 10416
12925 10823
12925 10918
12925 11338
12925 11465
12925 11524
12925 11537
12925 12011
12925 13209
12927 440
12927 477
12927 523
12927 2197
12927 3152
12927 5190
12927 5635
12927 5714
12927 5851
12927 6136
12927 6176
12927 6543
12927 6544
12927 6545
12927 6552
12927 6581
12927 7143
12927 7413
12927 8092
12927 8136
12927 8502
12927 8518
12927 8591
12927 8901
12927 8915
12927 8960
12927 9084
12927 9220
12927 9468
12927 9808
12927 10416
12927 10823
12927 10918
12927 11338
12927 11465
12927 11524
12927 11537
12927 12011
12927 13007
12927 13209
12943 440
12943 477
12943 562
12943 716
12943 2012
12943 2070
12943 2197
12943 2256
12943 3152
12943 4483
12943 5190
12943 5635
12943 5662
12943 5714
12943 5851
12943 6136
12943 6176
12943 6543
12943 6544
12943 6552
12943 6581
12943 7143
12943 7413
12943 8092
12943 8136
12943 8502
12943 8514
12943 8518
12943 8901
12943 9084
12943 9107
12943 9122
12943 9164
12943 9220
12943 9226
12943 9808
12943 9913
12943 10416
12943 10582
12943 10823
12943 11338
12943 11520
12943 11524
12943 11537
12943 12011
12943 12770
12943 13007
12943 13209
12950 10416
12956 440
12956 477
12956 2070
12956 2256
12956 3152
12956 5190
12956 5474
12956 5635
12956 5714
12956 5851
12956 6136
12956 6176
12956 6543
12956 6544
12956 6545
12956 6552
12956 6581
12956 7143
12956 8092
12956 8099
12956 8136
12956 8502
12956 8518
12956 8523
12956 8901
12956 8960
12956 9084
12956 9107
12956 9220
12956 9468
12956 9808
12956 9812
12956 10416
12956 10823
12956 10918
12956 11338
12956 11465
12956 11524
12956 11537
12956 12011
12956 12770
12956 12883
12956 12910
12956 12918
12956 13007
12956 13209
12967 9808
12968 2012
12968 3152
12968 5190
12968 5851
12968 6176
12968 6544
12968 8092
12968 8136
12968 8518
12968 9084
12968 9837
12968 9990
12968 10416
12968 11338
12968 11537
12968 12011
12968 12770
12968 13209
12991 10416
12996 2070
12996 5190
12996 5714
12996 5851
12996 6176
12996 6544
12996 8092
12996 8518
12996 9084
12996 9122
12996 9990
12996 10416
12996 11338
12996 11537
12996 12011
12996 12770
12996 13007
12996 13209
13026 440
13026 477
13026 523
13026 716
13026 1028
13026 2012
13026 2070
13026 2197
13026 3152
13026 4488
13026 5190
13026 5635
13026 5714
13026 5851
13026 6136
13026 6176
13026 6543
13026 6544
13026 6552
13026 6581
13026 7143
13026 8092
13026 8136
13026 8502
13026 8514
13026 8518
13026 8901
13026 8960
13026 9084
13026 9107
13026 9164
13026 9220
13026 9808
13026 9812
13026 9913
13026 10416
13026 10823
13026 11338
13026 11465
13026 11524
13026 11537
13026 11672
13026 12011
13026 12770
13026 12910
13026 13007
13026 13209
13083 10416
13094 10416
13097 10416
13098 440
13098 477
13098 716
13098 2012
13098 2070
13098 3152
13098 5190
13098 5635
13098 5714
13098 5851
13098 6063
13098 6136
13098 6176
13098 6543
13098 6544
13098 6552
13098 6581
13098 7143
13098 8092
13098 8136
13098 8502
13098 8518
13098 8591
13098 8901
13098 8960
13098 9084
13098 9107
13098 9164
13098 9220
13098 9808
13098 9990
13098 10823
13098 10918
13098 11338
13098 11465
13098 11537
13098 12011
13098 12910
13098 13007
13098 13209
13099 3973
13099 5190
13099 5714
13099 5781
13099 5851
13099 6136
13099 6176
13099 6544
13099 8379
13099 9084
13099 9164
13099 9990
13099 10416
13099 11338
13099 11537
13099 12011
13099 13007
13099 13209
13100 590
13100 3152
13100 3973
13100 5190
13100 5635
13100 5851
13100 6176
13100 6544
13100 6552
13100 8518
13100 9084
13100 9837
13100 10416
13100 10823
13100 11524
13100 11537
13100 12011
13100 12770
13113 10416
13117 10416
13129 10416
13133 477
13133 2070
13133 5190
13133 5851
13133 6136
13133 6176
13133 6544
13133 8136
13133 8518
13133 9084
13133 9107
13133 9808
13133 9990
13133 10115
13133 10416
13133 10823
13133 11338
13133 11537
13133 12011
13133 13007
13133 13209
13134 10416
13139 172
13139 477
13139 2071
13139 3152
13139 5190
13139 5851
13139 6136
13139 6176
13139 6543
13139 6544
13139 8092
13139 8136
13139 8502
13139 8518
13139 9084
13139 9164
13139 9808
13139 9990
13139 10416
13139 11338
13139 11537
13139 12011
13139 13007
13139 13209
13141 440
13141 477
13141 3152
13141 3973
13141 5190
13141 5635
13141 5714
13141 5851
13141 6176
13141 6544
13141 8018
13141 8092
13141 8518
13141 9084
13141 9107
13141 9808
13141 11338
13141 11537
13141 11599
13141 12011
13141 12770
13141 13209
13144 5190
13144 5851
13144 6544
13144 8092
13144 8518
13144 9990
13144 12011
13144 13007
13144 13209
13149 10416
13154 10416
13161 10416
13164 10416
13166 10416
13191 10416
13192 5190
13192 5714
13192 5851
13192 6063
13192 6176
13192 6544
13192 8502
13192 8518
13192 8591
13192 8901
13192 9084
13192 9808
13192 9837
13192 9990
13192 11338
13192 11537
13192 12011
13192 12770
13192 13007
13192 13209
13195 10416
13199 10416
13201 10416
13202 440
13202 477
13202 3152
13202 5190
13202 5635
13202 5714
13202 5851
13202 6063
13202 6176
13202 6544
13202 8092
13202 8136
13202 8518
13202 9084
13202 9808
13202 9837
13202 9990
13202 10416
13202 11338
13202 11465
13202 11537
13202 12011
13202 12770
13202 13209
13212 3152
13212 3973
13212 5190
13212 5714
13212 5851
13212 6063
13212 8018
13212 8092
13212 8136
13212 8518
13212 9084
13212 9990
13212 10416
13212 11338
13212 11524
13212 11537
13212 11599
13212 12011
13212 12770
13212 13209
13223 10416
13232 5190
13232 5635
13232 8518
13232 10416
13232 11537
13232 12011
13232 12770
13232 13209
13233 10416
13236 440
13236 477
13236 5190
13236 5635
13236 5851
13236 6176
13236 6544
13236 8092
13236 8518
13236 10416
13236 11338
13236 11537
13236 12011
13236 12770
13236 13209
13253 10416
13314 10416
13315 10416
13316 440
13316 477
13316 523
13316 716
13316 2070
13316 3152
13316 4488
13316 5190
13316 5635
13316 5714
13316 5851
13316 6136
13316 6176
13316 6544
13316 6545
13316 6552
13316 6559
13316 6581
13316 7120
13316 7143
13316 7366
13316 7413
13316 8018
13316 8092
13316 8136
13316 8502
13316 8514
13316 8518
13316 8591
13316 8901
13316 8918
13316 9084
13316 9122
13316 9164
13316 9220
13316 9226
13316 9239
13316 9808
13316 9837
13316 9913
13316 10416
13316 10582
13316 10823
13316 11338
13316 11465
13316 11524
13316 11537
13316 12011
13316 12770
13316 13007
13316 13209
13325 10416
13327 10416
13344 5190
13344 6544
13344 8136
13344 8518
13344 9084
13344 9990
13344 10416
13344 10823
13344 11338
13344 11537
13344 12011
13344 12770
13344 13209
13477 10416
13533 440
13533 2070
13533 5190
13533 5851
13533 6544
13533 8136
13533 8518
13533 9808
13533 9990
13533 10416
13533 11338
13533 11524
13533 11537
13533 12011
13533 12770
13533 13007
13533 13209
13540 10416
13545 3152
13545 5190
13545 5714
13545 5851
13545 6136
13545 6176
13545 6544
13545 8092
13545 8136
13545 8502
13545 8518
13545 9808
13545 9990
13545 11338
13545 11537
13545 12011
13545 13007
13545 13209
13548 5190
13548 5851
13548 6176
13548 6544
13548 8092
13548 8136
13548 8518
13548 9084
13548 9808
13548 9837
13548 9990
13548 10416
13548 11338
13548 11524
13548 11537
13548 12011
13548 12770
13548 13007
13548 13209
13555 477
13555 716
13555 1007
13555 2012
13555 2070
13555 3152
13555 5190
13555 5635
13555 5714
13555 5851
13555 6136
13555 6176
13555 6543
13555 6544
13555 6552
13555 6581
13555 7120
13555 7143
13555 7738
13555 8092
13555 8136
13555 8502
13555 8518
13555 8542
13555 8587
13555 8591
13555 8901
13555 8960
13555 9084
13555 9122
13555 9164
13555 9220
13555 9808
13555 9812
13555 10416
13555 10582
13555 10823
13555 11338
13555 11465
13555 11523
13555 11524
13555 11537
13555 11948
13555 12011
13555 13007
13555 13209
13571 10416
13578 3152
13578 5190
13578 5851
13578 6176
13578 6544
13578 8518
13578 9084
13578 9990
13578 10416
13578 10823
13578 11338
13578 11537
13578 12011
13578 12770
13578 13209
13579 10416
13589 5190
13589 5714
13589 5851
13589 6176
13589 6544
13589 8518
13589 8591
13589 9164
13589 9990
13589 10416
13589 12011
13593 477
13593 5851
13593 6136
13593 8092
13593 8136
13593 8518
13593 8591
13593 8605
13593 9084
13593 9164
13593 9808
13593 9990
13593 10416
13593 11524
13593 11537
13593 12011
13593 12770
13593 13007
13593 13209
13750 3152
13750 3973
13750 4219
13750 5190
13750 5474
13750 5851
13750 6544
13750 8518
13750 9084
13750 9107
13750 9808
13750 9990
13750 11537
13750 12770
13750 13209
13751 3973
13751 5190
13751 5474
13751 5635
13751 6544
13751 8092
13751 8518
13751 9292
13751 9990
13751 10416
13751 11338
13751 11341
13751 11537
13751 12011
13751 13007
13755 10416
13813 10416
13821 10416
13833 10416
13849 440
13849 477
13849 523
13849 716
13849 2070
13849 2197
13849 2256
13849 3152
13849 4488
13849 5190
13849 5635
13849 5714
13849 5851
13849 6136
13849 6176
13849 6543
13849 6544
13849 6552
13849 6559
13849 6581
13849 7120
13849 7143
13849 7366
13849 7413
13849 8092
13849 8136
13849 8502
13849 8518
13849 8542
13849 8591
13849 8901
13849 8915
13849 9084
13849 9107
13849 9122
13849 9164
13849 9220
13849 9584
13849 9808
13849 10582
13849 10823
13849 11338
13849 11465
13849 11537
13849 12011
13849 12770
13849 12910
13849 13007
13849 13209
13850 9468
13850 9808
13850 10416
13949 10416
13961 10416
13964 10416
13966 10416
13974 10416
13977 10416
13981 10416
13984 10416
13989 10416
13990 10416
13991 2070
13991 3152
13991 3973
13991 5190
13991 5474
13991 5635
13991 5851
13991 6063
13991 6136
13991 6176
13991 6544
13991 8136
13991 9084
13991 9990
13991 10416
13991 10823
13991 11537
13991 12011
13991 13007
13993 10416
14035 10416
14046 10416
14047 10416
14049 10416
14081 10416
14086 10416
14103 10416
14120 10416
14121 5190
14121 6136
14121 8092
14121 8518
14121 9084
14121 9990
14121 10416
14121 11338
14121 11537
14121 12011
14121 13007
14121 13209
14122 10416
14123 3152
14123 5190
14123 5851
14123 6136
14123 6176
14123 6544
14123 8092
14123 8518
14123 8960
14123 9084
14123 9164
14123 9808
14123 9990
14123 10416
14123 11338
14123 11524
14123 11537
14123 12011
14123 12770
14123 13007
14123 13209
14125 10416
14126 10416
14277 5190
14277 5851
14277 6136
14277 8092
14277 8518
14277 8901
14277 9084
14277 9990
14277 10416
14277 11338
14277 11537
14277 12011
14277 13007
14279 10416
14443 10416
14492 3152
14492 3973
14492 5190
14492 5474
14492 5851
14492 6544
14492 8018
14492 8092
14492 8518
14492 8591
14492 9107
14492 9164
14492 9808
14492 9990
14492 10416
14492 11338
14492 11537
14492 13007
14492 13209
14493 10416
14496 10416
14499 10416
14503 10416
14505 10416
14506 2070
14506 3152
14506 5190
14506 5851
14506 6136
14506 6552
14506 8092
14506 8518
14506 9084
14506 9990
14506 10416
14506 11338
14506 11524
14506 11537
14506 12011
14506 13007
14506 13209
