14541 14541 11069
982 50
982 102
982 456
982 830
982 935
982 1242
982 1463
982 1574
982 1710
982 1719
982 1804
982 2684
982 2996
982 3043
982 3196
982 3822
982 3872
982 3992
982 4215
982 4359
982 4512
982 4647
982 4994
982 5047
982 5224
982 5365
982 5646
982 5792
982 6206
982 6460
982 6703
982 6735
982 6773
982 6812
982 7438
982 8517
982 8680
982 8684
982 8700
982 8721
982 8818
982 9389
982 9457
982 9571
982 9617
982 9893
982 10067
982 10155
982 10205
982 10259
982 10681
982 10806
982 10808
982 10884
982 11039
982 11045
982 11049
982 11173
982 11288
982 11334
982 11689
982 11691
982 11707
982 11777
982 11809
982 11813
982 11827
982 11900
982 12160
982 12350
982 12644
982 12661
982 12691
982 12725
982 12899
982 12927
982 13083
982 13098
982 13201
982 13554
982 13935
982 13984
982 14276
1047 52
1047 56
1047 57
1047 60
1047 61
1047 63
1047 64
1047 67
1047 68
1047 72
1047 73
1047 74
1047 146
1047 485
1047 525
1047 545
1047 613
1047 728
1047 733
1047 747
1047 829
1047 830
1047 839
1047 1098
1047 1273
1047 1293
1047 1308
1047 1448
1047 1528
1047 1531
1047 1574
1047 1655
1047 1715
1047 1770
1047 1853
1047 1858
1047 2066
1047 2437
1047 3188
1047 3196
1047 3562
1047 3632
1047 3639
1047 3674
1047 3758
1047 3869
1047 3880
1047 3919
1047 3983
1047 4129
1047 4142
1047 4215
1047 4323
1047 4463
1047 4473
1047 4586
1047 4651
1047 4730
1047 4821
1047 4834
1047 4982
1047 5109
1047 5157
1047 5168
1047 5365
1047 5658
1047 5729
1047 5966
1047 5995
1047 6195
1047 6206
1047 6456
1047 6812
1047 6864
1047 6941
1047 6978
1047 7106
1047 7183
1047 7233
1047 7251
1047 7292
1047 7443
1047 7446
1047 7533
1047 7643
1047 7744
1047 7758
1047 7762
1047 7919
1047 8031
1047 8100
1047 8192
1047 8212
1047 8387
1047 8506
1047 8543
1047 8684
1047 8818
1047 8886
1047 8930
1047 8992
1047 9281
1047 9333
1047 9379
1047 9393
1047 9467
1047 9563
1047 9570
1047 9603
1047 9784
1047 9841
1047 9865
1047 9892
1047 9910
1047 10155
1047 10200
1047 10247
1047 10320
1047 10425
1047 10483
1047 10518
1047 10547
1047 10566
1047 10571
1047 10592
1047 10650
1047 10726
1047 10727
1047 10728
1047 10732
1047 10781
1047 10788
1047 10806
1047 10829
1047 10884
1047 10911
1047 10932
1047 10937
1047 10955
1047 10957
1047 10967
1047 10968
1047 10973
1047 11020
1047 11023
1047 11045
1047 11079
1047 11151
1047 11212
1047 11251
1047 11297
1047 11298
1047 11311
1047 11334
1047 11424
1047 11425
1047 11426
1047 11427
1047 11438
1047 11462
1047 11495
1047 11512
1047 11809
1047 11822
1047 11847
1047 11962
1047 11972
1047 11977
1047 12160
1047 12292
1047 12402
1047 12429
1047 12460
1047 12521
1047 12536
1047 12540
1047 12644
1047 12661
1047 12689
1047 12697
1047 12761
1047 12802
1047 12832
1047 12833
1047 12882
1047 12884
1047 12885
1047 12891
1047 12927
1047 12950
1047 12961
1047 12967
1047 13096
1047 13097
1047 13098
1047 13113
1047 13115
1047 13139
1047 13140
1047 13149
1047 13192
1047 13196
1047 13236
1047 13326
1047 13477
1047 13533
1047 13540
1047 13578
1047 13579
1047 13600
1047 13750
1047 13752
1047 13939
1047 13949
1047 13950
1047 13964
1047 13974
1047 13977
1047 13978
1047 13979
1047 13989
1047 13991
1047 14046
1047 14049
1047 14120
1047 14122
1047 14123
1047 14124
1047 14125
1047 14126
1047 14273
1047 14274
1047 14278
1047 14279
1047 14280
1047 14440
1047 14443
1047 14492
1047 14493
1047 14495
1047 14496
1047 14497
1047 14500
1047 14502
1047 14505
1272 5157
1275 76
3488 6531
3488 9836
3488 10294
3488 10910
3489 1497
3489 4777
3489 10205
3490 3562
3570 388
3570 1715
3570 3651
3570 7849
3570 9173
3570 9177
3570 9178
3570 9571
3570 10544
3660 1784
3660 1916
3660 2223
3660 5965
3660 10909
3660 12470
3660 13970
3660 14023
3663 4142
3663 6473
3720 63
3720 74
3720 3153
3720 4289
3720 4674
3720 6337
3720 7124
3720 7841
3720 8211
3720 8448
3720 10136
3720 10732
3723 4826
3723 10711
3723 12154
3723 12402
3747 760
3747 10259
3748 69
3748 759
3748 760
3748 1597
3748 1715
3748 3188
3748 4142
3748 5264
3748 6196
3748 6892
3748 9186
3748 10259
3748 10286
3748 11183
3748 11906
3752 6196
3752 8172
3752 10259
3752 10286
3752 12093
3753 1319
3753 4826
3753 5001
3753 5995
3753 12154
3753 12402
3754 759
3754 1319
3754 1715
3754 6196
3754 8172
3754 10259
3754 12093
3756 6080
3757 10286
3760 4951
3760 7292
3765 56
3765 60
3765 63
3765 65
3765 68
3765 74
3765 146
3765 525
3765 679
3765 738
3765 839
3765 842
3765 1025
3765 1147
3765 1293
3765 1341
3765 1528
3765 1533
3765 1704
3765 1715
3765 2082
3765 2547
3765 3043
3765 3187
3765 3192
3765 3196
3765 3639
3765 3709
3765 3713
3765 3806
3765 4002
3765 4074
3765 4129
3765 4286
3765 4477
3765 4586
3765 4611
3765 4651
3765 4751
3765 5025
3765 5182
3765 5365
3765 5493
3765 5658
3765 5697
3765 5993
3765 6080
3765 6490
3765 6892
3765 6904
3765 7064
3765 7100
3765 7106
3765 7233
3765 7292
3765 7443
3765 7533
3765 7547
3765 7658
3765 7700
3765 7758
3765 7791
3765 8002
3765 8315
3765 8562
3765 8603
3765 8684
3765 8834
3765 9453
3765 9489
3765 9603
3765 9645
3765 9677
3765 9683
3765 9784
3765 9865
3765 9892
3765 10015
3765 10259
3765 10320
3765 10425
3765 10483
3765 10495
3765 10571
3765 10590
3765 10592
3765 10638
3765 10650
3765 10653
3765 10728
3765 10782
3765 10785
3765 10788
3765 11049
3765 11146
3765 11152
3765 11251
3765 11688
3765 11713
3765 11777
3765 11805
3765 11962
3765 11977
3765 12075
3765 12375
3765 12402
3765 12405
3765 12460
3765 12540
3765 12631
3765 12644
3765 12691
3765 12721
3765 12802
3765 12882
3765 13096
3765 13099
3765 13140
3765 13149
3765 13540
3765 13571
3765 13600
3765 13964
3765 13977
3765 14032
3765 14047
3765 14050
3765 14492
3765 14497
3765 14506
3773 97
3773 368
3773 516
3773 703
3773 741
3773 1191
3773 1230
3773 1512
3773 2014
3773 2327
3773 2440
3773 2496
3773 3363
3773 3599
3773 4185
3773 4360
3773 4382
3773 4687
3773 4930
3773 4987
3773 5309
3773 5460
3773 5831
3773 6325
3773 6439
3773 6947
3773 8231
3773 8461
3773 8687
3773 9388
3773 9936
3773 10174
3773 10752
3773 11454
3773 11593
3773 12863
3773 13263
3773 14082
3773 14345
3812 342
3812 1178
3812 1179
3812 1180
3812 1181
3812 3032
3812 3970
3812 3971
3812 5696
3812 12484
3812 14001
3978 1178
3978 1181
3978 4772
3978 4795
3978 4863
3978 5026
3978 5447
3978 7928
3978 8461
3978 9951
3978 10810
3978 11454
3978 12423
3978 12737
4299 632
4299 1715
4299 2641
4299 5698
4299 6080
4299 6273
4299 6531
4299 7000
4299 8492
4299 9177
4299 9178
4299 9571
4299 9590
4299 10066
4299 10259
4300 347
4300 1454
4300 1837
4300 3007
4300 3651
4300 4887
4300 5365
4300 5632
4300 5646
4300 6118
4300 7000
4300 7832
4300 8780
4300 9571
4300 10033
4300 10066
4300 11045
4300 12154
4300 12662
4301 141
4301 1454
4301 3007
4301 3651
4301 4887
4301 5365
4301 6080
4301 7000
4301 9177
4301 9178
4301 9571
4301 10544
4301 11045
4303 141
4303 632
4303 1715
4303 3651
4303 4887
4303 5365
4303 6080
4303 6531
4303 7606
4303 9177
4303 9178
4303 9571
4303 9590
4303 10205
4303 10544
4303 11045
4303 12943
4305 50
4305 51
4305 74
4305 102
4305 287
4305 288
4305 385
4305 733
4305 829
4305 830
4305 839
4305 1220
4305 1319
4305 1338
4305 1423
4305 1454
4305 1456
4305 1457
4305 1574
4305 1704
4305 1707
4305 1710
4305 2003
4305 2066
4305 2082
4305 2329
4305 2481
4305 2546
4305 2684
4305 2996
4305 3679
4305 3770
4305 3964
4305 4212
4305 4279
4305 4701
4305 4703
4305 4726
4305 4855
4305 4873
4305 4887
4305 5365
4305 5405
4305 5492
4305 5493
4305 5494
4305 5495
4305 5496
4305 5507
4305 5646
4305 5697
4305 6081
4305 6118
4305 6215
4305 6295
4305 6735
4305 6830
4305 7141
4305 7468
4305 7592
4305 7624
4305 7768
4305 7791
4305 7992
4305 8429
4305 8754
4305 8758
4305 8780
4305 8985
4305 9177
4305 9570
4305 9571
4305 9590
4305 10429
4305 10461
4305 10544
4305 10827
4305 10939
4305 11029
4305 11039
4305 11049
4305 11171
4305 11518
4305 11625
4305 11666
4305 11741
4305 11755
4305 11777
4305 11822
4305 11827
4305 11847
4305 11953
4305 11977
4305 11987
4305 12064
4305 12991
4305 13976
4412 50
4412 52
4412 58
4412 74
4412 102
4412 156
4412 549
4412 632
4412 829
4412 830
4412 839
4412 852
4412 892
4412 1098
4412 1350
4412 1456
4412 1704
4412 1707
4412 1715
4412 2003
4412 2066
4412 2168
4412 2288
4412 2377
4412 2467
4412 2481
4412 2493
4412 2684
4412 2996
4412 3196
4412 3420
4412 3674
4412 3806
4412 3928
4412 4115
4412 4132
4412 4215
4412 4279
4412 4586
4412 4961
4412 5224
4412 5405
4412 5493
4412 5494
4412 5495
4412 5496
4412 5507
4412 5582
4412 5623
4412 5697
4412 6215
4412 6484
4412 6531
4412 6735
4412 6812
4412 6830
4412 7010
4412 7233
4412 7438
4412 7446
4412 7465
4412 7553
4412 7624
4412 7768
4412 7992
4412 8054
4412 8335
4412 8429
4412 8684
4412 8721
4412 8748
4412 8754
4412 8818
4412 9333
4412 9617
4412 10066
4412 10160
4412 10205
4412 10277
4412 10429
4412 10518
4412 10592
4412 10724
4412 10884
4412 10985
4412 11039
4412 11045
4412 11049
4412 11052
4412 11288
4412 11334
4412 11612
4412 11689
4412 11691
4412 11777
4412 11800
4412 11805
4412 11809
4412 11825
4412 11886
4412 11900
4412 12064
4412 12074
4412 12160
4412 12433
4412 12725
4412 12896
4412 13083
4412 13098
4412 13133
4412 13169
4412 13223
4412 13850
4412 13981
4412 14442
4412 14492
4677 56
4677 58
4677 59
4677 60
4677 67
4677 738
4677 829
4677 839
4677 1025
4677 1293
4677 1319
4677 1497
4677 2066
4677 3276
4677 3504
4677 3506
4677 3674
4677 3806
4677 4129
4677 4142
4677 4154
4677 4651
4677 4674
4677 4730
4677 4750
4677 4819
4677 4821
4677 4827
4677 4963
4677 5168
4677 5966
4677 5995
4677 6206
4677 6490
4677 6531
4677 6864
4677 6941
4677 7064
4677 7251
4677 7292
4677 7438
4677 7758
4677 8002
4677 8054
4677 8169
4677 8172
4677 8192
4677 8214
4677 8315
4677 8331
4677 8528
4677 8589
4677 8603
4677 8645
4677 8786
4677 8787
4677 8886
4677 9394
4677 9570
4677 9683
4677 9784
4677 9841
4677 10247
4677 10259
4677 10286
4677 10320
4677 10425
4677 10471
4677 10547
4677 10566
4677 10571
4677 10638
4677 10650
4677 10711
4677 10728
4677 10729
4677 10731
4677 10806
4677 10808
4677 10884
4677 10968
4677 10986
4677 11146
4677 11281
4677 11462
4677 11688
4677 11805
4677 11829
4677 11972
4677 12071
4677 12160
4677 12460
4677 12467
4677 12540
4677 12691
4677 12761
4677 12775
4677 12802
4677 12956
4677 13164
4677 13166
4677 13169
4677 13196
4677 13327
4677 13329
4677 13600
4677 13755
4677 14049
4677 14103
4677 14274
4677 14278
4677 14440
4677 14503
4677 14506
4733 1179
4733 3032
4733 3968
4733 3970
4733 3971
4733 12484
4733 14001
4734 342
4734 1178
4734 1179
4734 1180
4734 1181
4734 3032
4734 3968
4734 3969
4734 3970
4734 3971
4734 5652
4734 5678
4734 5696
4734 12484
4734 14001
4763 60
4763 63
4763 65
4763 73
4763 679
4763 733
4763 739
4763 754
4763 842
4763 1025
4763 1293
4763 1308
4763 1528
4763 1533
4763 1640
4763 1770
4763 1853
4763 2066
4763 2315
4763 2547
4763 3105
4763 3187
4763 3192
4763 3283
4763 3709
4763 3713
4763 3796
4763 3816
4763 3880
4763 4002
4763 4129
4763 4142
4763 4193
4763 4484
4763 4651
4763 4827
4763 4884
4763 5182
4763 5230
4763 5904
4763 5993
4763 6195
4763 6196
4763 6206
4763 6580
4763 6864
4763 7106
4763 7233
4763 7292
4763 7658
4763 7700
4763 7724
4763 8169
4763 8315
4763 8562
4763 8589
4763 8886
4763 9394
4763 9543
4763 9569
4763 9645
4763 10218
4763 10286
4763 10320
4763 10483
4763 10518
4763 10547
4763 10626
4763 10728
4763 10767
4763 10806
4763 10884
4763 10903
4763 10986
4763 11152
4763 11251
4763 11259
4763 11281
4763 11377
4763 11462
4763 11713
4763 11734
4763 11735
4763 11828
4763 11829
4763 12071
4763 12075
4763 12350
4763 12375
4763 12540
4763 12631
4763 12672
4763 12721
4763 12885
4763 12967
4763 13140
4763 13143
4763 13164
4763 13196
4763 13329
4763 13540
4763 13964
4763 13990
4763 14049
4763 14274
4763 14278
4763 14280
4763 14442
4763 14495
4763 14497
4763 14499
4763 14502
4771 60
4771 61
4771 63
4771 65
4771 67
4771 68
4771 73
4771 74
4771 146
4771 525
4771 526
4771 666
4771 679
4771 726
4771 738
4771 829
4771 830
4771 839
4771 842
4771 1098
4771 1273
4771 1308
4771 1319
4771 1531
4771 1533
4771 1574
4771 1640
4771 1715
4771 1770
4771 2066
4771 2382
4771 2547
4771 3188
4771 3196
4771 3576
4771 3674
4771 3709
4771 3806
4771 3880
4771 4002
4771 4142
4771 4286
4771 4586
4771 4651
4771 4657
4771 4887
4771 5168
4771 5230
4771 5365
4771 5422
4771 5658
4771 5966
4771 5995
4771 6080
4771 6195
4771 6206
4771 6456
4771 6812
4771 6864
4771 7064
4771 7233
4771 7443
4771 7446
4771 7533
4771 7547
4771 7658
4771 7700
4771 7758
4771 8054
4771 8192
4771 8315
4771 8331
4771 8387
4771 8562
4771 8721
4771 8786
4771 8818
4771 9333
4771 9563
4771 9569
4771 9570
4771 9645
4771 9646
4771 9784
4771 9865
4771 10200
4771 10231
4771 10259
4771 10286
4771 10320
4771 10425
4771 10471
4771 10483
4771 10518
4771 10547
4771 10566
4771 10575
4771 10592
4771 10616
4771 10650
4771 10727
4771 10728
4771 10732
4771 10788
4771 10806
4771 10884
4771 10937
4771 11027
4771 11045
4771 11152
4771 11259
4771 11311
4771 11334
4771 11427
4771 11462
4771 11688
4771 11766
4771 11809
4771 11962
4771 12160
4771 12350
4771 12402
4771 12467
4771 12536
4771 12558
4771 12634
4771 12644
4771 12691
4771 12721
4771 12761
4771 12802
4771 12832
4771 12833
4771 12882
4771 12927
4771 13096
4771 13098
4771 13139
4771 13140
4771 13143
4771 13149
4771 13164
4771 13196
4771 13540
4771 13571
4771 13964
4771 13966
4771 13977
4771 13978
4771 13991
4771 14046
4771 14049
4771 14122
4771 14124
4771 14125
4771 14274
4771 14279
4771 14440
4771 14492
4771 14497
4771 14500
4771 14503
4771 14505
4796 342
4796 1178
4796 1179
4796 1180
4796 1181
4796 3032
4796 3968
4796 3970
4796 3971
4796 5652
4796 12484
4799 342
4799 1178
4799 1179
4799 1180
4799 1181
4799 3968
4799 3970
4799 3971
4799 5652
4799 5696
4799 12484
4799 14001
4802 342
4802 1178
4802 1179
4802 1180
4802 1181
4802 3032
4802 3968
4802 3970
4802 3971
4802 5696
4802 12484
4802 14001
4804 1178
4804 1179
4804 1180
4804 1181
4804 3032
4804 3968
4804 3969
4804 3970
4804 3971
4804 5652
4804 5696
4804 12484
4804 14001
4808 1178
4808 1179
4808 1180
4808 1181
4808 3968
4808 3970
4808 3971
4808 5696
4888 1482
4888 3814
4888 4951
4888 6081
4888 8211
4888 9047
4888 11748
4888 12367
4888 14124
4890 1482
4890 4951
4890 8211
4890 9844
4890 9950
4890 11151
4890 11396
4890 11412
4890 11748
4890 14124
4891 1482
4891 2534
4891 4951
4891 5162
4891 6081
4891 8211
4891 9844
4891 9950
4891 11151
4891 11396
4891 11412
4891 11748
4891 14124
4895 69
4895 5182
4895 9784
4895 10518
4895 10985
4895 11052
4895 11146
4895 11707
4895 12661
4895 12691
4903 59
4903 60
4903 63
4903 65
4903 67
4903 68
4903 74
4903 146
4903 525
4903 526
4903 671
4903 679
4903 738
4903 829
4903 839
4903 852
4903 1098
4903 1308
4903 1497
4903 1531
4903 1574
4903 2066
4903 2382
4903 2467
4903 3187
4903 3188
4903 3576
4903 3639
4903 3674
4903 3716
4903 3816
4903 3822
4903 3880
4903 3919
4903 4002
4903 4142
4903 4154
4903 4289
4903 4586
4903 4651
4903 4674
4903 4750
4903 4791
4903 4826
4903 4994
4903 5182
4903 5422
4903 5658
4903 5903
4903 5966
4903 6206
4903 6490
4903 6531
4903 6711
4903 6864
4903 7233
4903 7333
4903 7446
4903 7465
4903 7547
4903 7876
4903 8012
4903 8031
4903 8315
4903 8350
4903 8645
4903 8786
4903 8818
4903 8834
4903 9152
4903 9333
4903 9467
4903 9570
4903 9603
4903 9841
4903 9892
4903 10120
4903 10197
4903 10200
4903 10221
4903 10259
4903 10320
4903 10433
4903 10471
4903 10483
4903 10566
4903 10571
4903 10575
4903 10592
4903 10650
4903 10724
4903 10732
4903 10767
4903 10782
4903 10827
4903 11045
4903 11049
4903 11259
4903 11288
4903 11334
4903 11462
4903 11512
4903 11707
4903 11805
4903 11809
4903 11813
4903 11847
4903 11977
4903 12071
4903 12160
4903 12364
4903 12375
4903 12402
4903 12467
4903 12540
4903 12669
4903 12691
4903 12802
4903 12882
4903 13083
4903 13113
4903 13139
4903 13149
4903 13161
4903 13164
4903 13477
4903 13540
4903 13555
4903 13571
4903 13600
4903 13964
4903 13966
4903 14047
4903 14049
4903 14125
4903 14440
4903 14492
4903 14497
4903 14499
4903 14500
4903 14502
4903 14505
4908 351
4908 1482
4908 2534
4908 3814
4908 4388
4908 4951
4908 5162
4908 5998
4908 6081
4908 9047
4908 9950
4908 11151
4908 11396
4908 11748
4911 1482
4911 4388
4911 4951
4911 9844
4911 11396
4911 11485
4917 57
4917 58
4917 61
4917 63
4917 65
4917 67
4917 68
4917 74
4917 146
4917 525
4917 640
4917 666
4917 671
4917 679
4917 720
4917 738
4917 829
4917 830
4917 839
4917 842
4917 852
4917 1098
4917 1308
4917 1319
4917 1409
4917 1528
4917 1533
4917 2066
4917 2382
4917 2467
4917 2547
4917 3105
4917 3187
4917 3188
4917 3576
4917 3674
4917 3758
4917 4002
4917 4142
4917 4192
4917 4286
4917 4586
4917 4657
4917 4674
4917 4751
4917 4887
4917 5168
4917 5182
4917 5365
4917 5422
4917 5658
4917 5697
4917 6080
4917 6206
4917 6456
4917 6531
4917 6812
4917 6830
4917 6941
4917 7233
4917 7443
4917 7446
4917 7533
4917 7547
4917 7658
4917 7700
4917 7758
4917 8054
4917 8315
4917 8387
4917 8562
4917 8684
4917 8721
4917 8818
4917 8834
4917 8886
4917 8930
4917 9333
4917 9387
4917 9543
4917 9563
4917 9569
4917 9570
4917 9571
4917 9646
4917 9784
4917 9841
4917 9865
4917 9892
4917 10200
4917 10231
4917 10320
4917 10425
4917 10471
4917 10483
4917 10518
4917 10566
4917 10575
4917 10616
4917 10638
4917 10650
4917 10728
4917 10732
4917 10788
4917 10806
4917 10884
4917 10937
4917 11039
4917 11045
4917 11049
4917 11152
4917 11259
4917 11311
4917 11334
4917 11427
4917 11462
4917 11512
4917 11688
4917 11809
4917 11847
4917 11962
4917 11977
4917 12075
4917 12160
4917 12349
4917 12350
4917 12402
4917 12467
4917 12536
4917 12644
4917 12691
4917 12761
4917 12802
4917 12832
4917 12833
4917 12882
4917 12927
4917 13096
4917 13098
4917 13113
4917 13139
4917 13143
4917 13149
4917 13161
4917 13164
4917 13169
4917 13223
4917 13477
4917 13540
4917 13571
4917 13949
4917 13964
4917 13977
4917 13978
4917 13981
4917 13991
4917 14046
4917 14049
4917 14119
4917 14122
4917 14125
4917 14279
4917 14280
4917 14440
4917 14492
4917 14495
4917 14496
4917 14497
4917 14500
4917 14505
4918 61
4918 63
4918 65
4918 68
4918 69
4918 73
4918 74
4918 94
4918 383
4918 640
4918 666
4918 679
4918 733
4918 1098
4918 1379
4918 1597
4918 1804
4918 2547
4918 3105
4918 3188
4918 3283
4918 3576
4918 3713
4918 3816
4918 3841
4918 4002
4918 4074
4918 4188
4918 4192
4918 4286
4918 4289
4918 4388
4918 4586
4918 4657
4918 4887
4918 4928
4918 4994
4918 5013
4918 5230
4918 5365
4918 5379
4918 6080
4918 6199
4918 6350
4918 6711
4918 6812
4918 6892
4918 6900
4918 7065
4918 7106
4918 7233
4918 7259
4918 7533
4918 7547
4918 7608
4918 7658
4918 7700
4918 7871
4918 8335
4918 8452
4918 8818
4918 8849
4918 9543
4918 9645
4918 9646
4918 9865
4918 10120
4918 10200
4918 10277
4918 10477
4918 10483
4918 10518
4918 10592
4918 10616
4918 10653
4918 10727
4918 10732
4918 11023
4918 11039
4918 11152
4918 11512
4918 11766
4918 11828
4918 12075
4918 12402
4918 12405
4918 12512
4918 12536
4918 12558
4918 12631
4918 12634
4918 12721
4918 12927
4918 13477
4918 13540
4918 14280
4918 14442
4918 14496
4918 14497
4918 14499
4918 14505
4919 351
4919 1482
4919 3814
4919 4388
4919 4951
4919 5162
4919 5998
4919 6081
4919 9047
4919 9950
4919 11396
4921 3822
4921 4952
4921 4961
4921 4994
4921 6421
4921 6473
4921 6703
4921 6818
4921 7333
4921 7438
4921 7539
4921 7868
4921 8012
4921 9259
4921 10068
4921 10221
4921 12354
4921 12613
4925 60
4925 67
4925 73
4925 74
4925 94
4925 736
4925 759
4925 829
4925 830
4925 839
4925 852
4925 1098
4925 1308
4925 1463
4925 1574
4925 1704
4925 1707
4925 2066
4925 2377
4925 2481
4925 2996
4925 3187
4925 3674
4925 3806
4925 3928
4925 4115
4925 4142
4925 4289
4925 4477
4925 4611
4925 4726
4925 4826
4925 4949
4925 5034
4925 5168
4925 5211
4925 5383
4925 5493
4925 5495
4925 5496
4925 5697
4925 5875
4925 5966
4925 6199
4925 6295
4925 6469
4925 6484
4925 6735
4925 6830
4925 6864
4925 6941
4925 7064
4925 7141
4925 7233
4925 7446
4925 7468
4925 7547
4925 7624
4925 7658
4925 7791
4925 7876
4925 7992
4925 8214
4925 8589
4925 8645
4925 8754
4925 9333
4925 9394
4925 9841
4925 9921
4925 10320
4925 10483
4925 10518
4925 10592
4925 10626
4925 10711
4925 10728
4925 11038
4925 11049
4925 11152
4925 11281
4925 11334
4925 11462
4925 11689
4925 11713
4925 11809
4925 11813
4925 11822
4925 11969
4925 12071
4925 12402
4925 12405
4925 12536
4925 12540
4925 12669
4925 12802
4925 13098
4925 13164
4925 13166
4925 13196
4925 13540
4925 13850
4925 14049
4925 14274
4925 14440
4925 14442
4925 14492
4925 14497
4925 14506
4931 57
4931 65
4931 74
4931 671
4931 679
4931 726
4931 738
4931 829
4931 830
4931 839
4931 852
4931 1098
4931 1308
4931 1319
4931 1463
4931 1704
4931 1823
4931 1908
4931 2066
4931 2168
4931 2382
4931 2437
4931 2467
4931 2684
4931 3187
4931 3196
4931 3504
4931 3816
4931 3822
4931 4142
4931 4154
4931 4215
4931 4279
4931 4586
4931 4674
4931 4826
4931 4887
4931 4994
4931 5182
4931 5224
4931 5422
4931 5493
4931 5494
4931 5582
4931 5658
4931 5697
4931 6080
4931 6206
4931 6531
4931 6711
4931 6735
4931 6830
4931 7233
4931 7446
4931 7791
4931 7876
4931 8054
4931 8350
4931 8562
4931 8684
4931 8721
4931 8786
4931 8834
4931 9467
4931 9543
4931 9570
4931 9571
4931 9617
4931 9841
4931 10160
4931 10200
4931 10205
4931 10259
4931 10277
4931 10471
4931 10483
4931 10518
4931 10566
4931 10575
4931 10592
4931 10616
4931 10638
4931 10650
4931 10727
4931 10732
4931 10806
4931 10808
4931 11045
4931 11049
4931 11152
4931 11288
4931 11462
4931 11688
4931 11689
4931 11691
4931 11777
4931 11805
4931 11809
4931 11825
4931 11953
4931 11962
4931 11977
4931 12160
4931 12467
4931 12536
4931 12644
4931 12802
4931 12880
4931 12899
4931 13096
4931 13098
4931 13143
4931 13149
4931 13223
4931 13540
4931 13555
4931 13600
4931 13850
4931 14049
4931 14119
4931 14121
4931 14440
4931 14492
4931 14497
4931 14500
4966 58
4966 67
4966 73
4966 75
4966 146
4966 728
4966 755
4966 829
4966 1010
4966 1461
4966 2355
4966 2534
4966 3105
4966 3188
4966 3822
4966 3919
4966 4074
4966 4129
4966 4323
4966 4453
4966 4951
4966 4963
4966 5230
4966 5365
4966 5534
4966 5550
4966 5904
4966 5956
4966 6432
4966 6456
4966 6518
4966 6812
4966 6892
4966 7251
4966 7539
4966 7643
4966 8335
4966 8387
4966 8528
4966 8786
4966 8849
4966 8930
4966 9333
4966 9569
4966 9603
4966 9645
4966 10259
4966 10277
4966 10286
4966 10291
4966 10425
4966 10726
4966 10727
4966 10732
4966 10788
4966 10806
4966 11906
4966 11962
4966 12410
4966 12631
4966 12634
4966 12661
4966 12761
4966 12802
4966 12833
4966 12891
4966 12927
4966 12967
4966 13096
4966 13098
4966 13143
4966 13166
4966 13196
4966 13327
4966 13978
4966 13979
4966 14124
4966 14278
4966 14279
4966 14280
4966 14283
4966 14492
4966 14497
4967 67
4967 71
4967 73
4967 75
4967 146
4967 669
4967 829
4967 839
4967 1010
4967 1197
4967 1461
4967 2066
4967 2355
4967 2534
4967 3188
4967 3919
4967 4074
4967 4129
4967 4323
4967 4453
4967 4951
4967 4963
4967 5230
4967 5534
4967 5904
4967 5956
4967 6199
4967 6206
4967 6456
4967 6518
4967 6812
4967 6830
4967 6892
4967 7251
4967 7533
4967 7643
4967 7758
4967 8031
4967 8387
4967 8415
4967 8528
4967 8849
4967 8930
4967 9333
4967 9569
4967 9570
4967 9603
4967 9645
4967 9784
4967 10221
4967 10259
4967 10277
4967 10286
4967 10616
4967 10727
4967 10732
4967 10788
4967 10806
4967 11152
4967 11334
4967 11962
4967 11972
4967 12154
4967 12478
4967 12631
4967 12634
4967 12802
4967 12833
4967 12927
4967 12967
4967 13096
4967 13097
4967 13098
4967 13113
4967 13143
4967 13161
4967 13166
4967 13196
4967 13978
4967 13979
4967 14124
4967 14276
4967 14278
4967 14279
4967 14283
5067 6484
5120 379
5154 10342
5154 12161
5213 63
5213 72
5213 545
5213 754
5213 755
5213 760
5213 1379
5213 2377
5213 2464
5213 3187
5213 3188
5213 3858
5213 3869
5213 3966
5213 4115
5213 4129
5213 4730
5213 4951
5213 5001
5213 6080
5213 6195
5213 6196
5213 6199
5213 6518
5213 6812
5213 6892
5213 7251
5213 7386
5213 7443
5213 7638
5213 7643
5213 8192
5213 8315
5213 8331
5213 8387
5213 8488
5213 8506
5213 8786
5213 8930
5213 9569
5213 9603
5213 9645
5213 9683
5213 9784
5213 9892
5213 10197
5213 10231
5213 10259
5213 10286
5213 10483
5213 10611
5213 10726
5213 10727
5213 10731
5213 10978
5213 11146
5213 11152
5213 11183
5213 11426
5213 11906
5213 11962
5213 11972
5213 12093
5213 12467
5213 12494
5213 12536
5213 12540
5213 12631
5213 12761
5213 12882
5213 13196
5213 13949
5213 13966
5213 13974
5213 13989
5213 13991
5213 14124
5213 14277
5213 14278
5213 14441
5213 14493
5213 14496
5213 14500
5213 14503
5213 14506
5214 6812
5232 69
5232 1461
5232 4777
5232 4877
5232 4887
5232 4951
5232 5358
5232 5365
5232 6518
5232 12009
5232 12154
5232 12558
5232 12634
5256 5358
5256 12558
5265 4811
5265 5397
5265 5404
5265 9455
5268 67
5268 71
5268 754
5268 829
5268 830
5268 1293
5268 1308
5268 2546
5268 3562
5268 3674
5268 3810
5268 3926
5268 4129
5268 4142
5268 4154
5268 4651
5268 4750
5268 4821
5268 4951
5268 4961
5268 5102
5268 5168
5268 5595
5268 5993
5268 5995
5268 6206
5268 6338
5268 6432
5268 6865
5268 7064
5268 7167
5268 7251
5268 7292
5268 7643
5268 7758
5268 8002
5268 8054
5268 8169
5268 8315
5268 8350
5268 8415
5268 8480
5268 8566
5268 8786
5268 8787
5268 8880
5268 8886
5268 9162
5268 9221
5268 9367
5268 9660
5268 9677
5268 9784
5268 9852
5268 10015
5268 10155
5268 10286
5268 10291
5268 10425
5268 10471
5268 10547
5268 10711
5268 10767
5268 10806
5268 10968
5268 10978
5268 11146
5268 11288
5268 11462
5268 11485
5268 11813
5268 11829
5268 11876
5268 11906
5268 12160
5268 12358
5268 12540
5268 12669
5268 12672
5268 12691
5268 12775
5268 13329
5268 14049
5268 14103
5269 61
5269 63
5269 65
5269 66
5269 74
5269 94
5269 679
5269 752
5269 756
5269 873
5269 1197
5269 1708
5269 2462
5269 2467
5269 3105
5269 3188
5269 3679
5269 3816
5269 3858
5269 3964
5269 4074
5269 4192
5269 4193
5269 4928
5269 4994
5269 5013
5269 5264
5269 5631
5269 6080
5269 6199
5269 6438
5269 6518
5269 6711
5269 6812
5269 6987
5269 7065
5269 7080
5269 7122
5269 7124
5269 7233
5269 7259
5269 7438
5269 7475
5269 7533
5269 7608
5269 8488
5269 8562
5269 8818
5269 8849
5269 9333
5269 9646
5269 9685
5269 9865
5269 10200
5269 10477
5269 10653
5269 11152
5269 11320
5269 11481
5269 11748
5269 11809
5269 11832
5269 12075
5269 12402
5269 12478
5269 12512
5269 12532
5269 12536
5269 12631
5269 12806
5269 12927
5269 13540
5270 554
5270 632
5270 829
5270 1242
5270 1338
5270 1454
5270 1716
5270 1804
5270 2291
5270 2978
5270 3391
5270 3822
5270 4132
5270 4174
5270 4583
5270 4875
5270 4952
5270 4961
5270 4994
5270 5491
5270 5493
5270 6169
5270 6215
5270 6407
5270 6473
5270 6637
5270 6703
5270 6818
5270 7333
5270 7368
5270 7438
5270 7465
5270 7539
5270 7768
5270 7868
5270 7882
5270 8012
5270 8167
5270 8240
5270 8558
5270 8621
5270 8966
5270 9256
5270 9259
5270 9332
5270 9590
5270 9731
5270 10221
5270 10277
5270 10544
5270 10656
5270 10681
5270 10794
5270 11296
5270 11399
5270 11805
5270 11831
5270 12072
5270 12147
5270 12210
5270 12354
5270 12613
5270 12943
5271 1448
5271 1528
5271 1851
5271 2382
5271 5286
5271 5422
5271 6195
5271 6978
5271 11953
5271 11977
5271 12697
5271 14122
5271 14123
5274 50
5274 67
5274 71
5274 74
5274 829
5274 830
5274 839
5274 1098
5274 1319
5274 1461
5274 1666
5274 1832
5274 2066
5274 2546
5274 3043
5274 3196
5274 3651
5274 3674
5274 3679
5274 3926
5274 3964
5274 4073
5274 4129
5274 4651
5274 4838
5274 4887
5274 4928
5274 4963
5274 5182
5274 5211
5274 5224
5274 5365
5274 5595
5274 5979
5274 6518
5274 7233
5274 7417
5274 7468
5274 7475
5274 7486
5274 7624
5274 7731
5274 7768
5274 8036
5274 8277
5274 8462
5274 8705
5274 8812
5274 8818
5274 8985
5274 9333
5274 9457
5274 9832
5274 9841
5274 9852
5274 9865
5274 9933
5274 10155
5274 10259
5274 10425
5274 10471
5274 11152
5274 11288
5274 11334
5274 11694
5274 11741
5274 11809
5274 11813
5274 12064
5274 12071
5274 12160
5274 12343
5274 12350
5274 12536
5274 12540
5274 12631
5274 12669
5274 12956
5274 13540
5274 13984
5274 14031
5275 68
5275 94
5275 287
5275 829
5275 839
5275 1098
5275 1110
5275 1482
5275 1666
5275 2066
5275 2546
5275 2684
5275 3043
5275 3196
5275 3562
5275 3674
5275 3679
5275 3926
5275 3964
5275 4477
5275 4826
5275 5144
5275 5211
5275 5383
5275 5496
5275 5595
5275 5875
5275 5938
5275 6188
5275 6338
5275 6432
5275 6830
5275 7141
5275 7233
5275 7465
5275 7468
5275 7650
5275 8214
5275 8486
5275 9394
5275 9674
5275 9841
5275 9921
5275 9933
5275 10224
5275 10483
5275 10518
5275 10592
5275 10711
5275 10767
5275 10809
5275 10964
5275 11038
5275 11162
5275 11171
5275 11281
5275 11462
5275 11694
5275 11700
5275 11741
5275 11809
5275 11813
5275 12064
5275 12369
5275 12476
5275 12530
5275 12536
5275 12669
5275 13540
5275 14031
5281 61
5281 640
5281 669
5281 754
5281 755
5281 873
5281 1010
5281 2355
5281 3188
5281 3966
5281 4414
5281 4884
5281 4963
5281 5001
5281 5102
5281 5534
5281 5550
5281 5631
5281 5953
5281 6650
5281 6900
5281 7080
5281 7122
5281 7123
5281 7251
5281 7416
5281 7462
5281 8257
5281 8488
5281 8880
5281 9727
5281 10286
5281 10291
5281 10653
5281 10785
5281 10811
5281 10968
5281 10978
5281 11320
5281 11906
5281 11972
5281 12436
5281 12512
5281 12536
5281 12660
5281 12769
5281 12775
5281 13323
5281 13533
5281 13961
5281 14279
5281 14283
5282 61
5282 669
5282 754
5282 755
5282 1010
5282 2355
5282 3105
5282 3188
5282 3283
5282 3966
5282 4141
5282 4774
5282 4884
5282 5001
5282 6196
5282 6199
5282 6400
5282 6650
5282 6812
5282 7080
5282 7122
5282 7259
5282 8257
5282 8315
5282 8488
5282 8880
5282 9223
5282 9686
5282 9745
5282 9865
5282 10286
5282 10471
5282 10978
5282 11810
5282 11876
5282 11906
5282 11962
5282 11972
5282 12158
5282 12252
5282 12350
5282 12494
5282 12536
5282 12775
5282 13323
5282 14279
5284 669
5284 755
5284 873
5284 1010
5284 2066
5284 2355
5284 3188
5284 3283
5284 4190
5284 4928
5284 4963
5284 5001
5284 5013
5284 5034
5284 5070
5284 5550
5284 6490
5284 6650
5284 7123
5284 7251
5284 7400
5284 8169
5284 8488
5284 9162
5284 9662
5284 9745
5284 9865
5284 10291
5284 10294
5284 10471
5284 10653
5284 10785
5284 10968
5284 11320
5284 11735
5284 11906
5284 11962
5284 11972
5284 12158
5284 12350
5284 12512
5284 12536
5284 12721
5284 12775
5284 12956
5284 13533
5284 14279
5285 669
5285 1010
5285 1892
5285 2355
5285 3283
5285 3918
5285 3966
5285 4190
5285 4680
5285 5013
5285 5373
5285 5550
5285 5904
5285 5994
5285 6650
5285 7123
5285 7400
5285 7416
5285 7475
5285 8169
5285 8488
5285 9662
5285 10094
5285 10291
5285 10294
5285 10518
5285 10653
5285 10978
5285 11713
5285 11876
5285 11972
5285 12956
5287 56
5287 67
5287 72
5287 525
5287 545
5287 640
5287 752
5287 1010
5287 1293
5287 1379
5287 1497
5287 1708
5287 1770
5287 1823
5287 2108
5287 2462
5287 2464
5287 3576
5287 3742
5287 4129
5287 4463
5287 4473
5287 4611
5287 4651
5287 5070
5287 5102
5287 5365
5287 5697
5287 5903
5287 6199
5287 6338
5287 6904
5287 7080
5287 7100
5287 7106
5287 7124
5287 7443
5287 7446
5287 7643
5287 7758
5287 7791
5287 7792
5287 8684
5287 8930
5287 9367
5287 9393
5287 9569
5287 9603
5287 9645
5287 9646
5287 9677
5287 9832
5287 9865
5287 10425
5287 10483
5287 10590
5287 10611
5287 10650
5287 10726
5287 10727
5287 10782
5287 10785
5287 10806
5287 10949
5287 11049
5287 11251
5287 11962
5287 12290
5287 12540
5287 12631
5287 12721
5287 12761
5287 12802
5287 12891
5287 12967
5287 13096
5287 13099
5287 13133
5287 13149
5287 13196
5287 13571
5287 13979
5287 14120
5287 14273
5287 14278
5287 14493
5293 640
5293 755
5293 1908
5293 2108
5293 2355
5293 3422
5293 4190
5293 4774
5293 5102
5293 5373
5293 5994
5293 6199
5293 6315
5293 6812
5293 6900
5293 7080
5293 7100
5293 7123
5293 7462
5293 7475
5293 7687
5293 8488
5293 8562
5293 9685
5293 10157
5293 10291
5293 10653
5293 10981
5293 11023
5293 11735
5293 11906
5293 11962
5293 12350
5293 12436
5293 12512
5293 12660
5293 12684
5293 12721
5293 12755
5293 14283
5304 1540
5304 4332
5304 4965
5304 5026
5304 7066
5304 7928
5304 8389
5304 8768
5304 9985
5304 11683
5304 11837
5304 12629
5304 13266
5311 2108
5311 3105
5311 3858
5311 3918
5311 4193
5311 4680
5311 4788
5311 5013
5311 6199
5311 7259
5311 7400
5311 8169
5311 9686
5311 9745
5311 10197
5311 10294
5311 10981
5311 11292
5311 11398
5311 12252
5311 12721
5349 12154
5351 68
5351 75
5351 94
5351 525
5351 1528
5351 1531
5351 1770
5351 1823
5351 3276
5351 3283
5351 3576
5351 3871
5351 3918
5351 3966
5351 4192
5351 4680
5351 4826
5351 5230
5351 5550
5351 5903
5351 5904
5351 6432
5351 6650
5351 6865
5351 7124
5351 7443
5351 7643
5351 7658
5351 7816
5351 8031
5351 8350
5351 8983
5351 9050
5351 9394
5351 9570
5351 9662
5351 10221
5351 10653
5351 10711
5351 10728
5351 10732
5351 10878
5351 10903
5351 10978
5351 11251
5351 11459
5351 11485
5351 11808
5351 11906
5351 11972
5351 12154
5351 12402
5351 12405
5351 12634
5351 12775
5351 12833
5351 12927
5351 13196
5351 13974
5351 14120
5351 14121
5351 14273
5351 14493
5351 14502
5351 14503
5382 62
5382 73
5382 75
5382 720
5382 739
5382 1461
5382 1655
5382 1708
5382 1853
5382 2481
5382 2534
5382 3816
5382 3858
5382 4074
5382 4141
5382 4286
5382 4680
5382 4819
5382 4884
5382 4951
5382 5534
5382 5904
5382 5993
5382 6350
5382 6456
5382 6518
5382 6900
5382 7080
5382 7106
5382 7233
5382 7251
5382 7259
5382 7416
5382 7462
5382 7475
5382 7724
5382 8169
5382 8214
5382 8353
5382 8415
5382 8886
5382 8930
5382 8972
5382 9569
5382 9645
5382 10286
5382 10728
5382 10732
5382 10767
5382 10968
5382 10978
5382 10981
5382 11251
5382 11281
5382 11311
5382 11735
5382 11829
5382 11836
5382 11962
5382 12075
5382 12158
5382 12540
5382 12631
5382 12967
5382 13140
5382 13143
5382 13164
5382 13166
5382 13327
5382 13540
5382 13978
5382 13979
5382 14049
5382 14278
5382 14280
5382 14506
5385 5365
5386 7064
5386 10711
5386 11485
5386 12402
5952 315
5952 788
5952 1973
5952 2374
5952 2407
5952 3465
5952 3668
5952 3715
5952 3915
5952 4130
5952 4924
5952 5000
5952 5054
5952 5056
5952 5100
5952 5279
5952 5350
5952 5372
5952 5960
5952 5977
5952 5994
5952 6594
5952 6873
5952 7104
5952 7164
5952 7176
5952 7216
5952 7350
5952 8044
5952 8145
5952 8299
5952 8559
5952 8577
5952 9050
5952 9272
5952 9326
5952 9428
5952 9444
5952 9725
5952 9911
5952 9995
5952 10189
5952 10636
5952 10704
5952 11120
5952 11253
5952 11336
5952 11594
5952 11782
5952 11958
5952 12148
5952 12369
5952 12492
5952 12615
5952 13328
5952 13821
5952 13833
5959 97
5959 368
5959 703
5959 1230
5959 1368
5959 1512
5959 1517
5959 2327
5959 2440
5959 2496
5959 4360
5959 4382
5959 4687
5959 4930
5959 4987
5959 5460
5959 5580
5959 6325
5959 6439
5959 7995
5959 8231
5959 8463
5959 8687
5959 9388
5959 11593
5959 12863
5959 13418
5959 14082
5959 14345
6197 3713
6197 3849
6197 4884
6197 5025
6197 5911
6197 6902
6197 7122
6197 7126
6197 7822
6197 8116
6197 8451
6197 8452
6197 8755
6197 8880
6197 8972
6197 9453
6197 9836
6197 10078
6197 10094
6197 10120
6197 10992
6197 11023
6197 11038
6197 11060
6197 11281
6197 11445
6197 11685
6197 11810
6197 11828
6197 11831
6197 12300
6197 12386
6197 12490
6197 12721
6197 12775
6201 56
6201 57
6201 58
6201 60
6201 67
6201 72
6201 728
6201 738
6201 754
6201 829
6201 839
6201 1308
6201 1655
6201 1805
6201 2066
6201 2108
6201 3506
6201 3674
6201 3742
6201 3926
6201 4129
6201 4142
6201 4453
6201 4473
6201 4651
6201 4730
6201 4819
6201 4827
6201 4963
6201 5016
6201 5168
6201 5321
6201 5550
6201 5582
6201 5904
6201 5930
6201 5993
6201 6206
6201 6490
6201 6865
6201 7126
6201 7251
6201 7446
6201 7643
6201 7758
6201 7791
6201 7794
6201 8169
6201 8192
6201 8315
6201 8528
6201 8589
6201 8603
6201 8684
6201 8880
6201 8886
6201 9367
6201 9489
6201 9570
6201 9653
6201 9677
6201 9784
6201 9828
6201 9852
6201 10015
6201 10197
6201 10205
6201 10247
6201 10259
6201 10286
6201 10320
6201 10429
6201 10471
6201 10547
6201 10566
6201 10571
6201 10638
6201 10711
6201 10728
6201 10729
6201 10731
6201 10782
6201 10806
6201 10808
6201 10884
6201 10968
6201 10986
6201 11049
6201 11146
6201 11281
6201 11334
6201 11688
6201 11707
6201 11829
6201 11844
6201 11972
6201 12160
6201 12290
6201 12355
6201 12540
6201 12691
6201 12761
6201 12775
6201 12802
6201 13164
6201 13169
6201 13327
6201 13329
6201 13533
6201 13600
6201 13755
6201 14049
6201 14103
6201 14119
6201 14278
6201 14441
6201 14495
6201 14503
6201 14506
6203 61
6203 62
6203 63
6203 64
6203 65
6203 66
6203 73
6203 74
6203 139
6203 383
6203 666
6203 669
6203 670
6203 679
6203 733
6203 1010
6203 1098
6203 1197
6203 1597
6203 1708
6203 1715
6203 1832
6203 1943
6203 2547
6203 3007
6203 3105
6203 3188
6203 3283
6203 3576
6203 3713
6203 3810
6203 3816
6203 3966
6203 4002
6203 4074
6203 4188
6203 4190
6203 4289
6203 4611
6203 4788
6203 4884
6203 4928
6203 5001
6203 5013
6203 5070
6203 5135
6203 5230
6203 5264
6203 5379
6203 5631
6203 5903
6203 6196
6203 6199
6203 6350
6203 6400
6203 6812
6203 6900
6203 7065
6203 7080
6203 7106
6203 7122
6203 7233
6203 7259
6203 7416
6203 7475
6203 7533
6203 7700
6203 7724
6203 7871
6203 8335
6203 8452
6203 8488
6203 8562
6203 8818
6203 8972
6203 9333
6203 9543
6203 9645
6203 9646
6203 9865
6203 10200
6203 10518
6203 10616
6203 10653
6203 10726
6203 10727
6203 10732
6203 10811
6203 10956
6203 11039
6203 11045
6203 11060
6203 11103
6203 11398
6203 11809
6203 11828
6203 12075
6203 12402
6203 12512
6203 12631
6203 12721
6203 12806
6203 12891
6203 12927
6203 12961
6203 13477
6203 13540
6203 14279
6203 14442
6203 14492
6203 14493
6203 14496
6203 14497
6203 14499
6203 14502
6203 14505
6359 3872
6359 5182
6359 5280
6359 6520
6359 7104
6359 7553
6359 8429
6359 8486
6359 8721
6359 8818
6359 9590
6359 10067
6359 10205
6359 10985
6359 11049
6359 11287
6359 11306
6359 11677
6359 11900
6359 12026
6359 12180
6359 12343
6359 12454
6503 754
6503 873
6503 2066
6503 2355
6503 3283
6503 3858
6503 4141
6503 4190
6503 4680
6503 4884
6503 5534
6503 6400
6503 6900
6503 7251
6503 7400
6503 7416
6503 7462
6503 8169
6503 8257
6503 8315
6503 9662
6503 10291
6503 10968
6503 11320
6503 11398
6503 11735
6503 12158
6503 12358
6503 12494
6503 12672
6535 2200
6535 3262
6535 5097
6535 5485
6535 7127
6535 7474
6535 7930
6535 10709
6535 11959
6536 2200
6536 5097
6536 5485
6536 7127
6536 7474
6536 10457
6536 11959
6537 2200
6537 5097
6537 5485
6537 7127
6537 7474
6537 7930
6537 10457
6537 10709
6537 11959
6745 139
6745 7185
6837 56
6837 58
6837 60
6837 61
6837 63
6837 65
6837 67
6837 68
6837 74
6837 94
6837 146
6837 377
6837 383
6837 485
6837 525
6837 545
6837 613
6837 640
6837 666
6837 679
6837 738
6837 829
6837 830
6837 839
6837 842
6837 1098
6837 1273
6837 1308
6837 1531
6837 1533
6837 1640
6837 1715
6837 1770
6837 1804
6837 2066
6837 2382
6837 2547
6837 3187
6837 3188
6837 3196
6837 3516
6837 3576
6837 3632
6837 3674
6837 3709
6837 3806
6837 3816
6837 3852
6837 3869
6837 3870
6837 4002
6837 4142
6837 4222
6837 4586
6837 4651
6837 4657
6837 4674
6837 4777
6837 4834
6837 4959
6837 5168
6837 5230
6837 5658
6837 5966
6837 5995
6837 6195
6837 6199
6837 6206
6837 6456
6837 6490
6837 6812
6837 6864
6837 6941
6837 7064
6837 7233
6837 7443
6837 7533
6837 7658
6837 7700
6837 7744
6837 7749
6837 7758
6837 8169
6837 8192
6837 8212
6837 8315
6837 8331
6837 8387
6837 8506
6837 8543
6837 8562
6837 8760
6837 8786
6837 8818
6837 8886
6837 9333
6837 9543
6837 9563
6837 9569
6837 9570
6837 9645
6837 9646
6837 9683
6837 9784
6837 9865
6837 9892
6837 10146
6837 10200
6837 10231
6837 10259
6837 10286
6837 10320
6837 10345
6837 10483
6837 10518
6837 10547
6837 10566
6837 10571
6837 10575
6837 10592
6837 10650
6837 10727
6837 10732
6837 10781
6837 10788
6837 10806
6837 10808
6837 10822
6837 10829
6837 10884
6837 10911
6837 10937
6837 10955
6837 10967
6837 10968
6837 11020
6837 11039
6837 11045
6837 11079
6837 11152
6837 11259
6837 11297
6837 11298
6837 11311
6837 11424
6837 11426
6837 11427
6837 11462
6837 11512
6837 11688
6837 11766
6837 11805
6837 11809
6837 11829
6837 11847
6837 11962
6837 11977
6837 12160
6837 12292
6837 12350
6837 12402
6837 12430
6837 12467
6837 12515
6837 12521
6837 12536
6837 12540
6837 12691
6837 12721
6837 12802
6837 12833
6837 12877
6837 12881
6837 12882
6837 12891
6837 12927
6837 12996
6837 13096
6837 13098
6837 13134
6837 13139
6837 13140
6837 13143
6837 13149
6837 13161
6837 13187
6837 13189
6837 13191
6837 13196
6837 13312
6837 13326
6837 13477
6837 13540
6837 13571
6837 13750
6837 13752
6837 13939
6837 13977
6837 13978
6837 13991
6837 14046
6837 14049
6837 14122
6837 14124
6837 14125
6837 14274
6837 14280
6837 14440
6837 14492
6837 14497
6837 14503
6837 14505
6837 14506
7101 1750
7101 5831
7101 8125
7101 13999
7133 3825
7133 7336
7133 8461
7133 11593
7133 12085
7133 12629
7322 56
7322 61
7322 63
7322 64
7322 67
7322 72
7322 73
7322 146
7322 525
7322 545
7322 666
7322 728
7322 752
7322 759
7322 873
7322 1010
7322 1293
7322 1308
7322 1574
7322 1655
7322 1715
7322 1770
7322 1832
7322 3105
7322 3187
7322 3192
7322 3276
7322 3283
7322 3576
7322 3639
7322 3674
7322 3742
7322 3816
7322 3869
7322 3966
7322 4002
7322 4129
7322 4142
7322 4188
7322 4190
7322 4463
7322 4473
7322 4586
7322 4657
7322 4730
7322 4784
7322 4819
7322 4963
7322 5013
7322 5109
7322 5135
7322 5168
7322 5365
7322 5534
7322 5729
7322 5993
7322 5995
7322 6206
7322 6456
7322 6812
7322 6864
7322 6941
7322 7233
7322 7251
7322 7292
7322 7446
7322 7475
7322 7758
7322 7771
7322 7919
7322 8031
7322 8054
7322 8192
7322 8506
7322 8562
7322 8818
7322 8886
7322 8930
7322 8992
7322 9281
7322 9333
7322 9367
7322 9393
7322 9453
7322 9563
7322 9569
7322 9570
7322 9603
7322 9646
7322 9653
7322 9865
7322 9892
7322 10015
7322 10200
7322 10320
7322 10425
7322 10471
7322 10483
7322 10547
7322 10571
7322 10575
7322 10590
7322 10638
7322 10653
7322 10726
7322 10727
7322 10728
7322 10729
7322 10732
7322 10788
7322 10806
7322 10884
7322 10911
7322 10937
7322 10968
7322 11023
7322 11039
7322 11146
7322 11152
7322 11241
7322 11251
7322 11311
7322 11462
7322 11809
7322 12402
7322 12460
7322 12494
7322 12521
7322 12536
7322 12540
7322 12639
7322 12644
7322 12691
7322 12761
7322 12775
7322 12832
7322 12833
7322 12882
7322 12891
7322 12927
7322 12961
7322 12967
7322 13096
7322 13097
7322 13098
7322 13113
7322 13117
7322 13139
7322 13192
7322 13196
7322 13315
7322 13344
7322 13477
7322 13540
7322 13600
7322 13755
7322 13949
7322 13950
7322 13966
7322 13974
7322 13977
7322 13978
7322 13979
7322 13991
7322 14046
7322 14047
7322 14048
7322 14049
7322 14120
7322 14122
7322 14125
7322 14126
7322 14273
7322 14274
7322 14278
7322 14279
7322 14280
7322 14443
7322 14492
7322 14493
7322 14496
7322 14497
7322 14499
7322 14500
7322 14502
7322 14505
7344 5447
7345 10342
7345 12161
7360 4990
7360 7335
7360 8792
7360 10810
7456 12402
7510 59
7510 63
7510 65
7510 67
7510 69
7510 72
7510 94
7510 526
7510 545
7510 666
7510 679
7510 726
7510 736
7510 738
7510 759
7510 829
7510 1025
7510 1098
7510 1293
7510 1531
7510 1655
7510 2684
7510 3188
7510 3674
7510 3796
7510 4002
7510 4129
7510 4142
7510 4192
7510 4286
7510 4289
7510 4657
7510 4730
7510 4819
7510 5168
7510 5230
7510 5966
7510 6195
7510 6199
7510 6206
7510 6456
7510 6490
7510 6531
7510 6711
7510 6812
7510 6864
7510 6892
7510 6941
7510 7233
7510 7443
7510 7446
7510 7547
7510 7758
7510 7876
7510 8192
7510 8315
7510 8331
7510 8350
7510 8645
7510 8786
7510 8886
7510 8930
7510 9333
7510 9569
7510 9570
7510 9603
7510 9645
7510 9683
7510 9686
7510 9784
7510 9865
7510 9892
7510 10197
7510 10231
7510 10259
7510 10286
7510 10471
7510 10547
7510 10566
7510 10571
7510 10575
7510 10592
7510 10731
7510 10788
7510 10808
7510 10884
7510 10937
7510 10968
7510 10978
7510 11146
7510 11152
7510 11183
7510 11251
7510 11259
7510 11311
7510 11377
7510 11427
7510 11462
7510 11734
7510 11748
7510 11766
7510 11962
7510 11969
7510 11972
7510 12075
7510 12093
7510 12467
7510 12478
7510 12536
7510 12540
7510 12631
7510 12691
7510 12697
7510 12761
7510 12775
7510 12802
7510 12832
7510 12833
7510 12880
7510 12882
7510 13096
7510 13113
7510 13139
7510 13143
7510 13149
7510 13196
7510 13477
7510 13540
7510 13966
7510 13977
7510 13978
7510 13989
7510 13991
7510 14046
7510 14048
7510 14049
7510 14122
7510 14125
7510 14274
7510 14277
7510 14280
7510 14440
7510 14495
7510 14496
7510 14505
7510 14506
7527 1082
7527 1914
7527 7799
7527 9036
7527 9556
7527 9985
7527 11593
7527 11683
7527 12905
7535 131
7535 315
7535 788
7535 1707
7535 1709
7535 1719
7535 1885
7535 2082
7535 2083
7535 2374
7535 2407
7535 3511
7535 3716
7535 3945
7535 4424
7535 4512
7535 4522
7535 4924
7535 5054
7535 5129
7535 5223
7535 5279
7535 5350
7535 5372
7535 5405
7535 5596
7535 5599
7535 5670
7535 5792
7535 5960
7535 6499
7535 6554
7535 6600
7535 6613
7535 6873
7535 6925
7535 6971
7535 7141
7535 7216
7535 7285
7535 7320
7535 8095
7535 8354
7535 8429
7535 8470
7535 8680
7535 8771
7535 8885
7535 8899
7535 9050
7535 9191
7535 9300
7535 9326
7535 9428
7535 9444
7535 9509
7535 9670
7535 9725
7535 9801
7535 9995
7535 10050
7535 10067
7535 10189
7535 10273
7535 10319
7535 10685
7535 10904
7535 11030
7535 11120
7535 11336
7535 11404
7535 11490
7535 11691
7535 11700
7535 11723
7535 11754
7535 11944
7535 12406
7535 12425
7535 12633
7535 12642
7535 12687
7535 13317
7535 13821
7535 14005
7535 14086
7860 2504
7860 4791
7860 10962
7981 75
7981 1482
7981 2066
7981 2382
7981 3153
7981 3187
7981 4323
7981 4359
7981 4388
7981 4750
7981 4952
7981 4960
7981 4963
7981 5162
7981 6337
7981 6490
7981 6561
7981 6830
7981 7417
7981 7539
7981 7547
7981 7749
7981 8277
7981 8697
7981 8849
7981 9389
7981 10277
7981 10571
7981 10781
7981 11377
7981 11481
7981 11766
7981 11876
7981 12410
7981 12558
7981 12634
7981 12676
7981 12925
7981 13166
7981 13312
7981 14123
7981 14124
7981 14274
7982 52
7982 60
7982 63
7982 67
7982 72
7982 146
7982 613
7982 671
7982 736
7982 761
7982 829
7982 852
7982 935
7982 1147
7982 1574
7982 1637
7982 1666
7982 1715
7982 1851
7982 2066
7982 2082
7982 2469
7982 3351
7982 3367
7982 3391
7982 3392
7982 3504
7982 3632
7982 3639
7982 3674
7982 3796
7982 3806
7982 3880
7982 3983
7982 4132
7982 4142
7982 4174
7982 4215
7982 4281
7982 4463
7982 4473
7982 4477
7982 4484
7982 4651
7982 4726
7982 4730
7982 4750
7982 4784
7982 4838
7982 4887
7982 4982
7982 4994
7982 5016
7982 5168
7982 5422
7982 5658
7982 5681
7982 5903
7982 5966
7982 6206
7982 6864
7982 6978
7982 6991
7982 7251
7982 7446
7982 7465
7982 7475
7982 7643
7982 7729
7982 7743
7982 7876
7982 8031
7982 8222
7982 8315
7982 8589
7982 8754
7982 8803
7982 8818
7982 8834
7982 9333
7982 9489
7982 9603
7982 9686
7982 9745
7982 9784
7982 10200
7982 10218
7982 10247
7982 10320
7982 10429
7982 10433
7982 10471
7982 10483
7982 10547
7982 10571
7982 10592
7982 10646
7982 10656
7982 10726
7982 10732
7982 10782
7982 10866
7982 10884
7982 11029
7982 11045
7982 11079
7982 11151
7982 11152
7982 11212
7982 11241
7982 11288
7982 11311
7982 11334
7982 11427
7982 11438
7982 11462
7982 11707
7982 11748
7982 11809
7982 11813
7982 11953
7982 12071
7982 12072
7982 12160
7982 12364
7982 12476
7982 12521
7982 12540
7982 12669
7982 12689
7982 12691
7982 12802
7982 12882
7982 12950
7982 13098
7982 13113
7982 13117
7982 13139
7982 13149
7982 13192
7982 13253
7982 13477
7982 13555
7982 13600
7982 13950
7982 13964
7982 13966
7982 13977
7982 13984
7982 13990
7982 14049
7982 14050
7982 14440
7982 14443
7982 14492
7983 347
7983 817
7983 1708
7983 1837
7983 2641
7983 2978
7983 4142
7983 5157
7983 6196
7983 6670
7983 9186
7983 9836
7983 10294
7983 11809
8052 156
8052 287
8052 288
8052 720
8052 760
8052 829
8052 1098
8052 1379
8052 1707
8052 1710
8052 1788
8052 1837
8052 1973
8052 2082
8052 2467
8052 2684
8052 3699
8052 3829
8052 3992
8052 4016
8052 4279
8052 4651
8052 4703
8052 4726
8052 5182
8052 5224
8052 5320
8052 5321
8052 5365
8052 5492
8052 5496
8052 5599
8052 5623
8052 5671
8052 6080
8052 6215
8052 6331
8052 6735
8052 6904
8052 7141
8052 7172
8052 7438
8052 7465
8052 7486
8052 7758
8052 7919
8052 8452
8052 8492
8052 8748
8052 8754
8052 9590
8052 9617
8052 9668
8052 9731
8052 10261
8052 10573
8052 10592
8052 10620
8052 10806
8052 10985
8052 11045
8052 11049
8052 11281
8052 11445
8052 11512
8052 11677
8052 11691
8052 11809
8052 11822
8052 11828
8052 11829
8052 12056
8052 12064
8052 12644
8052 12662
8052 12899
8052 13555
8052 13813
8052 13981
8129 131
8129 315
8129 671
8129 788
8129 1220
8129 1709
8129 1719
8129 1885
8129 1973
8129 2083
8129 2374
8129 2407
8129 3465
8129 3642
8129 3721
8129 4424
8129 4522
8129 4790
8129 4924
8129 5000
8129 5047
8129 5054
8129 5286
8129 5350
8129 5372
8129 5491
8129 5532
8129 5596
8129 5632
8129 5703
8129 5792
8129 5960
8129 5977
8129 5994
8129 6499
8129 6554
8129 6594
8129 6613
8129 6783
8129 6873
8129 7104
8129 7164
8129 7216
8129 7285
8129 7320
8129 7355
8129 7357
8129 7726
8129 8145
8129 8252
8129 8299
8129 8354
8129 8470
8129 8491
8129 8874
8129 8899
8129 8914
8129 9050
8129 9191
8129 9272
8129 9300
8129 9326
8129 9431
8129 9444
8129 9725
8129 9801
8129 9995
8129 10067
8129 10189
8129 10467
8129 10704
8129 10798
8129 10904
8129 11120
8129 11336
8129 11404
8129 11691
8129 11700
8129 11723
8129 11780
8129 11797
8129 11827
8129 11944
8129 12148
8129 12406
8129 12425
8129 12642
8129 13317
8129 13325
8129 13751
8129 13821
8129 13984
8129 14005
8129 14086
8134 102
8134 379
8134 585
8134 1220
8134 1709
8134 1885
8134 1973
8134 2374
8134 2437
8134 2493
8134 3424
8134 3642
8134 3668
8134 3921
8134 4073
8134 4279
8134 4281
8134 4522
8134 4697
8134 4703
8134 4747
8134 4828
8134 4922
8134 4924
8134 5047
8134 5054
8134 5129
8134 5223
8134 5286
8134 5521
8134 5596
8134 5703
8134 5792
8134 5960
8134 5994
8134 6442
8134 6499
8134 6554
8134 6613
8134 6783
8134 6978
8134 7010
8134 7104
8134 7141
8134 7357
8134 7915
8134 8299
8134 8491
8134 8717
8134 8874
8134 8885
8134 8914
8134 9050
8134 9272
8134 9633
8134 9725
8134 9739
8134 9798
8134 9801
8134 9995
8134 10067
8134 10467
8134 10904
8134 11030
8134 11336
8134 11404
8134 11691
8134 11700
8134 11827
8134 11944
8134 12322
8134 12627
8134 12687
8134 13317
8134 13328
8134 13821
8134 13961
8134 14005
8229 131
8229 315
8229 1423
8229 1709
8229 1885
8229 2083
8229 2407
8229 3721
8229 3922
8229 4130
8229 4424
8229 4522
8229 4790
8229 4924
8229 5000
8229 5047
8229 5054
8229 5286
8229 5350
8229 5372
8229 5405
8229 5532
8229 5596
8229 5632
8229 5960
8229 5977
8229 6442
8229 6499
8229 6554
8229 6594
8229 6613
8229 6783
8229 6873
8229 7104
8229 7164
8229 7216
8229 7285
8229 7320
8229 7350
8229 7355
8229 7357
8229 7726
8229 7959
8229 8252
8229 8299
8229 8354
8229 8491
8229 8803
8229 8899
8229 9050
8229 9191
8229 9272
8229 9300
8229 9326
8229 9444
8229 9725
8229 9798
8229 9801
8229 10050
8229 10067
8229 10189
8229 10192
8229 10704
8229 10798
8229 10904
8229 11030
8229 11253
8229 11336
8229 11404
8229 11691
8229 11700
8229 11723
8229 11780
8229 11827
8229 11944
8229 12148
8229 12406
8229 12425
8229 12642
8229 12687
8229 13317
8229 13325
8229 13751
8229 13984
8229 14005
8229 14086
8229 14375
8301 9162
8301 9751
8301 14496
8449 585
8449 1709
8449 1885
8449 2083
8449 2374
8449 2407
8449 3628
8449 3668
8449 3721
8449 4726
8449 4922
8449 5129
8449 5372
8449 5596
8449 5632
8449 5703
8449 5960
8449 5977
8449 6594
8449 6873
8449 7104
8449 7164
8449 7355
8449 7726
8449 8145
8449 8252
8449 8299
8449 8470
8449 8491
8449 8559
8449 8899
8449 9431
8449 9444
8449 9611
8449 9725
8449 10067
8449 10189
8449 10192
8449 10273
8449 10636
8449 10704
8449 11030
8449 11100
8449 11120
8449 11336
8449 11404
8449 11589
8449 11691
8449 11700
8449 11780
8449 11797
8449 11827
8449 11944
8449 12425
8449 12642
8449 12687
8449 13317
8449 13984
8450 1220
8450 1709
8450 1973
8450 3421
8450 3642
8450 3668
8450 3721
8450 3774
8450 4073
8450 4873
8450 5100
8450 5223
8450 5372
8450 5491
8450 5596
8450 5670
8450 5698
8450 6412
8450 6499
8450 7104
8450 7141
8450 7357
8450 7553
8450 8145
8450 8252
8450 8299
8450 8446
8450 8470
8450 8491
8450 8565
8450 8717
8450 8898
8450 8899
8450 9431
8450 9444
8450 9735
8450 9739
8450 10189
8450 10192
8450 10261
8450 10273
8450 10798
8450 11100
8450 11253
8450 11336
8450 11419
8450 11664
8450 11700
8450 11706
8450 11754
8450 11797
8450 12420
8450 12425
8450 12633
8450 13821
8450 13984
8457 9687
8465 66
8465 74
8465 156
8465 572
8465 720
8465 1098
8465 1319
8465 1707
8465 1780
8465 2250
8465 2257
8465 2329
8465 2996
8465 3872
8465 3918
8465 4453
8465 4680
8465 4686
8465 4697
8465 4788
8465 5013
8465 5144
8465 5320
8465 5358
8465 5507
8465 5756
8465 6199
8465 6206
8465 6765
8465 6902
8465 7137
8465 7172
8465 7177
8465 7731
8465 8100
8465 8315
8465 8470
8465 8482
8465 8549
8465 8603
8465 8818
8465 8885
8465 9223
8465 9444
8465 10001
8465 10113
8465 10518
8465 10726
8465 11045
8465 11183
8465 11580
8465 11685
8465 11809
8465 11825
8465 11834
8465 12314
8465 12355
8465 12436
8465 12490
8465 12511
8465 12512
8465 12644
8465 12775
8465 12896
8465 13540
8465 13813
8465 13981
8465 14375
8481 102
8481 788
8481 2083
8481 3465
8481 4281
8481 5047
8481 5130
8481 5286
8481 5460
8481 5532
8481 5632
8481 5756
8481 5994
8481 6613
8481 7320
8481 7992
8481 9050
8481 9995
8481 11120
8481 11723
8481 12406
8481 14086
8481 14443
8485 315
8485 379
8485 1709
8485 1710
8485 1885
8485 2328
8485 2407
8485 3465
8485 5047
8485 5372
8485 5532
8485 6295
8485 6460
8485 6613
8485 6873
8485 7164
8485 9272
8485 9300
8485 9725
8485 11120
8485 11595
8485 11827
8485 12406
8485 13821
8677 6196
8677 6380
8688 61
8688 66
8688 347
8688 632
8688 830
8688 1216
8688 1319
8688 1379
8688 1805
8688 1837
8688 2082
8688 2250
8688 2515
8688 2684
8688 2978
8688 3465
8688 3576
8688 3992
8688 4016
8688 4188
8688 4233
8688 4281
8688 4342
8688 4424
8688 4697
8688 4726
8688 4875
8688 5321
8688 5496
8688 5596
8688 5597
8688 5671
8688 5673
8688 5756
8688 7289
8688 7822
8688 8044
8688 8100
8688 8684
8688 8748
8688 8972
8688 9316
8688 9571
8688 9646
8688 11183
8688 11625
8688 11805
8688 11809
8688 11827
8688 11886
8688 11962
8688 12490
8688 12644
8688 12775
8688 13243
8688 13981
8690 4647
8690 7053
8690 7821
8690 8054
8690 8451
8690 8717
8690 8818
8690 9774
8690 12160
8690 12168
8690 12927
8690 13850
8692 57
8692 62
8692 66
8692 156
8692 288
8692 632
8692 817
8692 839
8692 1319
8692 1379
8692 1574
8692 1715
8692 1804
8692 1837
8692 2066
8692 2082
8692 2250
8692 2329
8692 2464
8692 2684
8692 3465
8692 3923
8692 3992
8692 4188
8692 4215
8692 4233
8692 4279
8692 4281
8692 4726
8692 4875
8692 5013
8692 5224
8692 5320
8692 6206
8692 6215
8692 6315
8692 6428
8692 6711
8692 6735
8692 7465
8692 7533
8692 7731
8692 7919
8692 8429
8692 8452
8692 8470
8692 8680
8692 8684
8692 8748
8692 8818
8692 8972
8692 9333
8692 9444
8692 9541
8692 9571
8692 9590
8692 9617
8692 9646
8692 9738
8692 9784
8692 10518
8692 10592
8692 10638
8692 10685
8692 10884
8692 10985
8692 11045
8692 11049
8692 11152
8692 11458
8692 11625
8692 11805
8692 11809
8692 11825
8692 11827
8692 11828
8692 11829
8692 11844
8692 11900
8692 11962
8692 12300
8692 12454
8692 12490
8692 12511
8692 12522
8692 12644
8692 12662
8692 12677
8692 12721
8692 12775
8692 12802
8692 12899
8692 13083
8692 13540
8692 13981
8692 14119
8694 102
8694 632
8694 829
8694 1216
8694 1788
8694 1837
8694 2066
8694 2168
8694 2250
8694 2329
8694 2467
8694 2641
8694 2767
8694 3040
8694 3850
8694 4016
8694 4215
8694 4342
8694 5182
8694 5623
8694 5646
8694 5673
8694 6331
8694 6428
8694 6773
8694 6830
8694 7106
8694 7289
8694 7592
8694 8228
8694 8277
8694 8549
8694 8721
8694 8748
8694 8776
8694 8818
8694 9274
8694 9444
8694 9590
8694 10166
8694 10407
8694 10544
8694 10592
8694 10985
8694 10992
8694 11045
8694 11049
8694 11594
8694 11677
8694 11691
8694 11700
8694 11844
8694 12056
8694 12490
8694 12511
8694 12522
8694 12644
8694 12677
8694 14375
8695 51
8695 287
8695 288
8695 632
8695 1780
8695 1804
8695 1805
8695 1834
8695 1837
8695 2250
8695 2684
8695 3133
8695 3378
8695 3699
8695 3850
8695 3923
8695 4016
8695 4342
8695 4424
8695 4583
8695 5100
8695 5133
8695 5188
8695 5597
8695 5599
8695 5671
8695 5673
8695 5756
8695 6331
8695 6616
8695 6821
8695 6902
8695 7289
8695 7298
8695 7407
8695 7822
8695 7992
8695 8116
8695 8429
8695 8452
8695 8814
8695 9738
8695 10074
8695 10319
8695 10974
8695 10992
8695 11030
8695 11060
8695 11281
8695 11580
8695 11612
8695 11754
8695 11805
8695 11828
8695 11844
8695 11944
8695 12300
8695 12522
8695 12896
8695 13083
8695 13243
8696 679
8696 2028
8696 2828
8696 4826
8696 5170
8696 5956
8696 5995
8696 6469
8696 7417
8696 7459
8696 7658
8696 8645
8696 8667
8696 8787
8696 9751
8696 10903
8696 11027
8696 11481
8696 11766
8696 12154
8696 12402
8696 12464
8696 12558
8696 12634
8696 14049
8699 65
8699 873
8699 1409
8699 3105
8699 10585
8767 62
8767 752
8767 3465
8767 4002
8767 4074
8767 4686
8767 4726
8767 7822
8767 7992
8767 8169
8767 8228
8767 8452
8767 8680
8767 8700
8767 8701
8767 8776
8767 8886
8767 8972
8767 9186
8767 9223
8767 9444
8767 9590
8767 9617
8767 9668
8767 9784
8767 10205
8767 10319
8767 10573
8767 10808
8767 10884
8767 10968
8767 11038
8767 11060
8767 11071
8767 11281
8767 11707
8767 11825
8767 11828
8767 12160
8767 12300
8767 12355
8767 12436
8767 12511
8767 12721
8767 12802
8767 12956
8767 14103
8775 1220
8775 1707
8775 1710
8775 2407
8775 4281
8775 4924
8775 7992
8775 9428
8775 13243
9461 2504
9461 4791
9461 10962
9461 12943
9480 3366
9480 4811
9480 6196
9480 6892
9480 7605
9480 12402
9480 12460
9535 131
9535 315
9535 788
9535 1709
9535 1885
9535 1973
9535 2083
9535 2374
9535 2407
9535 3465
9535 3668
9535 3721
9535 4424
9535 4790
9535 4924
9535 5000
9535 5047
9535 5054
9535 5223
9535 5286
9535 5350
9535 5372
9535 5405
9535 5532
9535 5596
9535 5632
9535 5703
9535 5792
9535 5960
9535 5977
9535 5994
9535 6442
9535 6499
9535 6554
9535 6594
9535 6613
9535 6783
9535 6873
9535 7104
9535 7164
9535 7216
9535 7285
9535 7320
9535 7355
9535 7357
9535 7726
9535 8145
9535 8299
9535 8354
9535 8491
9535 8717
9535 8899
9535 9050
9535 9300
9535 9326
9535 9428
9535 9431
9535 9444
9535 9725
9535 9801
9535 9995
9535 10067
9535 10189
9535 10192
9535 10704
9535 10798
9535 10904
9535 11120
9535 11336
9535 11404
9535 11490
9535 11691
9535 11700
9535 11723
9535 11780
9535 11797
9535 11827
9535 11944
9535 12148
9535 12406
9535 12425
9535 12642
9535 12687
9535 13317
9535 13325
9535 13751
9535 13984
9535 14005
9535 14086
9559 131
9559 315
9559 788
9559 1885
9559 2082
9559 2083
9559 2374
9559 3378
9559 3465
9559 3628
9559 3721
9559 3922
9559 4114
9559 4130
9559 4281
9559 4424
9559 4647
9559 4695
9559 4697
9559 4790
9559 4922
9559 4924
9559 5000
9559 5047
9559 5054
9559 5100
9559 5129
9559 5372
9559 5405
9559 5532
9559 5632
9559 5671
9559 5673
9559 5703
9559 5994
9559 6442
9559 6460
9559 6554
9559 6783
9559 6978
9559 7172
9559 7216
9559 7726
9559 8095
9559 8145
9559 8252
9559 8446
9559 8475
9559 8788
9559 8885
9559 8914
9559 9191
9559 9213
9559 9272
9559 9300
9559 9308
9559 9326
9559 9328
9559 9428
9559 9431
9559 9444
9559 9525
9559 9611
9559 9725
9559 9798
9559 10050
9559 10192
9559 10273
9559 10297
9559 10685
9559 10798
9559 10827
9559 11030
9559 11055
9559 11100
9559 11336
9559 11404
9559 11490
9559 11664
9559 11706
9559 11797
9559 11827
9559 11944
9559 12149
9559 12425
9559 12642
9559 12687
9559 13317
9559 13751
9559 13821
9559 13984
9559 14005
9559 14086
9625 74
9625 5109
9625 7124
9625 8448
9625 8474
9625 10732
9625 11860
9675 1459
9675 1461
9675 1462
9675 2066
9675 3797
9675 6949
9675 8277
9675 8811
9675 11694
9678 481
9678 2330
9678 4516
9678 4792
9678 4835
9678 4863
9678 4990
9678 5964
9678 5988
9678 5990
9678 6976
9678 7335
9678 7706
9678 7963
9678 8661
9678 8792
9678 9123
9678 10250
9678 10269
9678 10803
9678 10810
9678 10867
9678 11683
9678 11965
9678 12535
9820 6232
9926 4820
9926 4863
9926 5988
9926 5990
9926 11683
10304 60
10304 61
10304 67
10304 68
10304 75
10304 94
10304 383
10304 525
10304 545
10304 666
10304 738
10304 1308
10304 1528
10304 1531
10304 1533
10304 1637
10304 1639
10304 1640
10304 1823
10304 1853
10304 2066
10304 2467
10304 2547
10304 3276
10304 3576
10304 3639
10304 3709
10304 3816
10304 3918
10304 4154
10304 4192
10304 4477
10304 4657
10304 4674
10304 4680
10304 4784
10304 4821
10304 4826
10304 4887
10304 5013
10304 5157
10304 5230
10304 5631
10304 5875
10304 5903
10304 5966
10304 5993
10304 6195
10304 6350
10304 6830
10304 6864
10304 6865
10304 7064
10304 7443
10304 7533
10304 7608
10304 7658
10304 8169
10304 8192
10304 8331
10304 8335
10304 8350
10304 8589
10304 8603
10304 8787
10304 9281
10304 9367
10304 9563
10304 9892
10304 10120
10304 10231
10304 10320
10304 10495
10304 10566
10304 10575
10304 10646
10304 10650
10304 10653
10304 10711
10304 10728
10304 10808
10304 10878
10304 10978
10304 11027
10304 11152
10304 11251
10304 11281
10304 11462
10304 11481
10304 11485
10304 11713
10304 11813
10304 11829
10304 11962
10304 11972
10304 12071
10304 12402
10304 12405
10304 12536
10304 12634
10304 12697
10304 12775
10304 12833
10304 12882
10304 12925
10304 12927
10304 12961
10304 13096
10304 13143
10304 13164
10304 13196
10304 13477
10304 13540
10304 13600
10304 13966
10304 13978
10304 14048
10304 14049
10304 14120
10304 14121
10304 14125
10304 14273
10304 14280
10304 14497
10304 14499
10304 14502
10304 14503
10366 60
10366 61
10366 62
10366 63
10366 64
10366 65
10366 66
10366 67
10366 68
10366 69
10366 71
10366 72
10366 74
10366 679
10366 752
10366 754
10366 759
10366 761
10366 829
10366 830
10366 839
10366 873
10366 1098
10366 1197
10366 1293
10366 1308
10366 1497
10366 1655
10366 1666
10366 1708
10366 1715
10366 1804
10366 1832
10366 2066
10366 2546
10366 3043
10366 3105
10366 3188
10366 3196
10366 3276
10366 3562
10366 3674
10366 3796
10366 3806
10366 3816
10366 3822
10366 3926
10366 3964
10366 3966
10366 4074
10366 4129
10366 4142
10366 4190
10366 4215
10366 4453
10366 4651
10366 4657
10366 4750
10366 4819
10366 4887
10366 4928
10366 4963
10366 4994
10366 5013
10366 5016
10366 5168
10366 5365
10366 5993
10366 5995
10366 6080
10366 6196
10366 6199
10366 6206
10366 6518
10366 6573
10366 6711
10366 6864
10366 7064
10366 7065
10366 7080
10366 7106
10366 7167
10366 7233
10366 7251
10366 7438
10366 7468
10366 7475
10366 7533
10366 7643
10366 7758
10366 7871
10366 8002
10366 8031
10366 8169
10366 8315
10366 8350
10366 8562
10366 8786
10366 8818
10366 8886
10366 9333
10366 9367
10366 9393
10366 9646
10366 9677
10366 9784
10366 9841
10366 9865
10366 9910
10366 10015
10366 10200
10366 10259
10366 10286
10366 10291
10366 10320
10366 10425
10366 10471
10366 10483
10366 10518
10366 10566
10366 10616
10366 10711
10366 10767
10366 10806
10366 10808
10366 10968
10366 10978
10366 11023
10366 11045
10366 11049
10366 11146
10366 11152
10366 11173
10366 11183
10366 11288
10366 11334
10366 11462
10366 11512
10366 11805
10366 11809
10366 11813
10366 11822
10366 11829
10366 12075
10366 12160
10366 12290
10366 12350
10366 12402
10366 12512
10366 12536
10366 12540
10366 12628
10366 12631
10366 12644
10366 12661
10366 12691
10366 12721
10366 12775
10366 12927
10366 12956
10366 13540
10366 13755
10366 14031
10366 14049
10366 14081
10367 63
10367 64
10367 72
10367 754
10367 761
10367 1098
10367 1655
10367 2684
10367 3188
10367 3196
10367 3674
10367 4129
10367 4141
10367 5016
10367 5168
10367 5264
10367 6196
10367 6199
10367 6711
10367 6812
10367 6864
10367 7065
10367 7072
10367 7233
10367 7251
10367 7605
10367 7638
10367 7758
10367 7871
10367 8315
10367 8350
10367 8886
10367 9186
10367 9223
10367 9683
10367 9685
10367 9686
10367 9784
10367 9865
10367 9910
10367 10197
10367 10259
10367 10471
10367 10483
10367 10547
10367 10592
10367 10808
10367 10968
10367 11146
10367 11173
10367 11748
10367 11822
10367 12075
10367 12350
10367 12352
10367 12478
10367 12536
10367 12540
10367 12631
10367 12672
10367 12775
10367 12806
10368 61
10368 74
10368 3276
10368 3674
10368 3918
10368 4141
10368 4142
10368 4190
10368 4192
10368 4477
10368 4657
10368 4826
10368 4887
10368 5013
10368 5383
10368 5875
10368 5993
10368 6865
10368 7064
10368 7156
10368 7400
10368 7475
10368 7533
10368 7643
10368 7658
10368 7802
10368 8169
10368 8603
10368 8701
10368 8787
10368 9367
10368 9394
10368 10120
10368 10291
10368 10294
10368 10320
10368 10495
10368 10653
10368 10711
10368 10978
10368 11027
10368 11281
10368 11481
10368 11485
10368 11580
10368 11713
10368 11829
10368 12357
10368 12402
10368 12405
10368 12634
10368 12677
10368 12775
10368 12925
10368 12927
10368 12956
10370 3679
10370 4190
10370 4193
10370 5995
10370 6160
10370 6206
10370 7072
10370 8228
10370 8701
10370 10291
10370 10481
10370 10495
10370 10656
10370 10808
10370 10968
10370 11027
10370 11071
10370 11334
10370 12160
10370 12355
10370 12357
10370 12512
10370 12628
10371 57
10371 62
10371 759
10371 761
10371 1025
10371 1666
10371 2462
10371 3043
10371 3196
10371 3562
10371 4129
10371 4192
10371 4477
10371 4827
10371 4877
10371 5016
10371 5025
10371 5182
10371 5993
10371 6080
10371 6199
10371 6573
10371 7064
10371 7080
10371 7100
10371 7106
10371 7251
10371 7292
10371 7462
10371 7643
10371 7758
10371 8315
10371 8562
10371 9489
10371 9677
10371 9784
10371 9832
10371 9910
10371 10155
10371 10483
10371 10495
10371 10590
10371 10592
10371 10653
10371 10767
10371 10785
10371 10806
10371 11049
10371 11052
10371 11173
10371 11713
10371 12075
10371 12290
10371 12350
10371 12540
10371 12631
10371 12691
10371 12721
10371 12755
10371 12775
10376 1293
10376 1308
10376 1655
10376 3188
10376 3276
10376 3674
10376 3816
10376 3964
10376 4129
10376 4142
10376 4193
10376 4819
10376 4884
10376 5016
10376 5182
10376 5993
10376 5995
10376 6196
10376 6864
10376 7080
10376 7106
10376 7233
10376 7251
10376 7292
10376 7462
10376 7468
10376 7724
10376 8002
10376 8169
10376 8528
10376 8886
10376 9686
10376 10094
10376 10200
10376 10286
10376 10355
10376 10483
10376 10518
10376 10566
10376 10767
10376 10808
10376 10956
10376 10968
10376 10978
10376 11462
10376 11735
10376 11828
10376 11829
10376 11836
10376 11958
10376 12075
10376 12478
10376 12536
10376 12540
10376 12631
10376 12672
10377 73
10377 839
10377 1597
10377 3192
10377 3674
10377 3810
10377 3858
10377 4129
10377 4414
10377 5013
10377 5365
10377 5993
10377 6199
10377 6871
10377 6987
10377 7106
10377 7251
10377 7292
10377 7400
10377 7444
10377 7468
10377 7731
10377 7758
10377 8169
10377 8562
10377 8886
10377 9162
10377 9316
10377 9489
10377 9677
10377 9784
10377 9865
10377 10200
10377 10205
10377 10216
10377 10320
10377 10483
10377 10653
10377 10767
10377 10806
10377 10968
10377 11038
10377 11049
10377 11822
10377 11828
10377 11829
10377 11836
10377 12460
10377 12512
10377 12536
10377 12540
10377 12691
10377 12721
10377 12741
10377 12775
10379 817
10379 4174
10379 6196
10379 10160
10421 3188
10421 10259
10421 11183
10423 2250
10423 11485
10423 12154
10423 12402
10431 6812
10431 12154
10545 5170
10545 6842
10545 7065
10545 7539
10545 7606
10545 8645
10545 8787
10545 9394
10545 9683
10545 10483
10545 10903
10545 11462
10545 11481
10545 11766
10545 12071
10545 12402
10545 12467
10545 12536
10545 12700
10599 516
10599 703
10599 1191
10599 1230
10599 1517
10599 2327
10599 2440
10599 2496
10599 3363
10599 4185
10599 5309
10599 5652
10599 6325
10599 6947
10599 7995
10599 8231
10599 8461
10599 11454
10599 11593
10599 12863
10599 13263
10599 13418
10599 14082
10599 14345
10602 97
10602 368
10602 516
10602 741
10602 1191
10602 1230
10602 1512
10602 1518
10602 2014
10602 2327
10602 2440
10602 2496
10602 2690
10602 3363
10602 3599
10602 3699
10602 4185
10602 4382
10602 4687
10602 4930
10602 4942
10602 4987
10602 5460
10602 5580
10602 8231
10602 9388
10602 10174
10602 11593
10602 14082
10603 97
10603 368
10603 516
10603 703
10603 741
10603 1230
10603 1517
10603 1518
10603 2690
10603 3363
10603 4360
10603 4382
10603 4930
10603 4942
10603 5309
10603 5460
10603 5580
10603 5831
10603 6325
10603 6947
10603 8461
10603 8687
10603 9388
10603 10174
10603 11454
10603 11593
10603 14082
10603 14261
10603 14345
10604 97
10604 368
10604 525
10604 703
10604 741
10604 1230
10604 2327
10604 2440
10604 2496
10604 2690
10604 4360
10604 4382
10604 4687
10604 5309
10604 5460
10604 5580
10604 5831
10604 6439
10604 8231
10604 8687
10604 9174
10604 9936
10604 10174
10604 11593
10604 13263
10604 14082
10604 14261
10604 14345
10605 59
10605 62
10605 63
10605 64
10605 66
10605 69
10605 72
10605 679
10605 739
10605 747
10605 752
10605 754
10605 755
10605 759
10605 760
10605 1098
10605 1293
10605 1308
10605 1655
10605 2684
10605 3188
10605 3674
10605 4129
10605 4141
10605 5016
10605 5168
10605 5264
10605 6196
10605 6199
10605 6711
10605 6812
10605 6864
10605 7065
10605 7233
10605 7251
10605 7259
10605 7871
10605 8315
10605 8350
10605 8786
10605 8886
10605 9186
10605 9333
10605 9653
10605 9683
10605 9685
10605 9686
10605 9784
10605 9865
10605 9910
10605 10259
10605 10286
10605 10425
10605 10471
10605 10483
10605 10547
10605 10592
10605 10808
10605 10884
10605 10968
10605 10978
10605 11146
10605 11152
10605 11173
10605 11183
10605 11748
10605 11962
10605 12075
10605 12352
10605 12494
10605 12540
10605 12672
10605 12775
10605 12806
10605 13540
10605 13755
10605 14049
10605 14081
10606 97
10606 1230
10606 1517
10606 1518
10606 2014
10606 2327
10606 2440
10606 2690
10606 4185
10606 4360
10606 4687
10606 5460
10606 5580
10606 6325
10606 6439
10606 8231
10606 8461
10606 8687
10606 9388
10606 14345
10607 97
10607 703
10607 1230
10607 1517
10607 2014
10607 2327
10607 2440
10607 2496
10607 3599
10607 4185
10607 4360
10607 4942
10607 5580
10607 5831
10607 8231
10607 9388
10607 11454
10607 11593
10607 13418
10607 14345
10609 60
10609 61
10609 64
10609 68
10609 94
10609 739
10609 1025
10609 1308
10609 3276
10609 3340
10609 3918
10609 3966
10609 4154
10609 4192
10609 4193
10609 4477
10609 4657
10609 4680
10609 4821
10609 4826
10609 4887
10609 5013
10609 5230
10609 5373
10609 5631
10609 5875
10609 5966
10609 5993
10609 6865
10609 7064
10609 7123
10609 7156
10609 7259
10609 7400
10609 7475
10609 7533
10609 7643
10609 7658
10609 7802
10609 8169
10609 8350
10609 8589
10609 8603
10609 8701
10609 9367
10609 9662
10609 10120
10609 10291
10609 10294
10609 10320
10609 10518
10609 10547
10609 10653
10609 10711
10609 10978
10609 11027
10609 11152
10609 11281
10609 11481
10609 11485
10609 11713
10609 11808
10609 11809
10609 11813
10609 11829
10609 11972
10609 12357
10609 12358
10609 12402
10609 12405
10609 12494
10609 12775
10609 12925
10609 12927
10609 13540
10609 14049
10634 57
10634 60
10634 63
10634 65
10634 66
10634 67
10634 69
10634 73
10634 74
10634 679
10634 739
10634 829
10634 830
10634 839
10634 1293
10634 1708
10634 1805
10634 3105
10634 3674
10634 3742
10634 3810
10634 3816
10634 3926
10634 4074
10634 4129
10634 4190
10634 5016
10634 5168
10634 5365
10634 5993
10634 6199
10634 6206
10634 6573
10634 6711
10634 6812
10634 6864
10634 7064
10634 7065
10634 7106
10634 7233
10634 7251
10634 7259
10634 7468
10634 7643
10634 7758
10634 8169
10634 8315
10634 8562
10634 8589
10634 9223
10634 9333
10634 9784
10634 9865
10634 10015
10634 10200
10634 10216
10634 10286
10634 10320
10634 10483
10634 10518
10634 10547
10634 10592
10634 10653
10634 10767
10634 10806
10634 10968
10634 10978
10634 11023
10634 11038
10634 11044
10634 11152
10634 11512
10634 11809
10634 11828
10634 11829
10634 12536
10634 12540
10634 12691
10634 12721
10634 12741
10634 12775
10634 14049
10635 56
10635 57
10635 61
10635 62
10635 63
10635 64
10635 66
10635 94
10635 640
10635 755
10635 760
10635 829
10635 1025
10635 1293
10635 1497
10635 1666
10635 1708
10635 1805
10635 2462
10635 3562
10635 3926
10635 4074
10635 4129
10635 4192
10635 4477
10635 4611
10635 5016
10635 5025
10635 5182
10635 5365
10635 5373
10635 5993
10635 6080
10635 6199
10635 6206
10635 6573
10635 6864
10635 6900
10635 7106
10635 7123
10635 7137
10635 7251
10635 7462
10635 7475
10635 7533
10635 7643
10635 7758
10635 7794
10635 7871
10635 8315
10635 8562
10635 9367
10635 9489
10635 9646
10635 9677
10635 9832
10635 9910
10635 10291
10635 10320
10635 10483
10635 10495
10635 10592
10635 10653
10635 10767
10635 10785
10635 10806
10635 10884
10635 11049
10635 11146
10635 11152
10635 11173
10635 11713
10635 11962
10635 12075
10635 12290
10635 12352
10635 12631
10635 12691
10635 12721
10635 12775
10635 13540
10647 60
10647 62
10647 66
10647 67
10647 73
10647 679
10647 754
10647 759
10647 1308
10647 1655
10647 1708
10647 3105
10647 3276
10647 3674
10647 3796
10647 3816
10647 4074
10647 4142
10647 4154
10647 4193
10647 4680
10647 4884
10647 5016
10647 5365
10647 5993
10647 5995
10647 6900
10647 7065
10647 7080
10647 7106
10647 7233
10647 7251
10647 7468
10647 7724
10647 8169
10647 8315
10647 8886
10647 10200
10647 10218
10647 10286
10647 10320
10647 10483
10647 10518
10647 10711
10647 10767
10647 10808
10647 10884
10647 11512
10647 11735
10647 11809
10647 11828
10647 11829
10647 11836
10647 11958
10647 11962
10647 12075
10647 12358
10647 12536
10647 12540
10647 12672
10647 12721
10647 12741
10647 12896
10647 13540
10647 14049
10655 554
10655 1242
10655 1804
10655 2288
10655 2503
10655 2978
10655 3822
10655 4583
10655 4875
10655 4952
10655 4961
10655 4994
10655 5302
10655 6473
10655 6703
10655 6818
10655 7333
10655 7368
10655 7539
10655 7868
10655 7882
10655 8012
10655 8167
10655 8966
10655 9256
10655 9259
10655 9260
10655 9332
10655 9731
10655 9904
10655 10068
10655 10221
10655 10270
10655 10681
10655 10783
10655 10794
10655 11296
10655 11399
10655 11805
10655 12210
10655 12354
10655 12613
10658 2066
10658 3337
10658 4839
10658 6977
10658 8277
10658 8811
10658 11694
10658 11741
10659 1459
10659 8277
10659 8683
10659 11741
10659 13589
10664 1459
10664 1462
10664 2066
10664 3797
10664 8683
10664 10170
10664 11741
10664 12513
10665 1035
10665 1459
10665 1462
10665 3337
10665 3797
10665 4839
10665 5511
10665 6949
10665 6977
10665 8277
10665 8683
10665 8811
10665 10170
10665 11694
10665 11741
10665 12513
10665 13589
10666 1035
10666 1459
10666 1461
10666 1462
10666 2066
10666 3337
10666 3797
10666 4839
10666 5511
10666 6949
10666 6977
10666 8277
10666 8683
10666 8811
10666 10170
10666 11671
10666 11694
10666 11741
10666 12513
10666 13589
10671 823
10671 1411
10671 2419
10671 3825
10671 4332
10671 5026
10671 5460
10671 5829
10671 6325
10671 7928
10671 8231
10671 8768
10671 9036
10671 9951
10671 11454
10671 11593
10671 11683
10671 12372
10671 13266
10671 13418
10671 13987
10672 4762
10672 4792
10672 4820
10672 4863
10672 5988
10672 5990
10672 7335
10672 7963
10672 8661
10672 8792
10672 8939
10672 9123
10672 10041
10672 10250
10672 10867
10672 11683
10672 12737
10674 1035
10674 2066
10674 6949
10674 6977
10674 8277
10674 8683
10674 8811
10674 10170
10674 11671
10674 11694
10674 11741
10674 12513
10674 13589
10675 1035
10675 1459
10675 1461
10675 1462
10675 2066
10675 3337
10675 3797
10675 4839
10675 6949
10675 6977
10675 8277
10675 8811
10675 10170
10675 11671
10675 11694
10675 11741
10675 12513
10675 13589
10799 2200
10799 5097
10799 5485
10799 7474
10799 7930
10799 10457
10799 10709
10799 11959
10801 2200
10801 3262
10801 5097
10801 5485
10801 7474
10801 7930
10801 10457
10801 10709
10801 11959
10887 823
10887 880
10887 1195
10887 1411
10887 1540
10887 1747
10887 1914
10887 2419
10887 2999
10887 4497
10887 4634
10887 4867
10887 4965
10887 5026
10887 5422
10887 5441
10887 5834
10887 6232
10887 8768
10887 9607
10887 9609
10887 11683
10887 11837
10887 12372
10887 13266
10887 13515
10887 13987
10888 517
10888 823
10888 880
10888 1195
10888 1324
10888 1411
10888 1540
10888 1747
10888 2999
10888 3416
10888 4497
10888 4634
10888 4867
10888 5026
10888 5468
10888 5470
10888 5829
10888 5858
10888 6015
10888 7617
10888 9607
10888 9609
10888 9951
10888 9985
10888 11683
10888 11837
10888 12085
10888 12372
10888 12629
10888 12905
10888 13515
10888 13987
10889 2330
10889 4762
10889 4792
10889 5395
10889 5988
10889 5990
10889 6232
10889 7058
10889 8349
10889 8661
10889 8792
10889 9331
10889 10250
10889 10345
10889 10810
10889 10867
10889 11683
10889 12535
10889 12737
10890 3539
10890 4091
10890 4792
10890 4835
10890 4886
10890 5395
10890 5964
10890 5990
10890 6976
10890 7058
10890 7335
10890 7391
10890 7963
10890 8349
10890 8661
10890 9331
10890 10250
10890 11965
10890 12535
10891 516
10891 517
10891 823
10891 1324
10891 1540
10891 2419
10891 2999
10891 4497
10891 4634
10891 4867
10891 4965
10891 5026
10891 5468
10891 5470
10891 5829
10891 5834
10891 5858
10891 6015
10891 6232
10891 8389
10891 8768
10891 9609
10891 9951
10891 11592
10891 11683
10891 12372
10891 12905
10891 13266
10891 13515
10894 3706
10894 4091
10894 4328
10894 4762
10894 4792
10894 4886
10894 4990
10894 5964
10894 5990
10894 6976
10894 7058
10894 7335
10894 7706
10894 7963
10894 8349
10894 8661
10894 8792
10894 9331
10894 10250
10894 10803
10894 10810
10894 10867
10894 12535
10894 12737
10895 3706
10895 4762
10895 4886
10895 4990
10895 5964
10895 5988
10895 6232
10895 6976
10895 7058
10895 7335
10895 7706
10895 8349
10895 8792
10895 9123
10895 9331
10895 10182
10895 10269
10895 10803
10895 11683
10895 11747
10895 12535
10980 517
10980 880
10980 1195
10980 1529
10980 1540
10980 1747
10980 3416
10980 4497
10980 4634
10980 4687
10980 4867
10980 4965
10980 5026
10980 5395
10980 5441
10980 5470
10980 5834
10980 5858
10980 6015
10980 6287
10980 7617
10980 8389
10980 8768
10980 9254
10980 9607
10980 9985
10980 10135
10980 11592
10980 12085
10980 12372
10980 12905
10980 13266
10980 13765
10980 14127
11190 3849
11190 3872
11190 5025
11190 5182
11190 6206
11190 6902
11190 7104
11190 8451
11190 8452
11190 8818
11190 10471
11190 10518
11190 10629
11190 10992
11190 11829
11190 12350
11190 12490
11190 12644
11190 12806
11294 540
11294 748
11294 1058
11294 6983
11294 7580
11294 8430
11294 9853
11294 14344
11357 6443
11357 8058
11357 8305
11357 9299
11357 9556
11357 9853
11362 97
11362 368
11362 703
11362 1082
11362 1191
11362 1230
11362 1512
11362 1517
11362 1518
11362 2014
11362 2327
11362 2440
11362 2690
11362 3363
11362 4185
11362 4360
11362 4382
11362 4687
11362 4942
11362 4987
11362 5460
11362 5580
11362 6325
11362 6439
11362 6947
11362 7995
11362 8231
11362 8461
11362 8687
11362 9936
11362 10174
11362 11454
11362 11593
11362 12863
11362 13263
11362 13418
11362 14082
11362 14261
11362 14345
11364 823
11364 880
11364 1529
11364 1540
11364 1914
11364 4497
11364 4772
11364 5026
11364 5468
11364 5470
11364 5829
11364 6015
11364 7617
11364 7928
11364 8389
11364 8768
11364 9607
11364 9985
11364 12085
11364 12372
11364 12629
11364 12905
11364 13266
11431 2330
11431 4762
11431 4792
11431 4990
11431 5990
11431 6976
11431 8661
11431 8792
11431 8939
11431 9123
11431 10810
11431 10867
11431 11683
11431 11728
11431 11747
11431 12535
11431 14048
11432 3539
11432 4792
11432 5990
11432 6976
11432 8661
11432 9123
11432 10456
11432 10867
11432 12535
11434 517
11434 880
11434 1195
11434 1529
11434 1540
11434 2419
11434 4965
11434 5026
11434 8389
11434 8768
11434 11592
11434 11683
11434 12372
11434 12737
11434 13266
11435 517
11435 823
11435 880
11435 1529
11435 1540
11435 2999
11435 5026
11435 5468
11435 5470
11435 5829
11435 6015
11435 7617
11435 8389
11435 9172
11435 9607
11435 9951
11435 11837
11435 12085
11435 12372
11435 12629
11435 12905
11435 13266
11436 1230
11436 1518
11436 1747
11436 2014
11436 2327
11436 4185
11436 4360
11436 4382
11436 4942
11436 5460
11436 5468
11436 5580
11436 6439
11436 6947
11436 8231
11436 8461
11436 8687
11436 10174
11436 11454
11436 11593
11436 13418
11436 14345
11437 1230
11437 2014
11437 2327
11437 2440
11437 4185
11437 4360
11437 5460
11437 5468
11437 6325
11437 6947
11437 7995
11437 8231
11437 8461
11437 8687
11437 9388
11437 11454
11437 11593
11437 13418
11437 14345
11516 10936
11516 10973
11516 13187
11516 13204
11516 13235
11516 13315
11708 4839
11708 6977
11708 8277
11711 6830
11711 8683
11819 3822
11819 4961
11819 4994
11819 5302
11819 6473
11819 6703
11819 6818
11819 6819
11819 7333
11819 7438
11819 7868
11819 8012
11819 8966
11819 9259
11819 9260
11819 9904
11819 10068
11819 10221
11819 10270
11819 11296
11819 11399
11819 12210
11819 12354
11819 12488
11974 59
11974 62
11974 63
11974 64
11974 66
11974 69
11974 72
11974 377
11974 378
11974 485
11974 526
11974 545
11974 666
11974 669
11974 670
11974 720
11974 726
11974 728
11974 733
11974 736
11974 738
11974 739
11974 747
11974 752
11974 754
11974 755
11974 756
11974 759
11974 760
11974 761
11974 1098
11974 1293
11974 1655
11974 2013
11974 2464
11974 2684
11974 3187
11974 3188
11974 3516
11974 3632
11974 3639
11974 3674
11974 3758
11974 3869
11974 3870
11974 4129
11974 4141
11974 4142
11974 4188
11974 4222
11974 4730
11974 4982
11974 5168
11974 5912
11974 6195
11974 6196
11974 6199
11974 6711
11974 6812
11974 6864
11974 7065
11974 7233
11974 7443
11974 7446
11974 7584
11974 7643
11974 7744
11974 7749
11974 8192
11974 8315
11974 8350
11974 8506
11974 8645
11974 8886
11974 9186
11974 9223
11974 9333
11974 9340
11974 9379
11974 9563
11974 9569
11974 9570
11974 9603
11974 9645
11974 9653
11974 9686
11974 9745
11974 9784
11974 9865
11974 9892
11974 9910
11974 10016
11974 10197
11974 10231
11974 10259
11974 10286
11974 10345
11974 10432
11974 10471
11974 10483
11974 10547
11974 10726
11974 10727
11974 10729
11974 10731
11974 10808
11974 10829
11974 10865
11974 10877
11974 10884
11974 10932
11974 10937
11974 10955
11974 10968
11974 10973
11974 10978
11974 11020
11974 11079
11974 11108
11974 11146
11974 11173
11974 11183
11974 11210
11974 11212
11974 11241
11974 11251
11974 11259
11974 11297
11974 11311
11974 11424
11974 11426
11974 11427
11974 11428
11974 11495
11974 11748
11974 11822
11974 11962
11974 11972
11974 12075
11974 12093
11974 12221
11974 12322
11974 12375
11974 12429
11974 12467
11974 12494
11974 12536
11974 12540
11974 12604
11974 12631
11974 12639
11974 12655
11974 12735
11974 12775
11974 12802
11974 12806
11974 12833
11974 12877
11974 12880
11974 12882
11974 12891
11974 12961
11974 13096
11974 13113
11974 13144
11974 13191
11974 13192
11974 13196
11974 13204
11974 13233
11974 13235
11974 13312
11974 13324
11974 13477
11974 13578
11974 13579
11974 13750
11974 13752
11974 13755
11974 13939
11974 13949
11974 13950
11974 13974
11974 13976
11974 13989
11974 13991
11974 14046
11974 14048
11974 14049
11974 14122
11974 14124
11974 14125
11974 14126
11974 14274
11974 14277
11974 14278
11974 14440
11974 14441
11974 14493
11974 14496
11974 14500
11974 14503
11974 14505
11974 14506
12018 64
12018 3674
12018 4963
12018 4994
12018 5013
12018 5168
12018 5182
12018 5365
12018 6199
12018 6206
12018 6812
12018 7064
12018 7106
12018 7438
12018 7758
12018 8054
12018 8169
12018 8315
12018 8350
12018 8562
12018 8818
12018 8886
12018 9677
12018 9784
12018 9865
12018 9910
12018 10200
12018 10205
12018 10259
12018 10286
12018 10471
12018 10483
12018 10518
12018 10653
12018 10767
12018 10806
12018 10808
12018 10968
12018 11023
12018 11045
12018 11049
12018 11146
12018 11288
12018 11334
12018 11707
12018 11828
12018 11829
12018 12075
12018 12160
12018 12402
12018 12460
12018 12512
12018 12536
12018 12540
12018 12644
12018 12691
12018 12721
12018 12775
12018 12927
12018 12956
12031 517
12031 823
12031 880
12031 1324
12031 1411
12031 1529
12031 1540
12031 1747
12031 1914
12031 4497
12031 4634
12031 4772
12031 4867
12031 4965
12031 5026
12031 5441
12031 5468
12031 5470
12031 5829
12031 5834
12031 5858
12031 6015
12031 6232
12031 7617
12031 7928
12031 8389
12031 8768
12031 9172
12031 9174
12031 9607
12031 9609
12031 9951
12031 9985
12031 10135
12031 11609
12031 11683
12031 11837
12031 12085
12031 12372
12031 12629
12031 12905
12031 13266
12031 13515
12031 13987
12033 517
12033 823
12033 880
12033 1324
12033 1529
12033 1540
12033 1747
12033 2419
12033 4497
12033 4634
12033 4867
12033 4965
12033 5026
12033 5395
12033 5441
12033 5468
12033 5470
12033 5829
12033 5834
12033 5858
12033 7928
12033 8389
12033 8768
12033 9174
12033 9985
12033 11609
12033 11683
12033 12372
12033 12905
12033 13266
12033 13515
12042 5831
12042 8125
12042 13999
12055 351
12055 5998
12055 8211
12055 9047
12080 50
12080 52
12080 829
12080 830
12080 839
12080 1497
12080 1666
12080 3674
12080 3796
12080 3806
12080 4073
12080 4129
12080 4142
12080 4651
12080 4875
12080 4887
12080 4994
12080 5493
12080 5494
12080 6199
12080 6206
12080 6991
12080 7233
12080 7251
12080 7592
12080 7626
12080 7758
12080 8315
12080 8803
12080 8818
12080 9333
12080 9727
12080 9784
12080 10200
12080 10320
12080 10483
12080 10518
12080 10656
12080 10808
12080 11044
12080 11049
12080 11288
12080 11334
12080 11462
12080 11580
12080 11707
12080 11813
12080 11876
12080 12160
12080 12210
12080 12350
12080 12512
12080 12536
12080 12540
12080 12631
12080 12691
12118 5170
12118 6842
12118 7605
12118 7608
12118 7639
12118 8849
12118 9687
12118 10277
12118 11481
12118 12357
12118 12558
12119 7605
12119 8849
12119 9687
12119 10277
12120 5170
12120 7605
12120 7608
12120 7639
12120 10277
12120 11481
12120 12357
12120 12558
12121 5170
12121 7605
12121 11481
12121 12558
12127 6842
12127 7605
12127 7639
12127 8849
12127 9687
12127 10277
12127 11481
12127 12558
12170 3276
12170 5211
12170 5379
12170 5956
12170 7064
12170 7124
12170 8667
12170 8698
12170 10120
12170 10483
12170 10626
12170 10903
12170 10905
12170 11687
12170 12467
12170 12478
12170 12674
12170 12741
12171 679
12171 2615
12171 3276
12171 3672
12171 4154
12171 4190
12171 5211
12171 5383
12171 5731
12171 5956
12171 6432
12171 7064
12171 7124
12171 8667
12171 8698
12171 10120
12171 10566
12171 10626
12171 10903
12171 10964
12171 11027
12171 11451
12171 11734
12171 11832
12171 12071
12171 12391
12171 12402
12171 12405
12171 12741
12172 141
12172 679
12172 754
12172 1409
12172 1943
12172 2462
12172 3276
12172 3672
12172 3841
12172 4154
12172 4751
12172 5087
12172 5379
12172 5731
12172 6206
12172 6432
12172 7064
12172 7658
12172 8172
12172 8228
12172 8667
12172 8698
12172 9683
12172 10120
12172 10483
12172 10566
12172 11027
12172 11748
12172 11832
12172 12349
12172 12402
12172 12467
12172 12478
12172 12741
12179 4999
12418 13555
12506 517
12506 823
12506 880
12506 1529
12506 1540
12506 1914
12506 2999
12506 3416
12506 4332
12506 4965
12506 5026
12506 5468
12506 5829
12506 6015
12506 7928
12506 8389
12506 9607
12506 9951
12506 9985
12506 10135
12506 11609
12506 11683
12506 11837
12506 12085
12506 12372
12506 12629
12506 12905
12506 13266
12507 517
12507 823
12507 880
12507 1195
12507 1529
12507 1540
12507 1747
12507 3416
12507 4497
12507 4634
12507 4772
12507 4867
12507 4965
12507 5026
12507 5441
12507 5470
12507 5834
12507 8389
12507 8768
12507 9607
12507 9985
12507 10135
12507 12085
12507 12905
12507 13266
12508 1750
12508 5831
12508 8125
12508 11158
12508 13999
12559 5170
12559 7605
12559 7608
12559 7639
12559 8849
12559 10277
12559 11023
12559 11481
12559 12357
12559 12558
12560 56
12560 57
12560 58
12560 59
12560 60
12560 61
12560 62
12560 63
12560 64
12560 65
12560 66
12560 67
12560 68
12560 69
12560 71
12560 72
12560 73
12560 74
12560 75
12560 341
12560 525
12560 829
12560 830
12560 839
12560 1098
12560 1273
12560 1308
12560 1574
12560 1770
12560 1858
12560 2013
12560 2066
12560 2382
12560 3187
12560 3188
12560 3196
12560 3516
12560 3632
12560 3639
12560 3674
12560 3758
12560 3869
12560 3926
12560 4002
12560 4129
12560 4222
12560 4586
12560 4730
12560 4818
12560 4834
12560 4928
12560 4982
12560 4994
12560 5013
12560 5157
12560 5168
12560 5230
12560 5365
12560 5729
12560 5912
12560 5995
12560 6195
12560 6199
12560 6206
12560 6394
12560 6456
12560 6518
12560 6573
12560 6711
12560 6812
12560 6864
12560 6941
12560 7064
12560 7106
12560 7183
12560 7233
12560 7251
12560 7438
12560 7443
12560 7446
12560 7533
12560 7584
12560 7643
12560 7742
12560 7743
12560 7744
12560 7758
12560 7919
12560 8054
12560 8169
12560 8192
12560 8212
12560 8315
12560 8387
12560 8506
12560 8589
12560 8684
12560 8701
12560 8786
12560 8818
12560 8886
12560 8930
12560 9281
12560 9333
12560 9340
12560 9379
12560 9393
12560 9563
12560 9569
12560 9570
12560 9603
12560 9645
12560 9646
12560 9653
12560 9784
12560 9865
12560 10015
12560 10200
12560 10247
12560 10259
12560 10286
12560 10291
12560 10320
12560 10345
12560 10425
12560 10471
12560 10518
12560 10571
12560 10592
12560 10638
12560 10650
12560 10653
12560 10724
12560 10726
12560 10727
12560 10728
12560 10729
12560 10731
12560 10732
12560 10788
12560 10806
12560 10808
12560 10865
12560 10877
12560 10911
12560 10932
12560 10936
12560 10940
12560 10955
12560 10957
12560 10967
12560 10968
12560 10973
12560 10978
12560 11020
12560 11023
12560 11045
12560 11079
12560 11108
12560 11146
12560 11152
12560 11210
12560 11212
12560 11241
12560 11251
12560 11278
12560 11280
12560 11288
12560 11297
12560 11298
12560 11311
12560 11334
12560 11424
12560 11426
12560 11427
12560 11428
12560 11429
12560 11438
12560 11462
12560 11495
12560 11505
12560 11809
12560 11829
12560 11847
12560 11962
12560 11977
12560 12075
12560 12160
12560 12221
12560 12402
12560 12429
12560 12430
12560 12521
12560 12526
12560 12536
12560 12540
12560 12546
12560 12547
12560 12548
12560 12604
12560 12605
12560 12628
12560 12634
12560 12639
12560 12644
12560 12655
12560 12661
12560 12667
12560 12689
12560 12697
12560 12716
12560 12721
12560 12735
12560 12761
12560 12775
12560 12802
12560 12832
12560 12877
12560 12880
12560 12882
12560 12884
12560 12885
12560 12891
12560 12927
12560 12950
12560 12956
12560 12961
12560 12967
12560 13096
12560 13098
12560 13113
12560 13115
12560 13117
12560 13129
12560 13139
12560 13140
12560 13149
12560 13161
12560 13164
12560 13187
12560 13189
12560 13192
12560 13195
12560 13196
12560 13204
12560 13232
12560 13233
12560 13235
12560 13236
12560 13238
12560 13253
12560 13312
12560 13314
12560 13315
12560 13324
12560 13326
12560 13344
12560 13477
12560 13577
12560 13578
12560 13579
12560 13600
12560 13750
12560 13752
12560 13939
12560 13949
12560 13950
12560 13964
12560 13966
12560 13974
12560 13976
12560 13977
12560 13978
12560 13979
12560 13989
12560 13990
12560 13991
12560 13992
12560 14046
12560 14047
12560 14048
12560 14049
12560 14120
12560 14121
12560 14122
12560 14123
12560 14124
12560 14125
12560 14126
12560 14273
12560 14274
12560 14276
12560 14277
12560 14278
12560 14280
12560 14440
12560 14441
12560 14442
12560 14443
12560 14492
12560 14493
12560 14495
12560 14496
12560 14497
12560 14499
12560 14500
12560 14502
12560 14503
12560 14505
12560 14506
12562 57
12562 58
12562 67
12562 68
12562 73
12562 74
12562 146
12562 341
12562 377
12562 485
12562 549
12562 613
12562 632
12562 733
12562 736
12562 738
12562 759
12562 829
12562 830
12562 839
12562 852
12562 1098
12562 1113
12562 1211
12562 1273
12562 1308
12562 1319
12562 1448
12562 1463
12562 1528
12562 1637
12562 1639
12562 1666
12562 1704
12562 1805
12562 1851
12562 1858
12562 2013
12562 2066
12562 2437
12562 2546
12562 2673
12562 2843
12562 2996
12562 3043
12562 3187
12562 3196
12562 3504
12562 3516
12562 3632
12562 3674
12562 3758
12562 3770
12562 3852
12562 3870
12562 3921
12562 3926
12562 3964
12562 3983
12562 4215
12562 4323
12562 4473
12562 4477
12562 4484
12562 4586
12562 4651
12562 4726
12562 4777
12562 4818
12562 4821
12562 4887
12562 4949
12562 5211
12562 5286
12562 5383
12562 5493
12562 5496
12562 5578
12562 5681
12562 5697
12562 5729
12562 5912
12562 5930
12562 6198
12562 6295
12562 6469
12562 6735
12562 6864
12562 6892
12562 6900
12562 6941
12562 6978
12562 7183
12562 7233
12562 7379
12562 7417
12562 7465
12562 7468
12562 7486
12562 7584
12562 7592
12562 7742
12562 7756
12562 7762
12562 7768
12562 7771
12562 7792
12562 7844
12562 8192
12562 8212
12562 8222
12562 8645
12562 8664
12562 8818
12562 8834
12562 9281
12562 9333
12562 9340
12562 9394
12562 9543
12562 9732
12562 9841
12562 9865
12562 10015
12562 10016
12562 10022
12562 10146
12562 10247
12562 10259
12562 10345
12562 10432
12562 10483
12562 10571
12562 10575
12562 10592
12562 10650
12562 10726
12562 10727
12562 10728
12562 10767
12562 10782
12562 10788
12562 10808
12562 10829
12562 10866
12562 10877
12562 10884
12562 10911
12562 10967
12562 11023
12562 11029
12562 11045
12562 11049
12562 11079
12562 11241
12562 11251
12562 11288
12562 11297
12562 11298
12562 11424
12562 11425
12562 11427
12562 11429
12562 11438
12562 11462
12562 11495
12562 11512
12562 11689
12562 11779
12562 11809
12562 11813
12562 11822
12562 11847
12562 11953
12562 11977
12562 12064
12562 12071
12562 12160
12562 12364
12562 12515
12562 12521
12562 12526
12562 12536
12562 12546
12562 12547
12562 12548
12562 12604
12562 12639
12562 12667
12562 12669
12562 12697
12562 12735
12562 12880
12562 12882
12562 12884
12562 12950
12562 12961
12562 13095
12562 13113
12562 13115
12562 13129
12562 13133
12562 13141
12562 13149
12562 13164
12562 13166
12562 13169
12562 13187
12562 13191
12562 13192
12562 13195
12562 13202
12562 13232
12562 13233
12562 13235
12562 13236
12562 13238
12562 13253
12562 13312
12562 13324
12562 13477
12562 13540
12562 13577
12562 13578
12562 13579
12562 13600
12562 13751
12562 13752
12562 13850
12562 13939
12562 13950
12562 13964
12562 13976
12562 13989
12562 13990
12562 13992
12562 14031
12562 14047
12562 14121
12562 14122
12562 14273
12562 14276
12562 14280
12562 14440
12562 14443
12562 14492
12562 14496
12562 14497
12562 14503
12567 69
12567 2066
12567 3262
12567 4323
12567 4388
12567 4960
12567 6715
12567 7539
12567 7547
12567 7605
12567 8645
12567 8697
12567 9844
12567 10277
12567 11766
12567 12410
12567 12558
12567 12634
12567 13161
12569 60
12569 61
12569 64
12569 68
12569 74
12569 94
12569 383
12569 485
12569 525
12569 1025
12569 1211
12569 1308
12569 1463
12569 1528
12569 1531
12569 1533
12569 1637
12569 1639
12569 1640
12569 1770
12569 1823
12569 1851
12569 1853
12569 3276
12569 3576
12569 3639
12569 3869
12569 3966
12569 4154
12569 4190
12569 4192
12569 4477
12569 4657
12569 4680
12569 4826
12569 4887
12569 4982
12569 5001
12569 5013
12569 5109
12569 5157
12569 5230
12569 5373
12569 5631
12569 5729
12569 5875
12569 5903
12569 5904
12569 5930
12569 5966
12569 5993
12569 6195
12569 6394
12569 6865
12569 7064
12569 7123
12569 7156
12569 7400
12569 7443
12569 7466
12569 7475
12569 7533
12569 7584
12569 7643
12569 7658
12569 7756
12569 7771
12569 7802
12569 7816
12569 8169
12569 8192
12569 8331
12569 8350
12569 8589
12569 8603
12569 8701
12569 9281
12569 9340
12569 9367
12569 9379
12569 9394
12569 9563
12569 9570
12569 9662
12569 9892
12569 10016
12569 10120
12569 10231
12569 10247
12569 10291
12569 10294
12569 10320
12569 10345
12569 10432
12569 10518
12569 10571
12569 10575
12569 10653
12569 10711
12569 10728
12569 10732
12569 10829
12569 10877
12569 10878
12569 10911
12569 10932
12569 10955
12569 10978
12569 11152
12569 11241
12569 11251
12569 11281
12569 11311
12569 11425
12569 11428
12569 11459
12569 11481
12569 11485
12569 11707
12569 11713
12569 11779
12569 11808
12569 11809
12569 11829
12569 11972
12569 12357
12569 12358
12569 12402
12569 12405
12569 12494
12569 12605
12569 12634
12569 12655
12569 12735
12569 12833
12569 12881
12569 12882
12569 12891
12569 12927
12569 12956
12569 12961
12569 13115
12569 13144
12569 13164
12569 13187
12569 13192
12569 13232
12569 13235
12569 13236
12569 13238
12569 13326
12569 13540
12569 13577
12569 13600
12569 13974
12569 13992
12569 14048
12569 14049
12569 14120
12569 14121
12569 14124
12569 14125
12569 14273
12569 14493
12569 14495
12569 14502
12569 14503
12570 68
12570 74
12570 94
12570 456
12570 549
12570 632
12570 839
12570 1226
12570 1574
12570 1707
12570 1837
12570 2377
12570 2481
12570 2684
12570 2996
12570 3187
12570 3196
12570 3674
12570 3921
12570 3922
12570 4115
12570 4188
12570 4477
12570 4611
12570 4826
12570 5162
12570 5383
12570 5492
12570 5697
12570 6333
12570 6484
12570 6892
12570 6941
12570 7379
12570 7486
12570 7538
12570 7543
12570 7605
12570 7791
12570 7871
12570 8429
12570 8645
12570 8754
12570 9178
12570 9333
12570 9389
12570 9617
12570 10074
12570 10205
12570 10247
12570 10277
12570 10547
12570 10713
12570 10884
12570 11049
12570 11055
12570 11412
12570 11612
12570 11677
12570 11809
12570 12004
12570 12056
12570 12358
12570 12405
12570 12802
12570 13316
12570 13317
12570 13540
12570 13850
12570 14503
12571 56
12571 57
12571 58
12571 61
12571 63
12571 64
12571 66
12571 341
12571 378
12571 485
12571 545
12571 613
12571 640
12571 755
12571 760
12571 761
12571 829
12571 1025
12571 1293
12571 1308
12571 1448
12571 1497
12571 1533
12571 1666
12571 1708
12571 1715
12571 1770
12571 1823
12571 1851
12571 1858
12571 2382
12571 2462
12571 2547
12571 2673
12571 3043
12571 3133
12571 3340
12571 3562
12571 3632
12571 3758
12571 3869
12571 4074
12571 4129
12571 4190
12571 4192
12571 4611
12571 4651
12571 4821
12571 4834
12571 4982
12571 5016
12571 5025
12571 5365
12571 5373
12571 5658
12571 5697
12571 5729
12571 5993
12571 6080
12571 6199
12571 6394
12571 6573
12571 6900
12571 6904
12571 7106
12571 7123
12571 7233
12571 7251
12571 7292
12571 7443
12571 7446
12571 7462
12571 7533
12571 7643
12571 7700
12571 7729
12571 7743
12571 7756
12571 7758
12571 7762
12571 7791
12571 7792
12571 7794
12571 7871
12571 7919
12571 8315
12571 8528
12571 8562
12571 8684
12571 8930
12571 9281
12571 9367
12571 9489
12571 9603
12571 9645
12571 9646
12571 9677
12571 9832
12571 9892
12571 9910
12571 10015
12571 10291
12571 10320
12571 10345
12571 10425
12571 10483
12571 10495
12571 10590
12571 10592
12571 10638
12571 10650
12571 10653
12571 10726
12571 10727
12571 10731
12571 10767
12571 10785
12571 10788
12571 10806
12571 10829
12571 10884
12571 10911
12571 10967
12571 10973
12571 11020
12571 11079
12571 11146
12571 11173
12571 11212
12571 11241
12571 11251
12571 11280
12571 11311
12571 11424
12571 11426
12571 11427
12571 11428
12571 11429
12571 11713
12571 11847
12571 11962
12571 12075
12571 12221
12571 12290
12571 12375
12571 12521
12571 12540
12571 12604
12571 12628
12571 12631
12571 12644
12571 12667
12571 12691
12571 12721
12571 12761
12571 12775
12571 12802
12571 12877
12571 12891
12571 12950
12571 12961
12571 13096
12571 13097
12571 13099
12571 13113
12571 13115
12571 13140
12571 13141
12571 13144
12571 13149
12571 13187
12571 13189
12571 13192
12571 13204
12571 13233
12571 13236
12571 13238
12571 13314
12571 13315
12571 13344
12571 13540
12571 13579
12571 13600
12571 13750
12571 13752
12571 13939
12571 13950
12571 13974
12571 13976
12571 13977
12571 13978
12571 13991
12571 14046
12571 14047
12571 14120
12571 14126
12571 14273
12571 14276
12571 14278
12571 14279
12571 14280
12571 14440
12571 14443
12571 14493
12571 14499
12571 14503
12572 57
12572 60
12572 66
12572 67
12572 73
12572 146
12572 377
12572 525
12572 572
12572 679
12572 720
12572 733
12572 738
12572 739
12572 754
12572 915
12572 1025
12572 1211
12572 1293
12572 1308
12572 1448
12572 1528
12572 1640
12572 1655
12572 1851
12572 1853
12572 1858
12572 1908
12572 2315
12572 3105
12572 3276
12572 3674
12572 3709
12572 3816
12572 3869
12572 4074
12572 4129
12572 4141
12572 4154
12572 4193
12572 4484
12572 4680
12572 4784
12572 4827
12572 4884
12572 5157
12572 5230
12572 5681
12572 5729
12572 5904
12572 5993
12572 6195
12572 6196
12572 6338
12572 6350
12572 6394
12572 6456
12572 6900
12572 7065
12572 7080
12572 7233
12572 7251
12572 7292
12572 7443
12572 7468
12572 7584
12572 7724
12572 8002
12572 8169
12572 8315
12572 8589
12572 8664
12572 8760
12572 8886
12572 8930
12572 9281
12572 9340
12572 9563
12572 9569
12572 9646
12572 10016
12572 10197
12572 10200
12572 10218
12572 10247
12572 10286
12572 10320
12572 10345
12572 10355
12572 10483
12572 10547
12572 10566
12572 10571
12572 10650
12572 10728
12572 10731
12572 10732
12572 10767
12572 10788
12572 10808
12572 10911
12572 10932
12572 10937
12572 10955
12572 10967
12572 10978
12572 11251
12572 11259
12572 11297
12572 11298
12572 11424
12572 11425
12572 11426
12572 11429
12572 11459
12572 11462
12572 11505
12572 11512
12572 11735
12572 11809
12572 11828
12572 11836
12572 11962
12572 12075
12572 12292
12572 12358
12572 12536
12572 12540
12572 12631
12572 12655
12572 12672
12572 12721
12572 12761
12572 12775
12572 12885
12572 12891
12572 12961
12572 12967
12572 13096
12572 13113
12572 13140
12572 13143
12572 13144
12572 13164
12572 13192
12572 13196
12572 13233
12572 13236
12572 13238
12572 13312
12572 13540
12572 13578
12572 13579
12572 13752
12572 13939
12572 13949
12572 13974
12572 13976
12572 13978
12572 13979
12572 13990
12572 14048
12572 14049
12572 14278
12572 14440
12572 14442
12572 14495
12572 14499
12572 14500
12572 14502
12572 14506
12573 3366
12573 10432
12573 10866
12573 10973
12573 12526
12573 12547
12573 13117
12573 13577
12574 554
12574 1242
12574 1804
12574 2970
12574 3991
12574 4583
12574 4875
12574 4952
12574 4994
12574 6473
12574 6703
12574 7333
12574 7438
12574 7882
12574 8012
12574 8621
12574 8966
12574 9256
12574 9259
12574 9332
12574 9904
12574 10221
12574 10270
12574 10794
12574 11296
12574 11399
12574 11805
12574 12210
12574 12354
12574 12613
12574 12943
12576 60
12576 61
12576 67
12576 68
12576 71
12576 72
12576 74
12576 75
12576 485
12576 525
12576 671
12576 829
12576 1098
12576 1226
12576 1273
12576 1308
12576 1448
12576 1531
12576 1533
12576 1639
12576 1710
12576 1770
12576 1832
12576 1858
12576 2013
12576 2066
12576 2546
12576 3187
12576 3196
12576 3504
12576 3562
12576 3576
12576 3674
12576 3758
12576 3770
12576 3919
12576 3922
12576 3926
12576 3983
12576 4142
12576 4279
12576 4323
12576 4359
12576 4473
12576 4484
12576 4586
12576 4730
12576 4832
12576 4887
12576 4960
12576 4963
12576 5182
12576 5365
12576 5697
12576 5729
12576 5903
12576 5966
12576 5995
12576 6195
12576 6206
12576 6215
12576 6394
12576 6518
12576 6812
12576 6830
12576 6941
12576 7233
12576 7417
12576 7443
12576 7475
12576 7626
12576 7721
12576 7742
12576 7771
12576 7794
12576 8222
12576 8315
12576 8543
12576 8664
12576 8684
12576 8705
12576 8786
12576 8930
12576 9340
12576 9379
12576 9617
12576 9653
12576 9727
12576 9784
12576 9832
12576 9841
12576 9865
12576 9892
12576 9933
12576 10022
12576 10066
12576 10192
12576 10247
12576 10259
12576 10277
12576 10345
12576 10433
12576 10483
12576 10518
12576 10571
12576 10592
12576 10638
12576 10650
12576 10711
12576 10726
12576 10727
12576 10728
12576 10732
12576 10806
12576 10808
12576 10829
12576 10878
12576 10884
12576 10911
12576 10957
12576 10967
12576 10973
12576 11020
12576 11045
12576 11049
12576 11152
12576 11241
12576 11251
12576 11259
12576 11278
12576 11288
12576 11297
12576 11334
12576 11428
12576 11462
12576 11495
12576 11505
12576 11707
12576 11809
12576 11813
12576 11977
12576 12064
12576 12071
12576 12074
12576 12160
12576 12530
12576 12536
12576 12540
12576 12548
12576 12639
12576 12644
12576 12669
12576 12697
12576 12716
12576 12735
12576 12802
12576 12880
12576 12882
12576 13096
12576 13098
12576 13115
12576 13140
12576 13141
12576 13149
12576 13166
12576 13169
12576 13191
12576 13192
12576 13196
12576 13235
12576 13238
12576 13314
12576 13327
12576 13344
12576 13477
12576 13540
12576 13554
12576 13579
12576 13600
12576 13750
12576 13752
12576 13966
12576 13976
12576 13978
12576 13989
12576 13990
12576 13991
12576 13992
12576 14047
12576 14049
12576 14050
12576 14119
12576 14121
12576 14123
12576 14276
12576 14279
12576 14443
12576 14492
12576 14493
12576 14496
12576 14497
12576 14500
12578 52
12578 57
12578 146
12578 156
12578 549
12578 829
12578 839
12578 852
12578 1113
12578 1338
12578 1350
12578 1456
12578 1463
12578 1707
12578 1719
12578 1882
12578 2493
12578 2498
12578 2684
12578 2843
12578 3196
12578 3392
12578 3674
12578 3679
12578 3921
12578 3944
12578 4647
12578 4869
12578 5224
12578 5491
12578 5495
12578 5792
12578 5912
12578 6735
12578 7010
12578 7379
12578 7465
12578 7584
12578 7721
12578 7742
12578 7744
12578 7768
12578 7992
12578 8054
12578 8429
12578 8492
12578 8680
12578 8748
12578 8754
12578 8818
12578 8834
12578 9571
12578 9617
12578 10067
12578 10205
12578 10429
12578 10472
12578 10592
12578 10866
12578 10884
12578 11045
12578 11049
12578 11052
12578 11184
12578 11334
12578 11428
12578 11495
12578 11691
12578 11700
12578 11809
12578 11825
12578 11827
12578 11847
12578 11900
12578 12160
12578 12192
12578 12369
12578 12433
12578 12667
12578 12689
12578 12725
12578 12896
12578 13098
12578 13169
12578 13223
12578 13235
12578 13238
12578 13314
12578 13850
12578 13935
12578 13984
12578 13989
12579 56
12579 57
12579 58
12579 59
12579 60
12579 67
12579 71
12579 72
12579 377
12579 485
12579 525
12579 526
12579 728
12579 738
12579 754
12579 829
12579 839
12579 1273
12579 1293
12579 1308
12579 1448
12579 1528
12579 1531
12579 1770
12579 1851
12579 2066
12579 2108
12579 3276
12579 3632
12579 3639
12579 3674
12579 3912
12579 3926
12579 4129
12579 4222
12579 4359
12579 4453
12579 4651
12579 4730
12579 4784
12579 4819
12579 4827
12579 4834
12579 4951
12579 4963
12579 5168
12579 5550
12579 5582
12579 5729
12579 5904
12579 5993
12579 5995
12579 6195
12579 6206
12579 6337
12579 6394
12579 6456
12579 6490
12579 6573
12579 6864
12579 6941
12579 7064
12579 7183
12579 7251
12579 7438
12579 7446
12579 7584
12579 7643
12579 7744
12579 7758
12579 7771
12579 7791
12579 8002
12579 8054
12579 8169
12579 8172
12579 8192
12579 8315
12579 8331
12579 8387
12579 8506
12579 8528
12579 8543
12579 8589
12579 8786
12579 8886
12579 9340
12579 9367
12579 9379
12579 9393
12579 9563
12579 9570
12579 9603
12579 9653
12579 10016
12579 10247
12579 10259
12579 10286
12579 10291
12579 10320
12579 10345
12579 10425
12579 10471
12579 10547
12579 10566
12579 10571
12579 10575
12579 10638
12579 10711
12579 10728
12579 10729
12579 10731
12579 10788
12579 10806
12579 10808
12579 10865
12579 10878
12579 10884
12579 10911
12579 10932
12579 10937
12579 10940
12579 10955
12579 10957
12579 10968
12579 10973
12579 10978
12579 10986
12579 11020
12579 11079
12579 11108
12579 11146
12579 11210
12579 11212
12579 11241
12579 11259
12579 11278
12579 11280
12579 11297
12579 11298
12579 11334
12579 11424
12579 11426
12579 11427
12579 11429
12579 11462
12579 11485
12579 11505
12579 11779
12579 11805
12579 11844
12579 11906
12579 11972
12579 12074
12579 12160
12579 12221
12579 12290
12579 12375
12579 12430
12579 12460
12579 12467
12579 12540
12579 12546
12579 12604
12579 12605
12579 12655
12579 12689
12579 12735
12579 12761
12579 12775
12579 12802
12579 12881
12579 12950
12579 12956
12579 13113
12579 13117
12579 13134
12579 13140
12579 13141
12579 13144
12579 13149
12579 13161
12579 13164
12579 13187
12579 13189
12579 13191
12579 13232
12579 13235
12579 13236
12579 13253
12579 13315
12579 13326
12579 13327
12579 13533
12579 13578
12579 13579
12579 13600
12579 13750
12579 13752
12579 13755
12579 13939
12579 13949
12579 13976
12579 13977
12579 13978
12579 13990
12579 13991
12579 14031
12579 14049
12579 14103
12579 14120
12579 14121
12579 14122
12579 14125
12579 14126
12579 14273
12579 14274
12579 14277
12579 14278
12579 14440
12579 14441
12579 14492
12579 14495
12579 14503
12579 14506
12580 61
12580 62
12580 63
12580 64
12580 65
12580 66
12580 69
12580 73
12580 75
12580 669
12580 670
12580 679
12580 733
12580 739
12580 873
12580 1098
12580 1211
12580 1574
12580 1597
12580 1637
12580 1640
12580 1708
12580 1715
12580 1804
12580 1853
12580 2013
12580 2382
12580 2547
12580 3007
12580 3105
12580 3187
12580 3188
12580 3283
12580 3576
12580 3810
12580 3816
12580 3822
12580 3966
12580 4002
12580 4074
12580 4188
12580 4190
12580 4323
12580 4388
12580 4751
12580 4777
12580 4875
12580 4928
12580 4982
12580 4994
12580 5001
12580 5135
12580 5230
12580 5264
12580 5365
12580 5379
12580 5422
12580 5631
12580 5912
12580 5956
12580 6199
12580 6350
12580 6703
12580 6892
12580 6900
12580 7065
12580 7106
12580 7233
12580 7443
12580 7462
12580 7475
12580 7533
12580 7658
12580 7700
12580 7724
12580 8212
12580 8335
12580 8488
12580 8652
12580 8818
12580 8849
12580 8992
12580 9070
12580 9281
12580 9333
12580 9489
12580 9543
12580 9645
12580 9646
12580 9865
12580 10066
12580 10146
12580 10200
12580 10231
12580 10277
12580 10483
12580 10592
12580 10653
12580 10726
12580 10727
12580 10829
12580 10903
12580 10967
12580 11023
12580 11039
12580 11152
12580 11251
12580 11292
12580 11311
12580 11828
12580 11847
12580 11886
12580 11962
12580 12075
12580 12402
12580 12410
12580 12512
12580 12536
12580 12634
12580 12639
12580 12644
12580 12661
12580 12667
12580 12806
12580 12832
12580 12833
12580 12880
12580 12882
12580 12884
12580 12885
12580 12891
12580 12927
12580 12961
12580 13095
12580 13096
12580 13097
12580 13098
12580 13099
12580 13129
12580 13133
12580 13143
12580 13192
12580 13196
12580 13233
12580 13344
12580 13477
12580 13540
12580 13966
12580 13974
12580 13979
12580 13989
12580 14046
12580 14048
12580 14124
12580 14279
12580 14442
12580 14493
12580 14496
12580 14497
12580 14505
12595 60
12595 68
12595 73
12595 74
12595 75
12595 341
12595 377
12595 525
12595 549
12595 726
12595 759
12595 829
12595 839
12595 1098
12595 1113
12595 1273
12595 1308
12595 1448
12595 1528
12595 1574
12595 1637
12595 1639
12595 1666
12595 1851
12595 1858
12595 2066
12595 2464
12595 2673
12595 2767
12595 2843
12595 3187
12595 3196
12595 3504
12595 3562
12595 3674
12595 3679
12595 3770
12595 3869
12595 3919
12595 3921
12595 3926
12595 3944
12595 3964
12595 4289
12595 4323
12595 4477
12595 4484
12595 4586
12595 4651
12595 4777
12595 4821
12595 4826
12595 4949
12595 5034
12595 5493
12595 5595
12595 5681
12595 5697
12595 5875
12595 5930
12595 6199
12595 6338
12595 6469
12595 6711
12595 6864
12595 6900
12595 7124
12595 7183
12595 7233
12595 7379
12595 7468
12595 7486
12595 7624
12595 7756
12595 7762
12595 7771
12595 7792
12595 8192
12595 8212
12595 8222
12595 8350
12595 8448
12595 8543
12595 8645
12595 8786
12595 9379
12595 9394
12595 9603
12595 9828
12595 9921
12595 10120
12595 10247
12595 10320
12595 10345
12595 10432
12595 10483
12595 10571
12595 10575
12595 10592
12595 10650
12595 10711
12595 10726
12595 10728
12595 10732
12595 10767
12595 10782
12595 10808
12595 10809
12595 10877
12595 10878
12595 10911
12595 10936
12595 10955
12595 10964
12595 11241
12595 11251
12595 11259
12595 11281
12595 11298
12595 11334
12595 11377
12595 11424
12595 11425
12595 11438
12595 11462
12595 11495
12595 11694
12595 11809
12595 11813
12595 11822
12595 12004
12595 12064
12595 12071
12595 12369
12595 12402
12595 12515
12595 12536
12595 12540
12595 12639
12595 12669
12595 12697
12595 12802
12595 12882
12595 12891
12595 13113
12595 13129
12595 13166
12595 13187
12595 13191
12595 13195
12595 13253
12595 13324
12595 13540
12595 13577
12595 13578
12595 13600
12595 13752
12595 13990
12595 13992
12595 14031
12595 14032
12595 14049
12595 14122
12595 14123
12595 14278
12595 14440
12595 14503
12597 56
12597 58
12597 59
12597 61
12597 63
12597 65
12597 66
12597 67
12597 69
12597 71
12597 72
12597 73
12597 75
12597 146
12597 378
12597 485
12597 525
12597 679
12597 726
12597 728
12597 752
12597 829
12597 839
12597 1010
12597 1098
12597 1273
12597 1308
12597 1528
12597 1531
12597 1574
12597 1715
12597 1853
12597 1858
12597 2013
12597 2066
12597 2382
12597 2547
12597 3105
12597 3187
12597 3188
12597 3196
12597 3576
12597 3632
12597 3639
12597 3674
12597 3758
12597 3869
12597 4129
12597 4222
12597 4323
12597 4359
12597 4586
12597 4730
12597 4777
12597 4834
12597 4951
12597 4963
12597 4982
12597 5013
12597 5168
12597 5230
12597 5365
12597 5534
12597 5729
12597 5904
12597 5912
12597 5995
12597 6195
12597 6199
12597 6206
12597 6394
12597 6456
12597 6518
12597 6711
12597 6812
12597 6900
12597 7106
12597 7183
12597 7233
12597 7251
12597 7443
12597 7446
12597 7533
12597 7584
12597 7643
12597 7658
12597 7700
12597 7744
12597 7758
12597 7762
12597 7771
12597 8031
12597 8169
12597 8192
12597 8212
12597 8315
12597 8387
12597 8506
12597 8543
12597 8562
12597 8664
12597 8786
12597 8849
12597 8886
12597 8930
12597 9281
12597 9333
12597 9379
12597 9393
12597 9563
12597 9603
12597 9645
12597 9646
12597 9784
12597 9865
12597 9892
12597 10015
12597 10016
12597 10146
12597 10200
12597 10231
12597 10259
12597 10286
12597 10320
12597 10345
12597 10425
12597 10483
12597 10518
12597 10547
12597 10571
12597 10592
12597 10616
12597 10638
12597 10650
12597 10726
12597 10727
12597 10728
12597 10729
12597 10731
12597 10732
12597 10781
12597 10788
12597 10806
12597 10808
12597 10829
12597 10865
12597 10877
12597 10884
12597 10932
12597 10936
12597 10937
12597 10940
12597 10955
12597 10957
12597 10967
12597 10968
12597 10973
12597 11020
12597 11023
12597 11045
12597 11152
12597 11210
12597 11212
12597 11297
12597 11298
12597 11334
12597 11424
12597 11426
12597 11427
12597 11428
12597 11429
12597 11809
12597 11847
12597 11962
12597 11972
12597 11977
12597 12075
12597 12160
12597 12402
12597 12429
12597 12494
12597 12521
12597 12536
12597 12540
12597 12546
12597 12634
12597 12655
12597 12661
12597 12689
12597 12735
12597 12761
12597 12775
12597 12833
12597 12880
12597 12881
12597 12882
12597 12884
12597 12885
12597 12891
12597 12956
12597 12961
12597 12967
12597 12996
12597 13096
12597 13098
12597 13113
12597 13115
12597 13117
12597 13134
12597 13140
12597 13141
12597 13144
12597 13149
12597 13161
12597 13166
12597 13187
12597 13189
12597 13191
12597 13192
12597 13196
12597 13204
12597 13233
12597 13236
12597 13253
12597 13312
12597 13314
12597 13326
12597 13344
12597 13477
12597 13540
12597 13578
12597 13579
12597 13600
12597 13752
12597 13939
12597 13964
12597 13966
12597 13974
12597 13976
12597 13977
12597 13978
12597 13979
12597 13989
12597 13991
12597 14046
12597 14049
12597 14119
12597 14120
12597 14122
12597 14123
12597 14124
12597 14126
12597 14273
12597 14274
12597 14277
12597 14278
12597 14279
12597 14280
12597 14440
12597 14443
12597 14492
12597 14495
12597 14496
12597 14497
12597 14499
12597 14500
12597 14502
12597 14505
12597 14506
12635 139
12635 5786
12635 7325
12635 8118
12635 8862
12635 9387
12635 12368
12740 8058
12740 9853
12740 12104
12745 5447
12844 65
12844 288
12844 679
12844 1835
12844 1973
12844 3040
12844 4074
12844 4695
12844 7992
12844 11962
12844 12896
12920 5109
12920 7841
12920 8448
12920 8474
12920 11022
12920 11860
13206 57
13206 58
13206 61
13206 62
13206 63
13206 64
13206 66
13206 67
13206 69
13206 71
13206 72
13206 74
13206 146
13206 341
13206 525
13206 613
13206 671
13206 829
13206 830
13206 839
13206 873
13206 915
13206 935
13206 1098
13206 1147
13206 1308
13206 1379
13206 1463
13206 1528
13206 1574
13206 1770
13206 1788
13206 1823
13206 1853
13206 2013
13206 2066
13206 2382
13206 2437
13206 3187
13206 3196
13206 3504
13206 3576
13206 3674
13206 3816
13206 3819
13206 3926
13206 3928
13206 4142
13206 4281
13206 4359
13206 4473
13206 4484
13206 4586
13206 4730
13206 4819
13206 4963
13206 5016
13206 5168
13206 5365
13206 5422
13206 5729
13206 5903
13206 5912
13206 6080
13206 6195
13206 6199
13206 6206
13206 6456
13206 6711
13206 6812
13206 6864
13206 6941
13206 7106
13206 7183
13206 7233
13206 7443
13206 7446
13206 7584
13206 7643
13206 7742
13206 7743
13206 7744
13206 7756
13206 7758
13206 7871
13206 7919
13206 8054
13206 8169
13206 8212
13206 8350
13206 8387
13206 8543
13206 8562
13206 8684
13206 8786
13206 8930
13206 9281
13206 9379
13206 9393
13206 9570
13206 9571
13206 9603
13206 9617
13206 9645
13206 9646
13206 9653
13206 9784
13206 9841
13206 9892
13206 10015
13206 10200
13206 10259
13206 10320
13206 10425
13206 10471
13206 10483
13206 10518
13206 10547
13206 10566
13206 10571
13206 10575
13206 10592
13206 10616
13206 10638
13206 10727
13206 10731
13206 10732
13206 10788
13206 10806
13206 10829
13206 10865
13206 10866
13206 10911
13206 10936
13206 10937
13206 10940
13206 10955
13206 10957
13206 10967
13206 10968
13206 10973
13206 11020
13206 11045
13206 11049
13206 11079
13206 11108
13206 11146
13206 11152
13206 11173
13206 11212
13206 11251
13206 11311
13206 11334
13206 11428
13206 11429
13206 11438
13206 11688
13206 11809
13206 11847
13206 11962
13206 11977
13206 12074
13206 12160
13206 12292
13206 12429
13206 12430
13206 12536
13206 12540
13206 12546
13206 12639
13206 12689
13206 12691
13206 12697
13206 12761
13206 12775
13206 12802
13206 12877
13206 12880
13206 12882
13206 12885
13206 12927
13206 12996
13206 13095
13206 13098
13206 13117
13206 13139
13206 13149
13206 13187
13206 13192
13206 13195
13206 13196
13206 13204
13206 13235
13206 13238
13206 13326
13206 13344
13206 13477
13206 13540
13206 13578
13206 13579
13206 13600
13206 13750
13206 13752
13206 13935
13206 13974
13206 13977
13206 13981
13206 13989
13206 13990
13206 13991
13206 14046
13206 14047
13206 14049
13206 14119
13206 14121
13206 14122
13206 14273
13206 14276
13206 14278
13206 14279
13206 14280
13206 14440
13206 14442
13206 14443
13206 14492
13206 14493
13206 14495
13206 14496
13206 14500
13206 14503
13425 52
13425 57
13425 59
13425 60
13425 63
13425 66
13425 67
13425 68
13425 69
13425 71
13425 146
13425 525
13425 733
13425 736
13425 739
13425 829
13425 839
13425 1147
13425 1226
13425 1242
13425 1463
13425 1482
13425 1497
13425 1503
13425 1574
13425 1639
13425 1804
13425 2013
13425 2066
13425 2315
13425 2469
13425 3043
13425 3187
13425 3276
13425 3504
13425 3562
13425 3674
13425 3806
13425 3822
13425 3919
13425 3964
13425 4141
13425 4142
13425 4281
13425 4477
13425 4484
13425 4586
13425 4651
13425 4726
13425 4730
13425 4750
13425 4829
13425 4961
13425 4994
13425 5182
13425 5493
13425 5495
13425 5658
13425 5726
13425 5903
13425 5930
13425 6199
13425 6206
13425 6703
13425 6812
13425 6864
13425 7333
13425 7475
13425 7486
13425 7592
13425 7743
13425 8192
13425 8222
13425 8315
13425 8589
13425 8684
13425 8818
13425 9333
13425 9393
13425 9394
13425 9569
13425 9603
13425 9653
13425 9784
13425 9892
13425 10015
13425 10221
13425 10247
13425 10277
13425 10320
13425 10471
13425 10483
13425 10547
13425 10566
13425 10571
13425 10592
13425 10638
13425 10646
13425 10726
13425 10728
13425 10782
13425 10866
13425 10878
13425 10884
13425 11020
13425 11044
13425 11045
13425 11079
13425 11152
13425 11241
13425 11259
13425 11288
13425 11297
13425 11334
13425 11429
13425 11438
13425 11462
13425 11495
13425 11689
13425 11777
13425 11800
13425 11809
13425 11813
13425 11847
13425 12075
13425 12364
13425 12402
13425 12467
13425 12526
13425 12530
13425 12536
13425 12540
13425 12669
13425 12691
13425 12725
13425 12802
13425 12882
13425 13098
13425 13113
13425 13129
13425 13139
13425 13164
13425 13201
13425 13223
13425 13232
13425 13233
13425 13477
13425 13554
13425 13555
13425 13600
13425 13939
13425 13966
13425 13976
13425 13977
13425 13989
13425 13990
13425 13992
13425 14031
13425 14047
13425 14049
13425 14050
13425 14273
13425 14276
13425 14440
13425 14442
13425 14492
13425 14496
13965 57
13965 67
13965 71
13965 72
13965 74
13965 146
13965 156
13965 829
13965 830
13965 839
13965 935
13965 1098
13965 1147
13965 1308
13965 1463
13965 1533
13965 1574
13965 1666
13965 1710
13965 1770
13965 1788
13965 1823
13965 1883
13965 2003
13965 2013
13965 2328
13965 2493
13965 2684
13965 3043
13965 3187
13965 3196
13965 3366
13965 3504
13965 3651
13965 3674
13965 3758
13965 3819
13965 3822
13965 3872
13965 3912
13965 3919
13965 3926
13965 3928
13965 3983
13965 4011
13965 4215
13965 4359
13965 4473
13965 4484
13965 4647
13965 4730
13965 4875
13965 5182
13965 5224
13965 5365
13965 5405
13965 5422
13965 5646
13965 5697
13965 5729
13965 5792
13965 5912
13965 6195
13965 6206
13965 6573
13965 6703
13965 6735
13965 6812
13965 6941
13965 7104
13965 7233
13965 7379
13965 7721
13965 7744
13965 7876
13965 7919
13965 8350
13965 8462
13965 8680
13965 8684
13965 8754
13965 8930
13965 9281
13965 9333
13965 9389
13965 9467
13965 9541
13965 9570
13965 9571
13965 9603
13965 9653
13965 9784
13965 9841
13965 9893
13965 10066
13965 10067
13965 10155
13965 10205
13965 10345
13965 10433
13965 10483
13965 10571
13965 10592
13965 10638
13965 10681
13965 10724
13965 10727
13965 10767
13965 10788
13965 10806
13965 10808
13965 10829
13965 10884
13965 10911
13965 10940
13965 10955
13965 11039
13965 11044
13965 11045
13965 11049
13965 11079
13965 11108
13965 11146
13965 11173
13965 11183
13965 11251
13965 11288
13965 11298
13965 11311
13965 11334
13965 11429
13965 11438
13965 11495
13965 11689
13965 11691
13965 11707
13965 11777
13965 11800
13965 11809
13965 11813
13965 11825
13965 11827
13965 11847
13965 11953
13965 11977
13965 12160
13965 12429
13965 12526
13965 12530
13965 12540
13965 12546
13965 12639
13965 12689
13965 12691
13965 12802
13965 12832
13965 12882
13965 12899
13965 12950
13965 12991
13965 13083
13965 13096
13965 13098
13965 13129
13965 13139
13965 13149
13965 13169
13965 13195
13965 13196
13965 13201
13965 13202
13965 13233
13965 13326
13965 13540
13965 13554
13965 13577
13965 13579
13965 13600
13965 13935
13965 13984
13965 13989
13965 13990
13965 13991
13965 14047
13965 14049
13965 14119
13965 14121
13965 14273
13965 14276
13965 14279
13965 14440
13965 14492
13965 14500
