14541 14541 11045
16 11296
22 5493
22 5494
22 6281
22 9488
22 10592
22 10727
22 10866
22 12689
28 3892
28 5534
28 5964
28 6828
28 11664
31 10466
39 13192
54 13117
77 62
77 1308
77 1450
77 1973
77 2467
77 3040
77 7371
77 9332
77 10270
77 11446
77 12677
104 4855
104 5034
104 5372
104 5976
104 6819
104 6871
104 8758
104 10693
104 12314
106 6305
106 11458
111 2082
111 3465
111 5405
111 5703
111 7167
111 10192
111 10638
111 10782
111 12491
111 13325
111 14440
113 2970
113 3857
115 8555
119 1147
119 3424
119 6922
119 6925
119 11649
120 13950
120 14047
122 1216
122 1450
122 2083
122 4016
122 4342
122 5054
122 5670
122 9274
122 9332
122 10270
125 6539
125 10865
125 12546
129 6828
129 9751
129 12634
129 13751
130 7183
132 572
132 1307
132 10611
132 11445
136 13129
137 341
137 377
137 5157
137 11429
149 50
149 2028
149 4323
149 4949
149 5491
149 7430
149 7839
149 8589
149 9540
149 11827
149 14441
157 3923
163 378
163 1979
163 7443
163 7771
163 11020
163 12735
163 13192
163 13577
163 14047
166 1790
166 11243
167 10940
177 3783
177 4961
177 5087
177 8777
177 8800
177 8974
177 10033
177 10179
177 10205
181 9633
181 11336
185 2066
185 2641
185 3883
185 9332
185 11813
185 12618
193 2843
193 4885
193 11546
193 13545
198 755
198 1242
198 6293
198 9152
198 11612
198 14005
211 5257
211 5493
211 5494
211 5495
211 5496
211 5507
211 6215
211 11713
211 12355
226 3848
230 5596
230 13755
232 842
232 1825
232 3709
238 1459
238 1461
238 3797
238 5365
241 5493
241 5494
241 5495
241 5507
241 6215
241 11747
244 7791
248 1804
248 4453
248 7697
248 7868
248 9569
248 12350
248 14273
248 14493
268 1308
268 3506
268 5537
268 5646
268 6594
268 8244
268 10425
268 11626
268 11723
268 12486
285 60
285 10068
285 11120
285 11589
289 4885
289 5054
289 13990
290 2970
293 2481
293 5912
293 13141
293 13195
293 13236
298 2978
298 7438
298 9670
298 11886
300 8566
300 11446
300 11825
300 12355
302 5631
302 8116
312 2288
312 7882
312 11446
313 14035
316 3921
316 5964
319 842
319 3187
319 7183
319 10781
319 14031
322 383
322 1308
322 2437
322 3919
322 5964
322 6860
322 6904
322 7156
322 7703
322 11735
325 3639
325 3805
325 3963
325 4889
325 5532
325 6169
325 6789
325 7438
325 10179
325 10827
325 10869
325 11446
325 11987
327 10216
338 632
338 761
338 2970
338 4869
338 4922
338 5172
338 5521
338 5569
338 7816
338 8036
338 8817
338 9186
338 11825
338 12454
363 1457
363 3657
363 4188
363 5717
363 6902
363 8983
363 10269
363 11829
366 3699
366 6598
366 8026
366 10078
366 10991
366 12645
367 1423
367 2437
367 4129
367 8755
367 8974
367 9571
367 10216
367 10247
367 10275
367 10636
367 12491
367 13149
367 14375
375 6394
375 11079
393 8429
393 10673
396 62
396 64
396 2515
396 5578
396 7919
396 8788
396 10624
396 11512
396 12004
396 13317
396 13984
401 2003
401 3218
401 4830
401 5803
401 6520
401 6598
401 7430
401 7639
401 8175
401 10473
401 10495
401 10566
401 10986
401 11151
403 10504
403 11822
403 11965
405 4922
405 6305
405 6473
405 13961
405 14035
406 71
406 1197
406 1709
406 1716
406 3511
406 3713
406 3945
406 4453
406 5004
406 6570
406 6871
406 8244
406 8816
406 8886
406 9316
406 9489
406 9865
406 10221
406 10693
406 10968
406 12075
408 6539
408 10940
408 13141
412 1979
412 7371
412 11259
412 13990
414 11777
414 13328
414 13533
419 752
419 756
419 1110
419 4477
419 5612
419 6520
419 6773
419 8685
419 9727
419 10949
419 11776
419 12407
419 13323
424 102
424 736
424 2515
424 4437
424 5998
424 6810
424 7176
424 8883
424 9950
424 11444
424 12615
425 2374
425 4437
425 4922
425 5276
425 5937
425 10817
425 11314
425 12436
425 12691
425 13540
425 13961
425 13984
425 14035
426 842
426 13571
427 11847
427 13312
428 146
428 4820
428 6353
428 7821
428 9563
428 12885
428 13533
428 14048
429 3848
437 1037
437 2469
437 11689
437 11847
437 11953
437 14035
441 68
441 829
441 839
441 3276
441 3674
441 3796
441 4651
441 6987
441 7233
441 7553
441 7687
441 7832
441 8214
441 8448
441 8486
441 10179
441 10200
441 11735
441 13850
448 3857
451 60
451 726
451 3192
451 3991
451 4792
451 5495
451 5507
451 6751
451 6818
451 7064
451 8192
451 8817
451 10728
451 10956
451 12454
460 5938
460 6295
460 6941
460 8299
460 9489
461 2305
461 4011
461 6456
461 7072
461 7443
461 8880
461 9331
461 9603
461 9685
461 10189
461 10197
461 11297
461 12650
461 12832
461 13113
461 13149
462 6293
470 774
470 1442
470 4484
470 10955
470 11029
471 1211
471 13578
472 1147
472 1533
472 1825
472 3187
472 7183
472 10866
472 12996
473 525
473 2305
473 4830
473 13571
473 13752
476 287
476 5129
476 7164
483 1273
483 2083
483 4982
483 5994
483 13571
484 4777
484 12689
486 2481
486 3699
486 4885
486 6554
486 10273
486 10611
486 11029
486 11965
486 11987
486 12721
486 13849
487 156
487 5224
487 5623
488 73
488 1531
488 1823
488 3709
488 11314
488 14032
489 545
489 12605
497 5671
497 9202
497 12447
503 1531
503 10231
506 842
506 1825
506 7729
506 7749
506 13115
507 3262
508 12996
510 6331
510 6703
510 13961
511 1823
511 1892
511 1908
511 4186
511 4885
511 7794
511 8748
511 8834
511 8983
511 9152
511 9259
511 9745
511 11705
511 12009
511 12660
511 13113
514 156
514 3926
514 3964
514 4819
514 5025
514 5224
514 5623
514 6160
514 6600
514 9070
514 10015
514 12009
514 12614
514 13329
518 62
518 1242
518 4114
518 4132
518 6473
518 6573
518 6819
518 7438
518 14496
519 7407
519 8685
519 10094
519 10461
519 10974
519 11831
522 2767
522 3709
522 5393
522 5495
522 6864
522 11485
522 12521
522 13976
522 14031
524 5792
524 9177
524 9612
524 10544
527 1037
527 5532
529 3819
529 9653
529 13344
530 1113
530 2843
530 4132
530 4484
530 11429
530 11495
531 72
531 73
531 5144
531 5495
531 5496
531 5507
531 6090
531 6215
531 7802
531 7825
531 10221
531 10224
531 10483
531 10711
531 12064
534 829
534 830
534 1456
534 2305
534 2539
534 3511
534 4657
534 6554
534 7731
534 8012
534 10216
534 11115
534 13329
534 13850
535 830
535 839
535 4512
535 6597
535 11809
535 12303
535 12613
536 56
536 760
536 3858
536 5393
536 5717
536 8705
536 11029
536 12422
536 12627
536 14505
538 666
538 739
538 2437
538 3218
538 3921
538 5166
538 7650
538 8577
538 10120
538 10626
538 11115
538 11120
538 11747
538 12369
538 13133
538 13169
539 3870
539 11241
544 1168
544 2534
544 4885
544 7379
544 12880
544 13139
544 13991
546 3351
546 3354
546 3651
546 3715
546 5393
546 5493
546 5717
546 6976
546 7553
546 8780
546 8834
546 9454
546 10136
546 11426
546 11451
546 11666
546 11677
546 12154
546 12467
546 12700
546 13328
546 13751
546 14122
546 14283
563 12422
564 1113
564 2291
564 2843
564 3944
564 9340
564 10724
564 12292
567 2515
567 8169
567 12511
577 1716
577 1790
577 9223
584 6637
584 10074
584 12633
586 1825
586 3542
586 11426
586 12639
586 13139
612 817
612 1755
612 7731
612 8012
612 10355
619 66
619 1168
619 1741
619 4651
619 4922
619 5280
619 6273
619 6570
619 6621
619 6871
619 7758
619 7839
619 8036
619 8721
619 9316
619 9333
619 9489
619 9910
619 10472
619 10693
619 10808
619 11823
619 12436
619 13961
619 14035
621 52
621 2503
621 4749
621 5599
621 8167
621 8771
621 10319
621 10783
621 13961
621 14035
631 8664
631 10611
631 11259
634 10827
634 13939
635 9921
635 11115
636 1497
636 1707
636 2374
636 5056
636 5668
636 7371
636 7822
636 10074
636 11038
636 11962
636 12064
636 12660
636 12833
636 13096
636 13751
639 2515
639 7233
642 63
642 68
642 842
642 2382
642 3187
642 3516
642 3632
642 3814
642 5000
642 6338
642 7183
642 7706
642 7749
642 11259
642 14031
642 14122
644 341
644 5139
644 10041
644 11377
646 73
646 726
646 3251
646 7827
646 8661
646 10472
646 10483
646 10592
646 10809
646 11713
646 14031
647 1640
647 4267
647 5937
647 7141
647 7171
647 8180
647 9152
647 10433
647 11735
647 12422
653 10650
653 11777
653 11977
653 13571
653 13949
660 52
660 2462
660 4141
660 5011
660 5979
660 7115
660 7388
660 9656
660 10041
660 10726
660 10874
660 11334
660 12407
660 12802
661 388
661 526
661 5532
661 7724
661 10788
661 11969
662 3251
662 7446
662 7700
662 13751
662 14280
663 52
663 4829
663 4873
663 5005
663 8486
663 8528
663 9489
663 9732
663 11776
663 14277
663 14493
665 1851
665 7137
665 8517
665 13579
667 559
667 736
667 739
667 1585
667 1639
667 3651
667 3880
667 4015
667 4632
667 5717
667 8026
667 8555
667 9428
667 10585
668 6305
682 679
682 3716
682 5493
682 5494
682 5495
682 5507
682 6215
682 6818
685 10319
687 5279
687 8031
693 5717
693 7822
695 1168
700 4865
700 7416
700 12149
701 2503
701 8167
701 10783
706 1837
706 1892
706 2355
706 4074
706 4186
706 4873
706 5130
706 6650
706 7816
706 8452
706 10216
706 11075
706 11171
706 13328
717 60
717 1341
717 3192
717 4002
717 8192
717 8603
717 10986
717 12476
718 2546
718 4002
718 6941
718 10650
718 10728
722 7443
722 13326
723 58
723 839
723 1423
723 4289
723 7104
723 8012
723 8240
723 8680
723 9571
723 10067
723 11293
723 12476
723 13316
723 13850
723 14375
724 852
724 9668
724 13328
725 1098
725 3187
725 7468
725 7876
725 8002
725 10231
725 10259
725 10650
725 10731
725 12540
725 13327
725 14506
727 1110
727 1111
727 3251
727 4586
727 5926
727 6081
727 6665
727 7802
727 8175
727 8983
727 10713
727 10867
727 11292
727 11589
727 11664
727 13555
729 3919
729 6160
729 7137
729 8480
729 8705
729 9832
729 12459
729 14119
732 4819
732 5025
732 5534
732 6184
732 6208
732 7592
732 8100
732 8492
732 8748
732 8755
732 9852
732 9865
732 10874
732 11755
732 11776
735 4885
735 5047
735 7285
735 13950
737 4726
737 4775
737 5966
737 8780
737 14050
740 2305
740 4838
740 9801
740 11797
740 12343
743 102
743 726
743 829
743 842
743 2382
743 2534
743 3420
743 4788
743 4885
743 4951
743 6703
743 7543
743 7791
743 8834
743 11171
743 13133
743 13850
743 13992
743 14032
749 63
749 68
749 759
749 1804
749 2684
749 4477
749 5875
749 6735
749 7841
749 8240
749 8244
749 8429
749 8448
749 8474
749 9123
749 9393
749 10483
749 10673
749 10906
749 11860
749 13540
750 56
750 4174
750 5182
750 5372
750 5507
750 5612
750 5966
750 5995
750 6812
750 8448
750 8565
750 8577
750 8621
750 10566
750 10905
750 11151
750 12671
750 12802
750 14049
751 71
751 752
751 3972
751 4186
751 5717
751 6381
751 6438
751 7139
751 7462
751 8100
751 8451
751 10322
751 10806
751 11181
751 12511
751 12535
751 12660
751 13755
753 9308
753 11044
753 13099
757 4884
757 5182
757 6080
757 7605
757 9674
757 10806
758 57
758 739
758 1715
758 2315
758 3218
758 6441
758 8528
758 9541
758 10320
758 10685
758 11836
758 12535
758 14276
764 60
764 65
764 4279
764 4342
764 4512
764 4657
764 4855
764 6976
764 8415
764 8448
764 8661
764 9668
764 10731
764 11747
764 12071
764 12075
764 12530
764 12741
764 13540
785 3192
785 5998
785 8175
785 9950
785 10713
785 12596
785 12615
801 3816
828 3675
828 13195
832 1025
832 2828
832 5087
832 5658
832 8992
832 9394
832 10575
832 11734
832 12741
843 131
843 456
843 4091
843 7141
843 10575
843 11809
845 3716
848 1882
848 4673
848 5056
848 11120
848 12284
848 12364
848 12365
848 12366
850 6169
853 1293
853 2328
853 3105
853 3504
853 3713
853 4887
853 6338
853 6672
853 7176
853 7446
853 8175
853 8559
853 8812
853 9731
853 10067
853 11589
853 13164
871 4522
878 1804
878 2767
878 3423
878 7134
878 7843
878 9393
878 10205
878 12682
878 14119
887 13990
888 829
888 839
888 1851
888 4889
888 9801
888 11777
888 11977
890 67
890 873
890 4289
890 4841
890 6281
890 6812
890 7072
890 7388
890 9327
890 10483
890 10713
890 10874
890 12433
890 12448
891 1293
896 2407
896 4074
896 5054
896 5596
898 9904
898 10585
898 13169
898 13849
898 14278
907 759
907 4829
907 4877
907 7065
907 8350
907 10592
907 12631
907 13026
913 2328
913 5697
913 7876
913 8116
913 10676
913 11688
917 377
917 6394
919 559
919 11398
919 11518
923 288
924 288
924 1837
924 2515
924 3657
924 4697
924 7822
924 9836
924 10113
924 10956
924 12522
924 14035
957 379
957 2168
957 2641
957 3716
957 8415
957 8776
957 10218
957 10534
957 10544
957 11681
957 12420
957 12492
972 640
972 1098
972 1319
972 3562
972 3796
972 5491
972 7876
972 8565
972 8818
972 9677
972 10041
972 10566
972 10731
972 14032
988 4749
988 11030
990 1341
990 1597
990 2377
990 4015
990 4695
990 6600
990 6637
990 7116
990 8065
990 9260
990 9453
990 9732
990 10783
990 11404
990 12486
990 12616
990 13984
990 14502
991 3849
991 4730
991 4924
991 5135
991 8488
999 102
999 3340
999 4016
999 4342
999 9274
999 12775
1013 10957
1034 3366
1034 6169
1034 12072
1034 13169
1038 5157
1038 7285
1038 10269
1038 11079
1046 4877
1046 4885
1046 5389
1046 5729
1046 6353
1046 9662
1046 11797
1046 13140
1065 13195
1066 1442
1066 2843
1066 4484
1066 6338
1066 9202
1066 9379
1066 13949
1085 1973
1085 3391
1085 7919
1085 9070
1085 10189
1085 10216
1085 11292
1085 14442
1097 2978
1097 4097
1097 6118
1097 6473
1097 7438
1097 10273
1097 11886
1135 2437
1135 9603
1135 11691
1135 13113
1135 14443
1148 1482
1148 7251
1148 10094
1149 5034
1149 7843
1149 9646
1149 9828
1149 10320
1149 10986
1149 12721
1155 131
1155 456
1155 9177
1155 11140
1155 12072
1155 13554
1159 6580
1162 1716
1162 6407
1163 1716
1163 6407
1164 5188
1164 5393
1164 5937
1164 5977
1164 7822
1164 8885
1164 9514
1164 11102
1164 11754
1164 12775
1166 5302
1174 6024
1174 12943
1192 873
1192 3504
1192 6600
1192 6613
1192 7172
1192 7726
1192 8684
1192 8776
1192 9571
1192 13593
1198 6188
1198 7608
1198 14103
1200 5597
1200 6350
1200 6616
1200 7000
1200 8800
1200 10467
1209 613
1209 4015
1209 12515
1209 13312
1210 4188
1219 1442
1219 1883
1219 5054
1253 4528
1253 7825
1253 8387
1253 8966
1253 10600
1253 11100
1253 12536
1281 4889
1283 2291
1283 5286
1291 3196
1291 3354
1291 5383
1291 6789
1291 8492
1291 8748
1291 8803
1291 9456
1291 10869
1291 10874
1291 11292
1291 11900
1291 12596
1294 71
1294 4215
1294 4829
1294 4830
1294 6184
1294 6585
1294 6670
1294 6680
1294 8100
1294 8180
1294 10221
1294 11023
1300 5109
1300 7706
1300 8240
1300 10732
1300 11055
1300 11834
1300 12899
1312 4784
1312 6350
1312 6680
1312 7700
1312 9543
1312 11377
1312 14280
1318 2013
1318 13129
1318 13238
1320 9543
1320 9603
1320 10301
1320 11251
1320 12833
1320 13113
1320 13143
1320 14443
1331 2168
1331 2329
1331 3511
1331 4820
1331 4838
1331 5004
1331 5223
1331 8446
1331 9828
1331 9887
1331 11120
1334 6380
1334 11038
1340 756
1340 7386
1340 11780
1344 733
1344 5405
1344 6573
1344 7495
1344 7687
1344 10681
1345 67
1345 817
1345 1704
1345 4343
1345 5717
1346 5521
1346 9904
1347 3797
1347 13589
1359 377
1359 12716
1364 8652
1368 7919
1368 9784
1370 6169
1370 13199
1374 2539
1374 4885
1374 11459
1375 1307
1376 9281
1376 9563
1376 14122
1396 6554
1410 485
1410 6539
1410 11779
1414 2641
1414 5004
1414 8914
1415 1823
1415 5668
1415 5717
1416 4885
1416 6680
1446 1503
1451 102
1451 1788
1451 2996
1451 4279
1451 4873
1451 5166
1451 5320
1451 5373
1451 5495
1451 5496
1451 5507
1451 7825
1451 10189
1451 10638
1451 10985
1451 11049
1451 12448
1453 156
1453 755
1453 1804
1453 1908
1453 3714
1453 4730
1453 5224
1453 5623
1453 6669
1453 6873
1453 6987
1453 7231
1453 7233
1453 7459
1453 10221
1453 11115
1453 11439
1453 13751
1453 14049
1453 14279
1453 14500
1460 1035
1460 1459
1460 1461
1460 1462
1460 3337
1460 3797
1460 5511
1460 11876
1466 4865
1481 754
1481 5767
1481 10704
1481 13939
1486 3192
1486 4827
1486 5987
1486 6944
1486 8244
1486 11399
1486 11827
1486 12290
1486 14283
1493 1147
1493 3699
1493 3872
1493 4289
1493 4855
1493 5188
1493 6922
1493 7177
1493 11649
1493 11691
1493 12322
1511 1037
1519 8065
1519 9333
1519 11207
1519 11824
1523 842
1523 1147
1523 1825
1523 3424
1523 6922
1523 11426
1523 13939
1524 66
1524 1716
1524 2168
1524 2546
1524 5726
1524 7868
1524 8214
1524 8558
1524 11412
1525 2377
1525 3576
1525 4115
1525 4686
1525 13196
1526 572
1526 3506
1526 6169
1526 6295
1526 7116
1526 7368
1526 7438
1526 10068
1526 12355
1526 14493
1526 14502
1530 774
1530 3774
1530 3918
1530 5393
1530 5610
1530 6295
1530 7416
1530 10676
1530 10798
1530 12009
1530 12064
1530 13329
1532 4473
1532 6990
1532 10015
1532 12662
1534 12761
1538 4233
1538 4424
1538 4703
1538 4749
1538 4841
1538 5670
1538 8771
1538 9431
1538 9525
1538 10074
1538 11944
1544 14035
1545 3816
1545 7468
1545 7915
1546 736
1546 4186
1546 4747
1546 5717
1546 6196
1546 7040
1546 9798
1546 10978
1546 11685
1546 12460
1549 9488
1549 10955
1549 13752
1549 13990
1549 14124
1550 2504
1550 4791
1562 1853
1562 4581
1562 4885
1562 5703
1562 8914
1562 9341
1562 10033
1562 10884
1562 11958
1569 6900
1569 11825
1569 12072
1570 1804
1570 3972
1572 572
1572 736
1572 2547
1572 3391
1572 3892
1572 5658
1572 6188
1572 9739
1572 10878
1572 12303
1572 13329
1575 4581
1584 287
1584 288
1584 1837
1584 3651
1584 8685
1584 8880
1584 10456
1584 13243
1596 71
1596 1293
1596 2291
1596 2328
1596 3506
1596 5803
1596 5904
1596 6447
1596 6900
1596 7109
1596 7139
1596 8117
1596 13533
1596 14493
1601 1220
1601 1442
1601 9887
1601 13201
1607 1168
1607 1319
1607 1647
1607 5930
1607 7100
1607 9221
1607 10320
1607 10461
1607 10810
1636 1585
1636 5389
1636 6442
1636 7466
1636 10273
1638 11829
1642 4952
1642 7058
1642 7137
1642 11115
1643 9892
1643 13813
1644 315
1644 6680
1644 6828
1644 9603
1644 10116
1644 13113
1644 14443
1645 11828
1650 1348
1650 4686
1650 5610
1650 7053
1650 7799
1650 7915
1650 9633
1650 10192
1650 11825
1650 12149
1656 1242
1656 3133
1656 6473
1656 6568
1656 9070
1656 11831
1656 13993
1656 14031
1661 7721
1661 8555
1661 11207
1661 11379
1661 13199
1668 61
1668 156
1668 5224
1668 5623
1668 6613
1668 6819
1668 8244
1668 11778
1671 3783
1671 9256
1671 12147
1677 6925
1677 9202
1677 13195
1677 14047
1680 5673
1680 8772
1680 10544
1680 12703
1686 9933
1690 8664
1690 12292
1692 73
1692 738
1692 2828
1692 4174
1692 5276
1692 6672
1692 7231
1692 7379
1692 8240
1692 10685
1692 10867
1692 11451
1692 12402
1692 12596
1696 632
1696 4611
1696 5492
1696 5582
1696 5717
1696 6670
1696 10638
1697 1348
1697 1637
1697 3770
1697 6293
1697 6925
1713 1780
1713 6568
1736 1892
1736 14051
1742 640
1742 5569
1742 5930
1742 7650
1742 10050
1742 11589
1742 14283
1743 10822
1744 1597
1744 1979
1744 5904
1744 5964
1744 6868
1744 6987
1744 9331
1744 9892
1744 10534
1744 11398
1744 11446
1744 13993
1744 14278
1745 1704
1745 1707
1745 2377
1745 3340
1745 4453
1745 6473
1745 7438
1745 8065
1745 10078
1745 12354
1746 10466
1746 12214
1746 14103
1752 2539
1752 4424
1752 9735
1752 14035
1753 761
1753 1423
1753 2503
1753 5130
1753 6080
1753 8167
1753 10783
1753 11612
1753 14375
1767 12896
1767 14035
1769 5025
1769 5279
1777 12486
1778 1497
1778 5013
1778 5191
1778 7177
1778 8685
1778 8885
1778 9070
1778 12026
1778 13984
1782 6437
1782 6900
1782 7882
1787 2534
1787 2673
1787 4762
1787 6363
1787 9070
1787 9921
1787 10571
1787 11860
1787 12616
1806 1640
1806 4827
1806 8983
1806 10159
1806 12882
1822 10884
1822 11747
1822 12180
1822 12540
1830 2515
1830 5673
1830 11038
1848 1837
1848 2329
1848 8985
1848 11306
1848 11625
1850 6711
1852 6437
1852 7400
1852 8331
1852 8788
1852 13098
1852 14273
1854 2200
1854 3187
1854 13223
1859 4832
1859 7735
1859 10456
1859 10829
1859 12639
1862 5521
1862 13243
1862 13548
1862 14505
1868 7466
1869 3770
1871 1790
1873 1708
1873 3796
1873 4074
1873 5320
1873 5491
1873 5534
1873 5966
1873 5987
1873 6403
1873 7475
1873 8214
1873 8684
1873 9540
1873 10297
1873 10320
1873 10653
1873 10981
1873 11253
1873 11685
1873 11735
1873 12074
1873 12535
1886 2986
1887 2539
1887 7731
1887 9933
1887 10585
1887 12665
1887 13984
1887 14119
1888 3421
1888 3964
1888 7129
1888 10155
1888 10991
1888 11458
1889 12968
1890 873
1890 956
1890 1423
1890 8589
1890 14375
1898 6539
1898 11495
1902 2315
1902 4193
1902 4875
1902 6437
1902 9047
1902 10732
1902 11320
1902 14493
1910 8562
1910 10155
1913 11495
1919 8476
1921 830
1921 839
1921 10166
1924 632
1924 774
1924 1710
1924 4982
1924 5521
1924 7388
1924 7832
1924 8100
1924 8517
1924 8684
1924 8817
1924 9162
1924 9331
1924 10638
1924 10806
1924 11293
1924 12540
1924 12664
1924 14121
1926 3857
1932 3678
1932 5397
1932 5404
1932 11376
1932 11716
1937 3421
1937 7104
1937 8680
1937 10067
1937 10991
1938 72
1938 3992
1938 4865
1938 9489
1938 13821
1939 5286
1944 1943
1944 2684
1944 3192
1944 5211
1944 5674
1944 6735
1944 7371
1944 8180
1944 8429
1944 8698
1944 9394
1944 11396
1944 11462
1944 11691
1944 12648
1944 12669
1946 12605
1965 94
1965 1666
1965 3367
1965 6818
1965 7129
1965 7486
1965 9328
1965 13850
1969 4857
1969 4877
1969 5172
1969 6363
1969 7072
1969 8036
1969 10359
1969 12192
1969 12433
1969 14051
1976 1456
1976 1457
1976 2291
1976 6295
1976 7821
1976 9892
1976 10041
1976 11039
1976 12633
1976 13169
1980 2257
1980 3642
1980 4697
1980 4841
2001 6305
2001 6637
2001 7104
2001 10067
2001 10662
2001 12354
2008 3972
2010 5657
2010 8167
2010 8985
2045 1442
2045 2843
2045 5054
2045 6293
2045 12307
2045 12689
2048 4828
2048 9933
2048 10033
2060 12072
2067 6554
2074 572
2074 3465
2074 8760
2074 12009
2074 13129
2076 288
2076 456
2076 2082
2076 2515
2076 5373
2076 5703
2076 5717
2076 7792
2076 8217
2076 10216
2076 11969
2077 572
2077 3923
2077 5130
2077 11666
2077 11677
2077 13813
2078 2843
2078 3972
2078 4611
2078 4924
2078 7000
2078 11495
2078 12064
2078 13095
2079 3354
2079 10218
2079 11259
2084 4828
2084 6868
2084 10798
2084 12644
2090 6293
2093 3857
2100 1338
2100 1379
2100 2978
2100 5582
2100 7438
2100 8555
2100 8985
2100 10261
2100 11886
2100 11972
2100 12494
2100 13149
2100 14500
2104 5289
2104 5610
2104 6554
2104 7992
2104 13548
2111 3770
2113 3972
2117 3816
2117 7125
2123 7116
2123 8012
2123 8555
2126 10269
2133 6473
2135 4583
2135 9887
2137 11184
2137 11962
2137 12456
2142 5025
2142 5670
2142 7407
2142 8172
2142 8776
2142 9509
2142 9921
2142 10078
2142 10179
2142 10974
2143 62
2143 5130
2143 7821
2143 13533
2159 1220
2159 1242
2159 1790
2159 2673
2159 3774
2159 6473
2159 9540
2159 9735
2159 11710
2159 11944
2159 12210
2159 12536
2159 12613
2159 12628
2159 12691
2159 12806
2162 3651
2162 4142
2162 5016
2162 6208
2162 7462
2162 9796
2162 12252
2173 935
2173 1837
2173 3506
2173 4129
2173 4647
2173 5534
2173 5673
2173 6447
2173 7443
2173 10906
2173 12406
2174 8252
2174 9608
2175 6873
2177 3964
2177 5054
2177 7368
2177 13201
2179 4347
2183 1448
2183 5697
2183 6978
2184 74
2184 1025
2184 1098
2184 3424
2184 5372
2184 5383
2184 5670
2184 6215
2184 6380
2184 6892
2184 6900
2184 7553
2184 7650
2184 7658
2184 8603
2184 8661
2184 8754
2184 9645
2184 10068
2184 10179
2184 10903
2184 11965
2184 12405
2184 12476
2184 12596
2184 13133
2187 1805
2187 4857
2187 9836
2187 13555
2192 5575
2192 6554
2194 5496
2198 4784
2202 1442
2203 1442
2203 7792
2203 11379
2203 13117
2204 4090
2204 5926
2204 8403
2204 8885
2204 10216
2204 12148
2215 1832
2215 2673
2215 3713
2215 3816
2215 4819
2215 5534
2215 5960
2215 6437
2215 6904
2215 8167
2215 10067
2215 11705
2215 12512
2215 14500
2216 456
2216 5938
2216 7164
2216 8299
2216 8415
2216 10359
2219 288
2219 1716
2219 3511
2219 5004
2229 1442
2231 1835
2231 3642
2231 3822
2231 4414
2231 5070
2231 5673
2231 7140
2231 7368
2231 9904
2231 13993
2232 5938
2232 8299
2235 2329
2235 3562
2235 3816
2235 4990
2235 8488
2235 8985
2235 10732
2235 11075
2235 11625
2236 8748
2236 12375
2237 2083
2238 2515
2238 9123
2238 11281
2240 5130
2248 56
2248 720
2248 2108
2248 6680
2248 7726
2248 10704
2248 12761
2249 5025
2251 3668
2251 4828
2251 5321
2251 9162
2251 9293
2251 10216
2252 56
2252 6585
2252 7724
2253 572
2253 8403
2253 11723
2255 1503
2255 3880
2255 9732
2255 10638
2258 51
2258 64
2258 351
2258 3506
2258 3848
2258 3892
2258 5289
2258 11060
2258 12420
2259 2257
2259 3188
2259 4632
2259 6305
2259 6821
2259 8315
2259 8772
2259 9633
2259 12407
2259 12703
2261 4701
2261 10074
2261 12527
2261 12627
2261 13984
2262 1110
2262 5168
2262 7129
2262 7465
2262 8470
2262 8700
2262 10592
2262 11173
2262 12402
2265 6305
2265 9633
2265 12322
2265 13548
2265 14279
2266 7368
2266 12456
2268 288
2268 1837
2268 3972
2268 7095
2268 12756
2277 62
2277 3945
2277 6442
2277 9911
2277 11404
2277 12687
2282 829
2282 839
2282 6338
2282 6460
2282 7072
2282 7607
2282 8335
2282 8528
2282 11253
2282 11396
2282 11415
2282 11748
2282 13477
2292 12148
2313 2498
2313 4885
2313 5365
2313 13578
2314 2515
2314 8026
2325 1216
2325 1450
2325 1597
2325 2515
2325 5597
2325 5632
2325 5670
2325 6331
2325 6473
2325 6594
2325 6616
2325 6987
2325 7407
2325 7822
2325 9509
2325 10221
2325 10467
2325 10974
2325 11023
2325 11100
2325 11827
2325 13849
2342 2673
2342 5521
2342 8817
2349 6169
2349 6819
2354 1341
2354 4893
2354 9646
2358 341
2358 7468
2358 9488
2359 1832
2359 3043
2359 5534
2359 6650
2359 8180
2359 12769
2363 3714
2363 5223
2363 7040
2363 9256
2363 14495
2365 3192
2368 640
2368 3963
2368 4192
2368 5657
2368 7731
2368 11723
2368 12009
2368 12537
2373 5397
2373 5404
2373 9724
2383 3678
2383 6159
2383 11716
2388 7444
2398 7104
2398 8966
2398 11446
2401 62
2401 774
2401 7726
2401 10472
2405 3880
2405 8335
2405 9543
2405 13097
2405 13113
2405 14005
2405 14499
2406 52
2406 3043
2406 3218
2406 4142
2406 4651
2406 4949
2406 6828
2406 7040
2406 7233
2406 7292
2406 7301
2406 7486
2406 7592
2406 8117
2406 9260
2406 11029
2406 11334
2406 11755
2406 12391
2406 12669
2408 1273
2408 4673
2408 5047
2408 6789
2408 10869
2408 11707
2410 156
2410 4841
2410 5224
2416 1804
2416 4132
2416 5302
2416 5610
2416 6703
2416 7407
2416 10974
2417 5177
2417 9613
2417 11679
2424 829
2424 839
2424 4922
2424 10949
2424 10981
2424 11026
2424 11776
2424 11827
2424 14051
2435 5131
2435 5404
2435 5506
2438 5532
2438 10189
2438 10225
2438 12375
2439 774
2439 1528
2439 3918
2439 6594
2439 8182
2439 12644
2439 13974
2443 4841
2443 5130
2443 5133
2443 5703
2443 10319
2443 11075
2445 1973
2445 3040
2445 4873
2445 9489
2447 6169
2447 6600
2450 2978
2450 3991
2450 5130
2450 5135
2450 7438
2450 10638
2450 11886
2458 1637
2458 7350
2458 7697
2458 9892
2458 13199
2468 456
2468 2305
2468 3928
2468 7285
2468 9798
2468 10355
2468 10573
2468 14505
2471 1892
2471 3539
2471 7919
2471 9509
2471 12154
2471 13533
2474 5485
2477 8026
2479 1448
2479 12488
2479 13993
2495 57
2495 1463
2495 2493
2495 3511
2495 4581
2495 7058
2495 9612
2495 9893
2495 11809
2495 12192
2495 12290
2495 12896
2497 12627
2502 10798
2508 10636
2519 736
2519 2437
2519 6437
2519 7156
2519 8812
2519 9331
2519 9525
2519 10407
2519 12491
2522 4828
2522 6810
2522 10991
2522 11045
2522 11458
2522 12615
2531 73
2531 2996
2531 5011
2531 6338
2531 7882
2531 11120
2540 9509
2540 10033
2540 10783
2541 56
2541 2673
2541 4186
2541 4749
2541 5100
2541 5972
2541 6585
2541 6660
2541 6819
2541 7104
2541 8680
2541 8930
2541 9540
2541 9732
2541 10067
2541 10322
2541 13097
2541 14280
2548 2539
2548 6363
2548 6585
2548 10726
2549 10822
2558 3337
2558 3797
2558 4839
2558 5511
2558 6830
2558 8811
2558 10874
2558 12513
2563 6353
2563 7919
2563 12252
2572 7183
2580 525
2580 1708
2580 3251
2580 4188
2580 5595
2580 9152
2584 4703
2584 5960
2584 10425
2588 3187
2588 5938
2588 7379
2588 13950
2593 2329
2593 4994
2593 5703
2595 3819
2595 11438
2602 288
2602 1037
2602 1973
2602 3921
2602 5133
2602 11243
2602 11689
2602 11847
2602 11953
2602 14035
2602 14280
2604 1585
2604 3420
2604 5005
2604 6499
2604 7320
2604 7475
2604 9293
2604 9958
2604 10192
2604 10872
2604 13979
2604 14276
2609 3991
2609 4174
2609 8167
2609 10041
2609 10225
2609 10273
2609 10301
2609 10544
2609 11207
2609 12354
2610 2539
2610 8403
2614 549
2614 2641
2614 2684
2614 4841
2614 6188
2614 6499
2614 6735
2614 7626
2614 7839
2614 8429
2614 9841
2614 12645
2614 13133
2615 60
2615 2288
2615 5011
2615 5507
2615 7404
2615 7465
2615 7658
2615 10068
2615 10903
2615 11747
2615 13540
2617 9256
2617 12943
2619 69
2619 3721
2619 12616
2623 3883
2623 8528
2623 8771
2623 8880
2623 10778
2625 2305
2625 5717
2625 5926
2625 6650
2625 6765
2625 7172
2625 8217
2625 9670
2625 10874
2625 11900
2630 12526
2635 5495
2635 8754
2635 11747
2645 341
2649 5673
2649 9887
2649 12407
2650 554
2650 3367
2650 3391
2650 7724
2650 10364
2650 10724
2650 10949
2650 12943
2653 1409
2653 1482
2653 3674
2653 5657
2653 7827
2653 8228
2653 8565
2653 9784
2653 10041
2653 10461
2653 10939
2653 11120
2653 11171
2653 11306
2653 12671
2654 13192
2655 10339
2659 1442
2659 7183
2659 12881
2662 829
2662 830
2662 839
2662 3196
2665 5697
2665 10974
2665 13253
2666 50
2677 11944
2677 14047
2679 2464
2679 10322
2679 10456
2679 13097
2680 738
2680 4583
2680 6421
2680 8214
2680 8754
2680 10461
2680 10704
2680 12303
2680 13540
2681 10078
2681 11253
2681 13755
2686 3966
2686 4473
2686 5550
2686 5668
2686 6331
2686 6650
2686 7357
2686 9836
2686 10066
2686 12148
2686 13548
2686 13555
2689 1790
2703 9152
2704 1442
2704 9546
2705 1973
2708 14121
2708 14276
2709 7466
2709 11120
2710 11852
2715 3678
2715 4347
2715 11716
2716 379
2716 4686
2716 4747
2716 5697
2716 8145
2716 9841
2718 817
2718 7134
2722 9546
2723 2970
2723 3848
2723 3892
2723 4215
2723 4703
2723 5025
2723 5405
2723 5569
2723 5673
2723 6331
2723 6447
2723 7703
2723 9256
2723 9328
2723 9332
2723 10001
2723 10270
2723 10544
2723 11810
2723 11831
2723 12494
2724 3848
2724 4142
2726 4777
2731 892
2731 1892
2731 2515
2731 4791
2731 10022
2733 12735
2738 632
2739 1790
2740 9670
2740 11800
2740 14499
2742 6783
2748 347
2748 1293
2748 1908
2748 2328
2748 2437
2748 3715
2748 3992
2748 4857
2748 5617
2748 5926
2748 7386
2748 8228
2748 9308
2748 9541
2748 9608
2748 10033
2748 10685
2748 10778
2748 11706
2748 11797
2748 11972
2748 14043
2748 14499
2753 6773
2753 8924
2753 11120
2753 11782
2753 13243
2756 1585
2756 3040
2757 760
2759 12486
2763 5632
2763 10992
2764 3421
2764 8562
2764 9223
2764 10991
2764 12148
2766 9893
2766 12148
2768 760
2768 4697
2769 817
2769 7386
2772 3576
2772 3774
2772 5930
2772 6447
2772 6600
2772 7040
2772 8924
2772 10495
2772 10627
2772 11580
2772 11800
2772 12476
2772 12642
2772 14124
2773 5532
2773 7466
2776 5685
2776 12641
2779 1456
2779 2515
2779 4581
2779 6469
2779 8257
2779 11039
2779 11626
2779 11809
2780 892
2780 1242
2780 6293
2780 11689
2780 11691
2780 11700
2780 11953
2780 12056
2782 739
2782 4827
2782 6539
2786 2083
2787 12365
2788 1943
2788 5034
2788 7216
2788 7650
2788 8974
2788 8992
2788 12358
2788 14050
2790 14081
2793 383
2793 3391
2793 6554
2794 545
2794 4959
2794 5054
2794 7183
2794 8252
2794 8885
2794 9281
2794 10829
2794 11810
2794 14273
2797 6293
2799 4011
2799 7726
2799 8315
2799 11825
2799 13140
2799 13977
2814 13849
2815 4286
2817 12488
2820 1790
2820 5786
2825 3872
2825 6990
2825 10817
2825 11512
2825 12386
2826 1790
2826 10015
2836 8026
2836 10783
2836 12386
2837 287
2837 2970
2842 72
2842 559
2842 5668
2842 9836
2842 11512
2844 61
2844 1242
2844 2108
2844 2328
2844 2673
2844 3511
2844 3806
2844 4015
2844 4424
2844 5100
2844 5926
2844 6680
2844 6955
2844 7140
2844 7462
2844 8771
2844 9540
2844 9904
2844 11115
2844 11415
2844 11827
2844 11944
2844 11962
2844 12488
2844 14283
2847 10137
2849 9070
2849 9177
2853 3770
2866 1308
2866 3783
2866 6305
2866 8885
2866 10956
2866 11038
2866 12147
2870 2843
2870 6024
2872 4952
2872 14283
2879 1379
2879 1585
2879 8446
2879 8766
2879 9541
2879 12322
2879 14279
2880 65
2880 585
2880 3539
2880 8175
2880 10646
2880 14103
2881 6680
2881 9047
2881 11962
2882 1442
2883 8175
2887 8182
2887 12967
2887 13099
2888 5668
2889 8026
2889 10681
2890 761
2890 1585
2890 6080
2890 6208
2890 6711
2890 8885
2890 9660
2890 9734
2890 10767
2890 11445
2890 12026
2890 12644
2894 6159
2894 9613
2895 3848
2898 7811
2898 8883
2900 1637
2900 3770
2904 549
2904 1531
2904 7466
2904 10592
2904 11427
2918 1456
2918 9540
2918 11253
2918 12009
2924 50
2924 4751
2924 4949
2924 7172
2924 7216
2924 7626
2924 9734
2924 10197
2924 11445
2924 12627
2924 12660
2925 726
2925 3367
2925 3504
2925 3715
2925 5034
2925 5930
2925 6338
2925 6990
2925 7106
2925 7626
2925 10022
2925 10985
2925 11044
2925 11049
2925 11439
2925 12303
2925 12343
2925 12676
2930 2515
2931 669
2931 8415
2931 10429
2932 7379
2932 9732
2932 10146
2936 3678
2936 11716
2937 3391
2937 6637
2937 10456
2937 12456
2937 12536
2938 6828
2940 5056
2942 8760
2942 10877
2942 11298
2949 14280
2950 1448
2950 3880
2950 6432
2950 8065
2950 8228
2950 8565
2950 10711
2950 14120
2957 670
2957 1220
2957 1804
2957 6600
2957 11782
2959 5698
2959 9541
2959 9801
2959 10094
2964 8446
2965 1834
2965 7371
2965 11152
2965 12612
2971 6828
2971 7841
2971 8031
2971 8480
2971 8983
2971 11748
2971 12352
2971 12357
2971 12662
2971 13323
2973 315
2973 6539
2973 7697
2973 11311
2976 5350
2976 8252
2979 5350
2979 12641
2985 2328
2985 3494
2985 3945
2985 4828
2985 5004
2985 5632
2985 5673
2985 10033
2985 10600
2985 11097
2985 11490
2985 11831
2993 7816
2995 1442
2995 5681
2995 12072
2995 13328
3003 1825
3003 3709
3003 4343
3003 4873
3003 13571
3003 14274
3004 2462
3004 5681
3004 7592
3004 7624
3004 7791
3004 8192
3004 10571
3005 852
3005 2467
3005 3007
3005 6437
3005 7700
3005 12677
3010 409
3010 2328
3010 11612
3019 1463
3028 3829
3028 4323
3028 5995
3029 3923
3029 6199
3029 9332
3029 10205
3029 11809
3035 10345
3035 10967
3035 13129
3035 13989
3045 2539
3045 4192
3045 7053
3045 9852
3045 10355
3045 12691
3046 4115
3046 4174
3046 4885
3046 5491
3046 6600
3046 6987
3046 11825
3046 12833
3046 12899
3046 12967
3046 14276
3048 1708
3048 2641
3048 4830
3048 9727
3048 10022
3051 72
3051 456
3051 1825
3051 2464
3051 3814
3051 4949
3051 4994
3051 5617
3051 7123
3051 7216
3051 7626
3051 9456
3051 9489
3051 10547
3051 10785
3051 11425
3051 11707
3054 3340
3054 12290
3054 13099
3054 14443
3058 4828
3058 5350
3058 7731
3058 7915
3058 8044
3058 8885
3058 10467
3058 10636
3058 11060
3061 4869
3061 4951
3061 6172
3061 7167
3061 7388
3061 7802
3061 8145
3061 10159
3061 10205
3061 10286
3061 10685
3061 11022
3061 11071
3061 11412
3061 11735
3061 12806
3065 3391
3065 3991
3065 6024
3065 8766
3065 10364
3065 11419
3065 13199
3067 3192
3067 8717
3070 3892
3070 5792
3070 7080
3070 7379
3070 7697
3070 7794
3070 9123
3070 10767
3070 11052
3070 11805
3070 12880
3070 14273
3081 9525
3081 11022
3081 11876
3081 14492
3088 5135
3088 14443
3090 5994
3090 11886
3090 12009
3092 1973
3110 4695
3110 4762
3114 1832
3114 3742
3114 6660
3114 7301
3114 7794
3114 8172
3114 10656
3114 12459
3114 12927
3116 5722
3116 10216
3116 13149
3120 1790
3125 5717
3134 1497
3134 5976
3134 10425
3135 2200
3135 7474
3135 7637
3135 7930
3135 11959
3154 5097
3154 5485
3154 7474
3154 11959
3167 7724
3167 11485
3167 14499
3167 14502
3172 7729
3172 7742
3178 1168
3178 1597
3178 4174
3178 5595
3178 5599
3178 7139
3178 9331
3178 10247
3178 10767
3178 12168
3178 13477
3190 1715
3190 3192
3190 3966
3190 4129
3190 5001
3190 6432
3190 6613
3190 6904
3190 8488
3190 10068
3190 12674
3197 4916
3197 5668
3197 9328
3197 10783
3203 6293
3203 7863
3203 8885
3203 10182
3204 5521
3204 5596
3204 8426
3212 288
3212 4873
3212 10218
3216 11782
3216 12420
3221 935
3221 9852
3221 12314
3222 1832
3222 2108
3222 3188
3222 5937
3222 6554
3222 6637
3222 6955
3222 8492
3222 8748
3222 8992
3222 9933
3222 10022
3222 10504
3222 11823
3222 12071
3222 12682
3235 935
3235 1338
3235 4885
3235 6990
3235 11306
3239 2493
3239 2996
3239 4011
3239 4473
3239 5166
3239 10574
3239 12168
3239 12756
3244 4885
3244 6293
3244 6295
3244 6333
3244 12833
3244 13328
3244 14046
3244 14081
3245 774
3245 4414
3245 5070
3245 7407
3245 7919
3245 8685
3245 10094
3245 10120
3245 10429
3245 13993
3258 7183
3258 11108
3258 13195
3260 760
3260 4730
3260 4924
3260 7511
3260 8818
3260 14279
3272 739
3272 5286
3272 7233
3272 8244
3272 8335
3272 10798
3272 11251
3272 12756
3278 11677
3278 12456
3278 12490
3280 4747
3280 7141
3280 10949
3280 11776
3280 11962
3280 12149
3286 7298
3286 11677
3288 8770
3290 4129
3290 5016
3290 5698
3290 7125
3290 8517
3297 13199
3297 14035
3300 754
3300 2003
3300 3883
3300 6169
3300 6499
3300 6598
3300 7095
3300 8562
3300 12093
3300 12596
3301 2515
3301 11404
3312 1098
3312 2340
3312 3814
3312 10592
3312 10939
3319 7183
3320 3196
3320 7251
3320 7407
3320 10974
3322 1574
3322 3991
3322 10573
3322 11626
3324 4015
3324 8167
3324 10067
3324 10783
3330 11700
3330 12056
3341 146
3341 3378
3341 6783
3341 11311
3341 14086
3344 4949
3344 5631
3344 7839
3344 7841
3344 8315
3344 8426
3344 11049
3344 11735
3344 12530
3358 1788
3358 3964
3358 4074
3358 7794
3358 8880
3358 9509
3358 10216
3358 11253
3358 12672
3358 13755
3360 1293
3360 6570
3360 8479
3360 9904
3360 10197
3360 10778
3360 10956
3360 11049
3360 11115
3360 12252
3361 752
3361 1908
3361 1973
3361 3040
3361 3642
3361 7465
3361 9731
3361 11039
3361 13328
3361 14283
3362 6331
3362 7959
3362 9236
3362 9428
3362 11049
3371 56
3371 1805
3371 12303
3376 1348
3376 4611
3376 6437
3376 6783
3376 11790
3376 12422
3377 2330
3377 3849
3377 7825
3377 10518
3377 11181
3377 12386
3377 12456
3377 12490
3381 13094
3386 5674
3386 6353
3386 8044
3386 10224
3386 10636
3386 11445
3386 11809
3386 14119
3389 829
3389 830
3389 839
3389 4215
3389 4961
3389 5191
3389 6892
3389 10022
3389 11451
3389 12596
3389 13850
3390 5097
3390 5485
3390 7637
3390 11959
3405 58
3405 67
3405 752
3405 2305
3405 4869
3405 5623
3405 6353
3405 6573
3405 8517
3405 8705
3405 8812
3405 9178
3405 10319
3405 11314
3405 12402
3419 4749
3419 6381
3419 6783
3419 10074
3419 11790
3425 8555
3425 10364
3425 10724
3426 830
3426 839
3426 6273
3426 9456
3426 11680
3451 3354
3451 3699
3451 4877
3451 5393
3451 5697
3451 7721
3451 9603
3451 12642
3451 13113
3451 13571
3453 554
3453 12896
3469 11412
3471 7131
3471 8403
3471 11021
3471 11060
3471 12148
3477 526
3477 10547
3477 11705
3477 11825
3477 14120
3481 4730
3481 5569
3481 5717
3481 8100
3481 8446
3481 9333
3481 10192
3481 11097
3481 11490
3481 13984
3481 14119
3492 6902
3492 10080
3495 3494
3495 9333
3495 10137
3495 10991
3495 11458
3495 14441
3497 5097
3497 11959
3530 5280
3530 5494
3530 5496
3530 5507
3530 5767
3530 5966
3530 6819
3530 7177
3530 10033
3530 11320
3530 11827
3530 12530
3530 14119
3569 7259
3569 8758
3569 12147
3575 9236
3575 13097
3590 3187
3591 632
3591 1832
3591 2673
3591 3511
3591 4827
3591 5004
3591 5521
3591 6118
3591 6295
3591 6473
3591 6819
3591 7794
3591 9213
3591 11029
3595 1293
3596 50
3598 12612
3598 12633
3610 50
3610 2493
3610 10811
3610 12494
3610 14495
3616 844
3617 1710
3617 1973
3617 3040
3617 4233
3617 4522
3617 5937
3617 6570
3617 7125
3617 8792
3617 10949
3617 11336
3617 11824
3617 12252
3617 12456
3617 13098
3629 4115
3636 7335
3636 10566
3636 11064
3636 11707
3636 11748
3648 4762
3648 6363
3648 6819
3648 7868
3648 8885
3648 10726
3648 11320
3648 14443
3680 572
3680 2250
3680 2355
3680 6442
3681 5365
3681 9668
3681 11162
3681 11444
3681 12464
3681 12644
3686 6188
3692 10015
3711 8228
3722 7127
3722 11959
3728 3187
3729 5001
3729 7959
3729 9230
3729 12075
3739 7116
3739 7137
3740 6384
3744 613
3744 10781
3746 3668
3746 6812
3746 9660
3746 10216
3746 12806
3749 1637
3749 1704
3749 4885
3749 11689
3749 11953
3755 9734
3755 11512
3755 12343
3755 12775
3764 9444
3768 3105
3768 6172
3768 6208
3768 6438
3768 7811
3768 11829
3780 3007
3780 5223
3780 8031
3788 13199
3792 844
3792 915
3792 3912
3792 10041
3792 12891
3801 11281
3813 1113
3815 4827
3815 6904
3830 12456
3865 11831
3885 1503
3885 2377
3885 3392
3885 3892
3885 4414
3885 5070
3885 5697
3885 7368
3885 7486
3885 8403
3885 8479
3885 9904
3885 10192
3885 10656
3885 12354
3888 3848
3888 5534
3888 7416
3888 10981
3888 12009
3890 351
3890 1834
3890 1835
3890 3007
3890 4414
3890 4857
3890 5070
3890 5289
3890 7404
3890 7407
3890 9738
3890 10094
3890 10301
3890 12612
3894 5904
3894 7802
3894 9213
3894 10544
3894 10653
3894 10726
3894 11152
3894 12420
3895 3819
3895 13189
3896 1211
3896 4286
3900 3494
3900 9921
3905 3721
3905 5623
3905 6871
3905 8885
3905 9316
3905 10425
3914 1943
3914 2200
3914 5485
3914 7474
3914 10709
3914 11876
3914 12728
3914 12775
3916 71
3916 830
3916 839
3916 4647
3916 5104
3929 14081
3930 2464
3930 3742
3930 4994
3930 6613
3930 7371
3930 10015
3933 1883
3933 8770
3933 13199
3946 3511
3946 3721
3946 3945
3946 4828
3946 5004
3946 5054
3946 5289
3946 6473
3946 6819
3946 10033
3946 13555
3948 4838
3948 6350
3948 7794
3948 12075
3948 13196
3950 288
3950 12896
3952 4730
3952 6680
3952 9316
3953 1211
3953 9434
3965 1147
3965 6922
3967 5016
3967 5926
3967 6172
3967 7140
3967 8452
3967 8886
3967 11399
3967 11754
3967 11831
3977 728
3984 728
3984 1805
3984 3716
3984 5135
3984 6295
3984 13813
3986 1853
3986 3355
3986 5389
3986 11827
3986 13325
3990 5054
3990 7183
3990 10955
3990 12292
3990 12515
3995 5102
3995 5521
3995 5987
3995 7216
3995 7726
3995 7731
3995 8776
3995 9457
3995 9670
3995 10033
3998 5087
3998 6172
3998 8758
3998 9509
3998 9921
3998 10461
3998 12671
3999 4857
3999 7465
3999 11828
4005 2257
4005 6499
4005 9509
4005 9662
4005 11778
4005 13317
4008 14048
4012 559
4012 774
4012 2291
4012 2469
4012 3367
4012 3391
4012 10662
4012 11805
4012 12210
4012 13083
4012 13169
4012 13555
4013 1531
4013 1704
4013 1707
4013 1709
4013 1710
4013 3709
4013 7465
4013 7882
4013 12064
4013 13600
4013 14274
4014 5729
4014 7729
4014 10967
4014 13129
4014 13236
4018 11852
4077 3699
4077 4916
4077 11060
4082 11685
4085 774
4085 1585
4085 10322
4085 10544
4087 830
4087 839
4087 1010
4087 1448
4087 1454
4087 7386
4087 9456
4087 9725
4087 9892
4087 10600
4087 12991
4087 13751
4087 14500
4094 7687
4094 7882
4098 3043
4098 5537
4098 6380
4098 6650
4098 6865
4098 8577
4098 9070
4098 9123
4098 10495
4098 11281
4098 11292
4098 11293
4098 12303
4098 12511
4098 14278
4101 1804
4101 4827
4101 5013
4101 6363
4101 8479
4101 11152
4101 11829
4101 13329
4122 4114
4125 6971
4131 7915
4131 11281
4131 11292
4139 11959
4139 12728
4143 68
4143 141
4143 5926
4143 6499
4143 6860
4143 7608
4146 1341
4146 7176
4146 8172
4146 11462
4151 13540
4153 739
4153 915
4153 3913
4153 4132
4153 6293
4155 3944
4155 7584
4155 12667
4158 74
4158 829
4158 830
4158 839
4158 3679
4158 4701
4158 8240
4158 9590
4158 10136
4158 12343
4162 559
4162 2978
4162 4281
4162 5553
4162 8558
4162 10270
4162 10638
4162 12899
4163 3276
4163 4855
4163 4857
4163 5087
4163 5926
4163 6672
4163 6735
4163 6751
4163 8429
4163 9259
4163 10068
4163 10179
4163 10566
4163 12627
4163 12741
4167 4726
4167 5595
4167 6353
4167 7139
4167 8562
4167 9186
4167 13317
4173 733
4173 3991
4173 4132
4173 6295
4173 11666
4176 11959
4179 13201
4189 50
4189 4190
4189 5875
4189 6669
4189 12617
4189 12769
4191 3562
4191 3915
4191 4190
4191 6955
4191 7430
4191 8175
4191 9341
4191 10592
4191 11173
4194 3354
4194 4884
4194 5264
4194 5979
4194 6573
4194 7301
4194 7475
4194 9865
4194 10782
4194 11181
4197 1463
4197 2986
4197 4581
4197 9541
4197 9612
4197 9617
4197 10033
4202 3679
4202 4791
4202 6337
4202 8117
4202 9327
4202 11022
4202 11700
4210 8771
4210 11944
4210 12488
4216 7165
4220 2464
4220 3912
4220 4097
4220 5631
4220 7726
4220 9569
4220 10273
4225 1704
4225 1707
4225 1709
4225 1710
4225 5904
4225 10113
4227 1293
4227 3713
4227 5731
4227 6469
4227 7430
4227 8754
4227 8758
4227 8777
4227 11027
4227 11958
4227 12075
4227 12512
4229 5211
4229 8698
4229 8899
4229 10711
4229 12154
4229 14126
4234 13129
4234 13233
4234 13235
4252 10066
4256 1973
4256 2407
4256 2539
4256 5004
4256 5532
4256 8350
4256 8816
4256 9617
4256 10155
4256 13243
4257 287
4257 288
4257 1837
4257 11782
4257 14047
4262 830
4262 8491
4274 1010
4274 3972
4274 5405
4274 13149
4274 13578
4290 481
4292 71
4292 5189
4292 6773
4292 7216
4292 9662
4292 10355
4292 11439
4293 3192
4293 5087
4293 6672
4293 10179
4293 12391
4293 13850
4295 720
4295 3945
4295 4697
4295 6350
4295 7125
4295 8100
4296 5000
4296 6363
4296 11782
4296 12314
4296 14502
4304 3810
4304 8555
4304 9836
4304 13755
4309 3539
4309 5289
4309 6295
4309 8555
4309 10878
4309 10904
4309 12535
4314 1834
4314 1835
4314 4922
4314 9738
4314 12612
4314 14035
4315 774
4315 3783
4315 4132
4315 4703
4315 6976
4315 9256
4315 12147
4315 12180
4315 13755
4319 4141
4319 8985
4325 559
4325 2469
4325 3367
4325 6169
4325 6613
4325 7104
4325 8167
4325 9887
4325 10067
4325 10724
4325 11404
4325 11825
4325 12072
4325 12354
4325 13083
4325 13169
4325 13199
4351 829
4351 830
4351 839
4351 1755
4351 2168
4351 2767
4351 5617
4351 6955
4351 8776
4351 9589
4355 6130
4355 11424
4355 12881
4357 8652
4357 13117
4357 13129
4364 5553
4364 12252
4364 14442
4377 5177
4377 5397
4377 5404
4377 8476
4381 8012
4395 11140
4395 12422
4411 756
4411 6520
4426 2083
4434 5320
4434 7140
4434 9801
4434 10817
4434 12386
4434 12459
4434 12761
4434 13833
4435 378
4435 5521
4435 6169
4435 6295
4435 11379
4435 13949
4440 8621
4440 8992
4440 10570
4442 4154
4442 7841
4442 13833
4455 670
4455 4686
4455 5668
4455 5703
4455 6554
4455 6600
4455 6783
4455 9836
4455 12488
4462 347
4462 1456
4462 1457
4462 7821
4462 9070
4462 11972
4462 12664
4464 3133
4464 3420
4464 6160
4464 7115
4464 8315
4464 9660
4464 9852
4464 12252
4464 12684
4466 11075
4466 11207
4466 11292
4466 11825
4466 12252
4467 72
4467 559
4467 632
4467 4522
4467 4819
4467 5521
4467 5671
4467 8817
4467 9921
4468 3992
4468 5373
4468 6273
4468 6520
4468 7137
4468 7792
4468 8002
4468 8721
4469 2464
4469 3651
4469 8549
4469 10906
4469 11752
4470 6273
4470 6621
4470 8721
4470 12775
4479 3355
4479 4132
4479 11075
4485 64
4485 4233
4485 6421
4485 8479
4485 8771
4485 9162
4485 9670
4485 11029
4485 11828
4486 2291
4486 4873
4486 5321
4487 3774
4487 5005
4487 5976
4487 10817
4491 73
4491 3562
4491 3641
4491 6184
4491 8214
4491 9828
4520 2013
4520 13189
4525 5938
4525 10767
4536 1655
4536 4821
4536 4827
4536 4865
4536 5670
4536 5697
4536 7768
4536 7794
4536 8701
4536 8885
4536 11023
4536 11809
4542 9798
4542 12004
4543 383
4543 4784
4543 4885
4543 12004
4545 3912
4545 3913
4545 5393
4545 6293
4545 9633
4545 10319
4545 13140
4545 13966
4548 5358
4548 5612
4548 5717
4548 7882
4548 9123
4548 10136
4548 10646
4548 11288
4548 11640
4548 12769
4549 73
4549 4002
4549 5722
4549 7768
4549 10676
4549 12466
4549 12682
4551 6363
4551 11044
4565 57
4565 6441
4565 6573
4565 10456
4565 10884
4567 640
4567 1719
4567 4097
4567 5703
4567 7919
4567 10050
4567 10273
4567 11710
4567 14051
4567 14276
4568 13328
4570 2464
4570 2970
4570 3871
4570 6585
4570 10495
4570 12761
4571 12761
4572 7156
4572 13113
4575 5393
4576 5726
4576 6363
4577 10472
4578 4877
4579 2503
4579 4774
4579 6670
4579 7486
4579 8026
4579 8167
4579 8244
4579 9256
4579 10783
4579 11140
4580 1973
4580 6442
4580 6871
4580 8680
4580 10693
4580 10783
4582 3378
4582 4749
4582 5358
4582 6783
4584 6944
4584 8701
4584 12026
4585 5135
4585 6597
4585 6600
4585 6955
4585 7141
4585 7172
4585 7731
4585 10113
4585 10270
4585 10906
4585 11827
4585 12456
4593 739
4593 1885
4593 5144
4593 8426
4593 10322
4593 12056
4598 287
4598 288
4598 1770
4598 1837
4598 11259
4598 13964
4613 4267
4613 4703
4613 7171
4615 4130
4615 4885
4615 9316
4615 13328
4620 11692
4624 1168
4624 6196
4624 7371
4624 7721
4624 7731
4624 7959
4624 8446
4624 8492
4624 9454
4624 13751
4633 2257
4641 146
4641 2108
4641 3912
4641 5756
4641 6437
4641 12832
4643 3562
4643 3651
4643 3972
4643 4437
4643 5025
4643 5717
4643 7407
4643 9893
4643 10573
4643 11810
4643 12755
4653 2986
4653 7799
4653 7816
4658 9379
4658 13191
4663 1147
4663 6922
4663 7438
4663 7443
4663 7721
4663 7915
4663 9259
4663 10269
4663 10590
4663 10788
4663 10981
4663 11649
4663 12967
4664 63
4664 7000
4664 11748
4664 11961
4665 8277
4665 13589
4667 11959
4668 7474
4678 1585
4678 5534
4678 5582
4678 5964
4678 10985
4682 1884
4682 3892
4682 4686
4682 7368
4688 11490
4688 12004
4689 9668
4689 11694
4694 915
4694 5054
4694 6293
4700 3506
4700 3871
4700 4730
4700 4747
4700 5534
4700 6594
4700 6650
4700 8065
4700 12343
4713 4747
4713 4916
4713 6331
4713 11831
4713 11962
4721 12513
4722 2467
4722 12677
4723 4016
4723 4453
4723 4774
4723 5135
4723 7065
4723 8492
4723 9316
4723 10425
4723 10477
4723 10693
4723 10874
4723 12806
4723 14043
4727 739
4727 3539
4727 4581
4727 7731
4727 8748
4732 720
4732 4011
4732 4990
4732 8812
4735 6585
4735 10627
4737 4827
4740 1709
4740 1710
4740 7080
4740 10729
4740 10981
4752 3923
4752 6971
4752 8315
4752 11026
4755 1755
4755 2168
4755 2329
4755 2539
4755 6363
4755 6379
4755 8985
4755 11100
4755 11625
4755 12810
4759 5926
4759 6206
4759 8491
4759 12741
4801 1197
4801 1319
4801 5130
4801 5133
4801 14035
4801 14505
4810 873
4816 5534
4816 9563
4816 10611
4816 13328
4816 13976
4846 3848
4846 6672
4846 6828
4846 8252
4846 8566
4846 9221
4846 9921
4846 10221
4846 12512
4852 1708
4852 2493
4852 3816
4852 3858
4852 4074
4852 4142
4852 4651
4852 4695
4852 5001
4852 5358
4852 5612
4852 5993
4852 6751
4852 7495
4852 7843
4852 8685
4852 8974
4852 9540
4852 10286
4852 10590
4852 10729
4852 11146
4852 12460
4852 12631
4853 71
4853 1098
4853 1308
4853 3714
4853 3848
4853 3922
4853 4011
4853 4074
4853 4186
4853 7233
4853 8451
4853 9162
4853 10113
4853 10320
4853 11027
4853 11296
4853 12407
4853 12464
4856 11280
4861 13981
4906 12148
4906 12704
4909 1790
4909 7466
4913 3869
4913 6331
4913 7139
4913 7742
4913 10218
4914 409
4914 4414
4914 4437
4914 5070
4914 5133
4914 7010
4914 7171
4914 10094
4927 10955
4935 7495
4935 7533
4935 8862
4935 13098
4958 2250
4958 3133
4958 5302
4958 5698
4958 6637
4958 8452
4958 8685
4958 8800
4958 10355
4958 11666
4958 11677
4958 11754
4968 2377
4968 4611
4968 6941
4968 8002
4968 12064
4968 12354
4968 12406
4968 13548
4986 9563
4992 7533
5006 736
5006 4806
5006 12536
5006 14441
5029 1293
5029 3926
5029 5393
5029 6273
5029 6621
5029 9489
5029 9660
5029 10286
5029 10573
5029 10656
5029 11152
5029 11831
5029 12026
5029 12530
5035 2673
5035 6904
5035 14499
5037 549
5037 4951
5037 5189
5045 9333
5045 11026
5046 409
5046 6195
5046 7371
5046 8555
5046 10066
5046 13196
5046 14047
5058 670
5058 1348
5058 2843
5058 8095
5058 11825
5058 14278
5060 5553
5060 7700
5060 10724
5074 1832
5074 3880
5074 5697
5074 9541
5074 10600
5075 5397
5075 5404
5075 9613
5075 11375
5075 11376
5075 11378
5076 11210
5082 5685
5082 9191
5084 5133
5084 6305
5085 7080
5085 8415
5085 14120
5086 2028
5088 64
5088 409
5088 5280
5088 6380
5088 6780
5088 7687
5088 9911
5088 12314
5088 12422
5088 12492
5088 12721
5089 8031
5089 9202
5089 11253
5090 640
5090 6568
5090 6900
5090 9798
5091 56
5091 739
5091 747
5091 3133
5091 3562
5091 3742
5091 10693
5091 11207
5091 12192
5091 12406
5092 1704
5092 3133
5092 8914
5092 13189
5093 2329
5093 5534
5093 5803
5093 7816
5093 8002
5093 11625
5094 7320
5096 5674
5096 8899
5096 14119
5103 8577
5103 9293
5105 4994
5105 5395
5105 10638
5107 11959
5108 3699
5108 5133
5108 5521
5108 7368
5108 12456
5108 12490
5110 68
5110 73
5110 6818
5110 6864
5110 10806
5110 12669
5110 14103
5111 1709
5111 2467
5111 4730
5112 1010
5112 1168
5112 1788
5112 6580
5112 7792
5112 10932
5112 12991
5119 632
5119 6380
5119 10783
5122 1442
5126 5056
5126 7959
5126 12447
5126 14086
5132 5130
5132 5133
5132 5703
5132 11075
5136 3678
5136 4347
5136 11716
5141 4129
5141 5393
5141 8415
5141 10001
5141 13129
5141 14443
5160 3699
5160 7400
5160 7465
5160 8315
5160 8885
5160 10985
5160 11281
5171 6188
5171 10113
5171 11120
5185 6904
5185 10425
5187 13149
5194 4819
5194 4857
5194 4869
5194 9256
5194 10067
5194 11044
5194 11060
5194 11296
5194 12147
5194 12485
5194 12703
5220 6819
5220 7371
5220 7794
5220 9611
5220 9865
5221 12642
5225 4074
5225 4477
5225 5139
5225 5224
5225 7115
5225 8469
5225 8589
5225 8803
5225 9259
5225 11664
5225 11977
5225 14283
5229 8683
5236 5209
5238 8814
5238 9735
5238 12147
5239 545
5239 1442
5239 5135
5239 6900
5239 7724
5239 10788
5239 10955
5239 11377
5239 14126
5240 4611
5240 6407
5240 10364
5241 774
5241 6539
5241 9202
5241 9995
5241 11377
5241 13990
5254 11959
5255 3850
5255 5025
5255 8886
5255 9332
5255 12300
5255 12425
5260 2200
5260 5097
5261 7743
5261 11259
5261 13129
5261 13752
5263 10670
5263 11306
5263 12775
5288 1805
5288 2481
5288 6380
5288 6900
5288 8335
5288 9543
5288 14280
5300 2641
5300 8180
5301 3628
5301 6670
5301 12641
5305 8885
5305 9509
5305 9887
5315 892
5319 1293
5319 1574
5319 2329
5319 2767
5319 3422
5319 6273
5319 6621
5319 6665
5319 7827
5319 8721
5319 8992
5319 9852
5319 10221
5319 10905
5319 11052
5319 11640
5319 12662
5319 13992
5322 1755
5322 5135
5322 5168
5322 7080
5322 7139
5322 10573
5322 10811
5322 11055
5322 11306
5322 14502
5323 756
5323 4885
5323 6293
5323 6456
5323 6871
5323 9316
5323 10693
5323 10726
5323 13571
5324 3806
5324 13555
5332 7486
5332 9191
5332 10364
5332 13083
5345 5005
5345 9467
5345 9645
5345 9683
5345 10656
5345 12687
5345 14279
5355 1715
5360 4097
5360 6568
5360 9633
5360 9735
5360 9921
5360 10113
5360 11414
5360 11906
5360 12488
5376 2462
5376 4142
5376 5674
5376 5686
5376 7463
5376 7553
5376 7758
5376 8754
5376 8776
5376 9259
5376 9731
5376 11334
5376 12369
5376 12391
5387 10322
5387 10693
5387 12009
5394 2515
5394 8492
5394 12407
5394 12420
5416 1825
5416 2462
5416 6421
5416 7768
5416 8469
5416 10270
5416 10504
5416 10673
5416 12369
5417 5697
5417 6293
5417 12639
5417 13196
5417 14046
5419 146
5419 1463
5419 5133
5419 6412
5419 8558
5419 9612
5419 9725
5419 14046
5419 14276
5419 14283
5425 74
5425 4073
5425 4701
5425 8240
5425 8448
5425 10939
5430 3192
5430 7124
5432 2515
5432 6331
5432 7298
5438 1882
5439 379
5439 2467
5439 3576
5439 7731
5439 8754
5439 9633
5439 10066
5439 10192
5439 12677
5443 6432
5443 6585
5443 8012
5443 8240
5445 3283
5445 5100
5445 5534
5445 6447
5445 6650
5445 11152
5445 12619
5448 5803
5448 12355
5449 6305
5450 3340
5450 5595
5450 6208
5450 12158
5453 7167
5454 1716
5454 4132
5454 6473
5455 1804
5455 4922
5455 5671
5455 6208
5455 8475
5455 8816
5455 9256
5455 9259
5455 10806
5455 11055
5455 11710
5455 11778
5455 11824
5455 12352
5455 12423
5463 4632
5464 4343
5464 4885
5464 6978
5464 9070
5464 10425
5464 11459
5464 13169
5465 5612
5465 6338
5465 6900
5465 9832
5465 9956
5465 10225
5465 10627
5466 3806
5466 3816
5466 5726
5466 8974
5466 9674
5466 9732
5466 10949
5466 11518
5466 12314
5466 12343
5479 1973
5479 3040
5479 3422
5479 3923
5479 5130
5479 5670
5479 5673
5479 11044
5479 12522
5481 9887
5482 6554
5483 72
5483 347
5483 1308
5483 3539
5483 3992
5483 4887
5483 4990
5483 8747
5483 9236
5483 11314
5483 11965
5486 6184
5486 6333
5486 6437
5486 6904
5486 9178
5486 10269
5486 11207
5488 1454
5488 6024
5489 3378
5489 11445
5490 2515
5490 4697
5490 5016
5490 5491
5490 5492
5490 5671
5490 5673
5490 8026
5490 8549
5490 11253
5503 11311
5504 6024
5504 11446
5509 67
5509 1853
5509 2315
5509 4686
5509 6447
5509 6520
5509 8721
5509 9865
5509 9956
5509 10225
5509 10473
5509 10810
5509 12303
5509 12540
5519 12833
5519 13326
5522 7000
5526 3814
5526 4091
5526 11079
5526 11241
5526 12689
5526 13312
5529 1741
5535 7171
5535 7863
5535 8885
5535 9514
5535 9727
5535 10261
5535 11944
5535 12148
5535 12627
5549 66
5549 1834
5549 6871
5549 7915
5549 9738
5549 9832
5549 10693
5549 11836
5549 12436
5549 12613
5562 62
5562 3506
5564 2305
5564 3628
5564 9674
5565 3928
5565 8475
5572 1319
5572 3848
5572 3849
5572 5673
5572 5717
5572 5911
5572 6172
5572 6765
5572 10015
5572 10974
5572 11060
5572 12355
5573 1834
5573 9540
5573 9738
5573 12612
5573 13813
5574 3849
5574 4697
5574 5013
5574 5025
5574 5172
5574 5276
5574 5671
5574 5926
5574 5976
5574 8685
5574 8800
5574 8886
5574 10817
5574 11445
5574 12026
5574 12314
5577 554
5577 2328
5577 2407
5577 4015
5577 4073
5577 4453
5577 5722
5577 7821
5577 8874
5577 8974
5577 11944
5577 11962
5577 12633
5579 5575
5579 5964
5579 7816
5579 13751
5583 2515
5583 3871
5583 9454
5583 10778
5583 10798
5583 12343
5584 1548
5584 3923
5584 8883
5584 9950
5584 14035
5585 4188
5585 8140
5585 10729
5585 11055
5585 14441
5586 2767
5586 5189
5586 5365
5586 5617
5586 10685
5586 10963
5587 6711
5587 8562
5587 10182
5587 13325
5588 1853
5588 4875
5588 6902
5588 7446
5588 10872
5588 12522
5588 12725
5588 13755
5591 756
5591 6821
5591 14121
5594 8755
5603 1979
5603 7183
5603 13191
5604 6600
5604 11404
5607 4015
5607 12072
5609 4281
5619 62
5619 4090
5619 5632
5619 5930
5619 5937
5619 6432
5619 7863
5619 11962
5620 6904
5620 7000
5620 7058
5620 11987
5620 13751
5624 4581
5624 5623
5624 5703
5624 5977
5624 6669
5624 7251
5624 8475
5624 11823
5629 632
5629 3921
5629 12056
5629 13223
5639 1338
5639 9887
5639 10704
5639 11831
5639 12612
5640 5610
5640 6460
5640 11097
5640 11320
5641 347
5641 4130
5641 7735
5647 8549
5647 9738
5653 4437
5653 12691
5663 4875
5663 4922
5663 5569
5663 8772
5663 9904
5663 11207
5663 11958
5663 12436
5663 12703
5663 13961
5663 14035
5666 720
5666 4885
5666 8664
5666 9202
5666 10611
5666 10788
5666 10967
5666 11259
5666 11779
5676 8766
5676 10364
5680 5133
5680 8885
5680 11580
5682 739
5682 3922
5682 3964
5682 5904
5682 7919
5682 14280
5692 2767
5692 5383
5692 5494
5692 10504
5692 11777
5692 12365
5692 13939
5706 935
5706 3651
5706 6456
5706 8834
5706 9281
5715 3966
5715 4657
5715 5191
5715 5979
5715 6080
5715 6381
5715 7301
5715 8748
5715 9852
5715 10656
5715 12386
5724 9272
5737 7721
5737 12968
5738 4788
5738 7368
5739 956
5739 9995
5740 5953
5740 7171
5740 10166
5740 10817
5740 10906
5743 8212
5752 761
5752 2437
5757 1448
5757 5276
5757 5756
5757 7511
5757 8479
5757 8488
5757 9543
5757 9865
5757 9956
5757 10320
5757 11103
5757 12532
5757 13981
5757 14273
5763 3850
5763 5671
5763 7687
5763 10113
5763 11100
5763 12290
5771 10192
5771 12009
5791 736
5791 5170
5791 8849
5791 10269
5791 12357
5791 12521
5791 12967
5791 13316
5804 5373
5804 12648
5808 7357
5810 5582
5810 10192
5810 11825
5810 12530
5810 14120
5812 94
5812 2546
5812 2641
5812 3915
5812 4865
5812 7129
5812 7131
5812 7333
5812 9590
5812 10905
5817 5276
5817 7592
5817 7822
5817 11023
5817 11755
5817 11834
5818 5177
5818 11375
5818 11376
5818 11378
5827 1147
5827 1597
5827 1805
5827 2315
5827 3424
5827 3912
5827 5569
5827 5803
5827 6922
5827 10192
5827 11251
5827 11649
5827 12891
5827 13571
5827 13991
5827 14500
5828 8252
5832 14035
5835 9191
5835 11296
5835 12149
5835 13243
5839 8031
5839 8506
5841 5912
5841 10016
5841 12429
5841 12604
5841 13117
5847 5358
5847 6865
5847 12721
5849 385
5849 7553
5849 9327
5849 9456
5849 11707
5850 13589
5854 1853
5854 5534
5854 6381
5854 6447
5854 7298
5854 14276
5855 5130
5855 9316
5855 10216
5855 13813
5871 13149
5873 11809
5880 572
5880 10656
5890 4193
5890 6196
5890 7832
5890 12460
5891 5685
5891 6812
5891 11184
5891 13850
5893 6379
5893 9946
5893 12810
5894 1319
5894 1423
5894 12927
5894 14375
5896 760
5896 3421
5896 7386
5896 9308
5896 10078
5896 10991
5896 11060
5901 1825
5901 11377
5901 12375
5901 13992
5907 892
5913 10865
5915 2843
5915 13189
5915 13990
5920 9546
5921 3516
5921 7742
5921 10936
5932 9394
5932 11462
5943 6765
5944 7832
5944 8701
5944 9958
5944 12158
5944 14503
5948 9735
5967 761
5967 1885
5967 5979
5967 6403
5967 6580
5967 9570
5967 9832
5967 11097
5967 11458
5967 11813
5978 6437
5978 8874
5978 10192
5978 12725
5978 13978
5983 1482
5983 9828
5992 2305
5992 7388
5992 11029
6001 12704
6003 5177
6003 8567
6003 11679
6005 5397
6005 5404
6005 9724
6013 9724
6020 10457
6029 13238
6031 6432
6031 9683
6031 11681
6032 774
6033 5004
6034 5844
6034 6198
6034 13201
6043 7104
6043 8680
6043 10067
6043 10364
6043 13199
6044 58
6044 1319
6044 5494
6044 6600
6044 6978
6044 7802
6044 8012
6044 8240
6044 9123
6044 10050
6044 11151
6044 12072
6045 7849
6046 1348
6046 2315
6046 10433
6046 12009
6046 12633
6047 1338
6047 4090
6047 4697
6047 7298
6048 11959
6053 5911
6053 6765
6056 760
6056 6305
6056 7371
6057 4916
6057 6421
6057 6783
6057 11336
6058 3716
6058 4893
6058 5166
6058 8603
6058 9686
6058 10483
6058 12071
6058 12467
6058 14049
6061 1639
6061 5157
6061 6616
6061 6978
6061 10218
6061 10433
6061 10467
6069 5000
6069 10809
6069 11707
6069 12530
6070 5631
6070 6672
6070 9230
6070 9611
6070 10113
6078 10322
6085 1348
6085 3188
6085 4142
6085 5144
6085 5248
6085 7687
6085 9333
6085 10585
6085 11045
6085 12343
6085 12490
6085 12527
6085 13325
6085 14051
6092 3678
6092 5177
6092 5506
6092 8594
6092 11679
6112 1350
6112 5289
6112 6613
6119 3819
6119 7742
6119 13187
6122 11959
6141 347
6141 4473
6141 6904
6141 8462
6141 10636
6165 4805
6165 5383
6165 6669
6165 7592
6165 7607
6165 8228
6165 8486
6165 9489
6165 9656
6165 10461
6165 10477
6165 10906
6165 11151
6165 12467
6165 12927
6168 12704
6174 1348
6177 11692
6178 12642
6179 2329
6179 3679
6179 4701
6179 8012
6179 8985
6179 9260
6179 10022
6179 10166
6179 10504
6179 11184
6179 11306
6179 11625
6182 733
6182 2437
6182 2996
6182 4949
6182 5534
6182 7825
6182 12660
6193 2767
6193 3918
6193 5926
6193 8116
6193 9921
6193 11306
6193 11700
6193 11828
6194 385
6194 1454
6194 3218
6194 4212
6194 4267
6194 5162
6194 5302
6194 6169
6194 9801
6194 11666
6194 11677
6194 11780
6194 11969
6194 12350
6205 8403
6218 63
6218 3816
6218 3915
6218 6987
6218 7624
6218 7626
6218 10136
6218 11594
6218 11687
6218 11958
6218 12448
6220 9191
6224 4788
6224 6305
6224 10624
6226 9546
6229 6206
6243 7868
6247 6337
6247 10179
6250 1110
6250 5495
6250 5507
6250 6215
6250 7129
6250 7626
6250 8899
6250 9540
6250 10809
6250 11288
6250 11780
6250 12618
6251 1242
6251 5903
6251 6900
6253 5960
6253 6172
6253 8403
6253 9611
6253 9865
6253 12456
6253 12532
6253 12613
6257 3972
6257 4437
6257 9333
6257 9852
6263 13190
6267 2503
6267 4632
6267 8167
6267 10113
6267 10783
6267 12522
6269 68
6269 1341
6269 4512
6269 5133
6269 5264
6269 5731
6269 5979
6269 6381
6269 6819
6269 8992
6269 9739
6269 11115
6269 11334
6269 11664
6271 525
6271 559
6271 2315
6271 5016
6271 10788
6271 11162
6271 12322
6271 12540
6276 57
6276 3972
6276 4829
6276 5389
6276 5623
6276 6990
6276 8354
6276 9444
6276 10472
6276 11398
6276 11829
6285 379
6285 1220
6285 2329
6285 5135
6285 5631
6285 5960
6285 6380
6285 8985
6285 11625
6285 12148
6285 12476
6286 379
6286 1882
6286 1884
6286 2168
6286 2641
6286 3963
6286 4673
6286 4889
6286 5182
6286 6531
6286 10160
6286 12364
6290 13169
6291 4865
6291 11825
6294 559
6294 6333
6296 6499
6301 1834
6301 1835
6301 5223
6301 6002
6301 6403
6301 9738
6301 10205
6301 11152
6301 12612
6301 12627
6301 13755
6302 3642
6302 7010
6302 10157
6316 1348
6316 11097
6322 10724
6324 6650
6324 11287
6324 12967
6329 1755
6329 6585
6329 8562
6335 10068
6339 6338
6339 8474
6339 10518
6339 11182
6339 14276
6339 14280
6345 11959
6347 5393
6347 6206
6347 10157
6347 12160
6347 12180
6347 12728
6354 3355
6354 7137
6354 8257
6354 11685
6354 12460
6356 1341
6356 3796
6356 5189
6356 5875
6356 6751
6356 6783
6356 7650
6356 8898
6356 10809
6356 12180
6357 10803
6362 7139
6362 9328
6362 9489
6362 10811
6369 5569
6369 11710
6373 774
6373 7010
6373 9865
6373 10963
6390 5979
6390 8315
6390 11713
6390 11735
6390 12769
6402 1548
6402 1834
6402 1835
6402 3783
6402 5596
6402 5911
6402 6381
6402 6403
6402 7298
6402 9738
6402 10629
6402 12147
6402 12612
6402 14035
6408 3850
6408 4414
6408 5070
6408 6976
6408 10094
6408 10803
6408 13328
6408 13993
6411 4834
6411 7771
6411 10432
6411 11280
6411 12221
6411 12877
6411 12881
6414 6353
6414 8559
6414 8817
6414 10033
6414 10806
6414 10808
6414 13593
6415 3721
6415 7298
6426 5130
6426 6971
6426 9801
6426 10968
6431 669
6431 6904
6454 3870
6454 6460
6454 7700
6454 7724
6454 7749
6464 559
6464 9865
6465 559
6465 2250
6465 4015
6465 4885
6465 5977
6465 8549
6465 8562
6465 9467
6465 9662
6465 11827
6465 12210
6465 12476
6465 14279
6468 1741
6468 4806
6474 739
6474 1319
6474 2315
6474 5135
6474 5697
6474 11251
6474 11987
6474 12761
6474 14043
6477 5013
6477 6002
6477 6570
6477 7140
6477 8566
6478 4885
6479 5926
6479 6703
6479 6868
6479 8559
6479 8817
6479 10033
6479 12522
6480 5321
6480 6421
6480 8772
6480 12522
6480 12703
6485 4141
6485 5994
6485 10727
6485 11809
6485 12026
6487 3678
6487 6958
6487 8021
6487 11716
6491 6315
6491 8966
6491 9256
6491 14035
6492 739
6492 6922
6492 12877
6501 733
6501 774
6501 1715
6501 3972
6501 4414
6501 7357
6501 7368
6501 7868
6501 9798
6501 10094
6501 13324
6501 14276
6516 3806
6516 5926
6516 11060
6547 3816
6547 4790
6547 4820
6547 5188
6547 6672
6547 7122
6547 9832
6547 11207
6551 9725
6551 12004
6555 4788
6555 6828
6555 7140
6555 11021
6555 12664
6566 873
6566 4090
6566 7171
6572 75
6583 728
6583 761
6583 1853
6584 5703
6586 94
6586 13540
6596 11959
6607 72
6607 10788
6607 14126
6608 1882
6624 4928
6624 12672
6625 1835
6625 3192
6625 4186
6625 6751
6625 10963
6625 11306
6630 73
6630 5674
6630 5875
6630 6621
6630 7292
6630 7731
6630 9739
6630 12074
6638 3928
6638 10425
6638 10456
6638 12072
6640 2469
6640 3912
6640 9543
6640 13966
6643 3945
6643 4697
6643 6456
6652 4829
6652 5244
6652 12660
6653 50
6653 3668
6653 4820
6653 7129
6653 9178
6653 10155
6653 11293
6675 2200
6679 747
6679 1338
6679 6637
6679 6991
6679 8555
6679 8766
6679 9653
6679 10906
6679 11287
6679 12494
6681 4581
6684 8240
6684 12343
6687 7930
6687 10157
6687 11959
6687 12160
6690 5135
6690 7919
6692 4680
6692 4788
6692 5492
6692 7064
6692 7080
6692 9946
6692 10906
6692 11064
6692 11589
6692 12494
6709 3721
6709 4233
6709 4749
6709 8771
6709 9670
6709 9904
6709 11944
6709 12488
6716 11064
6717 62
6717 1442
6717 5903
6717 10968
6719 9738
6720 788
6720 14086
6721 7868
6722 3511
6722 5279
6727 3810
6727 4581
6727 8299
6731 7742
6732 4857
6732 8252
6732 10359
6744 9887
6744 11831
6748 5494
6748 5495
6748 5496
6748 5507
6748 6215
6748 10461
6748 12358
6748 13540
6758 4828
6758 7386
6758 11705
6758 12158
6758 12775
6759 10483
6759 12460
6759 12927
6763 754
6763 829
6763 830
6763 839
6763 2329
6763 5532
6763 5964
6763 7768
6763 7816
6763 8803
6763 8985
6763 10461
6763 11625
6763 11747
6763 13850
6766 11038
6776 4695
6776 7131
6785 559
6785 733
6785 11962
6794 1655
6794 9608
6794 11184
6794 11207
6794 11906
6794 12769
6800 728
6800 1708
6800 10294
6809 3716
6809 11320
6813 3774
6813 8403
6816 4806
6816 5393
6816 6990
6816 9887
6816 10359
6816 10670
6817 1790
6817 10973
6817 11243
6822 71
6822 1708
6822 3992
6822 4074
6822 8566
6838 11959
6847 11959
6849 5534
6849 8036
6849 10638
6849 10829
6849 13191
6849 14031
6849 14125
6851 739
6851 3805
6851 10192
6870 3340
6870 7726
6870 10544
6870 11140
6876 2377
6876 7058
6876 10544
6878 379
6878 585
6878 1973
6878 2547
6878 3721
6878 4583
6878 4916
6878 5493
6878 5494
6878 5670
6878 6421
6878 7543
6878 7726
6878 7849
6878 8240
6878 10364
6878 10662
6878 11664
6882 6711
6882 10817
6889 8117
6889 8914
6889 13751
6897 9328
6897 10590
6897 11103
6897 11281
6897 11831
6897 12466
6897 13316
6901 6338
6901 7350
6901 7735
6901 12833
6901 12967
6917 4222
6917 12967
6917 13238
6918 4286
6918 4885
6919 3354
6919 6585
6919 7058
6919 9540
6919 11115
6919 13750
6926 6958
6926 8594
6926 10153
6926 10902
6931 2329
6931 2515
6931 7010
6931 7137
6931 8985
6931 11580
6931 11625
6940 6305
6940 7758
6940 8680
6940 9223
6940 9633
6940 11075
6943 1666
6943 8558
6943 14442
6950 1448
6950 10865
6950 12716
6950 13204
6951 1319
6951 6703
6951 10322
6956 747
6956 2970
6956 12761
6957 3511
6957 4188
6957 4477
6957 4726
6957 4747
6957 4916
6957 5004
6957 5646
6957 6421
6957 9841
6957 10297
6957 11186
6957 11399
6957 11965
6959 13094
6965 11959
6970 2843
6970 6539
6970 7742
6970 7743
6970 12950
6970 13129
6972 2464
6973 3283
6973 6447
6973 9047
6973 12322
6973 12540
6974 8167
6974 11829
6974 12158
6974 12448
6997 2374
6997 4453
6997 4922
6997 5632
6997 8577
6997 12147
7001 7000
7007 2013
7007 9340
7007 12996
7007 13238
7007 13751
7016 3871
7016 4873
7016 5100
7016 5998
7016 6871
7016 7876
7016 8100
7016 8354
7016 11755
7016 12540
7016 14283
7019 6400
7020 3423
7020 5224
7020 7703
7020 8562
7021 6363
7021 7863
7022 10033
7022 12192
7022 14049
7024 9070
7024 10611
7027 7930
7027 11959
7028 4512
7028 10590
7028 10709
7029 8652
7029 9434
7029 10936
7029 12429
7029 12604
7029 12655
7029 13129
7029 13134
7029 13154
7029 13202
7029 13750
7031 156
7031 2291
7031 3713
7031 4990
7031 5013
7031 5224
7031 5623
7031 6363
7031 6765
7031 7687
7031 7703
7031 8880
7031 8886
7031 10015
7031 10808
7031 11778
7031 12314
7031 12527
7032 6442
7032 9453
7032 11140
7032 11253
7032 14051
7034 3883
7034 4839
7034 5599
7034 7959
7034 12447
7039 6499
7039 7040
7039 10461
7042 526
7042 852
7042 1319
7042 1853
7042 1885
7042 7140
7042 10573
7042 10937
7042 11251
7042 14120
7046 62
7046 71
7046 5930
7046 5964
7046 7511
7046 9308
7046 9852
7046 11906
7046 12530
7047 3983
7047 4586
7047 4990
7047 7058
7047 7543
7047 8559
7047 10963
7047 11320
7047 14050
7051 1548
7051 3539
7051 7104
7051 9541
7051 11511
7051 14279
7078 1832
7078 2673
7078 6184
7078 9540
7078 11512
7078 11987
7083 572
7083 1220
7083 3972
7083 6380
7083 6473
7083 8517
7084 4922
7084 8788
7084 9617
7089 761
7089 1168
7089 2515
7089 3539
7089 5025
7089 5569
7089 5617
7089 5632
7089 5722
7089 6580
7089 8680
7089 10611
7089 10937
7089 11097
7089 11594
7089 11790
7089 13984
7092 112
7092 383
7092 1341
7092 3921
7092 6570
7092 6871
7092 7292
7092 7533
7092 8885
7092 9316
7092 9674
7092 10949
7092 11140
7092 14050
7097 8817
7099 956
7099 1423
7099 2996
7099 7430
7099 7687
7099 9571
7099 13164
7099 13328
7099 13981
7102 8252
7102 9739
7102 10956
7102 11446
7117 5393
7117 10407
7118 11959
7135 12147
7155 1010
7155 1220
7155 1892
7155 11022
7155 12991
7155 13821
7161 67
7161 287
7161 640
7161 3796
7161 4132
7161 6976
7161 7010
7161 8117
7161 8816
7161 10573
7161 11292
7161 11445
7161 14502
7166 7444
7173 8685
7173 10179
7180 5097
7182 4129
7182 5168
7182 5726
7182 7919
7182 8065
7182 10638
7182 11026
7182 11306
7182 11685
7182 12968
7193 12425
7200 3378
7200 3699
7200 4186
7200 4749
7200 6783
7200 10798
7200 11030
7206 5911
7206 8685
7207 5013
7207 7125
7207 8818
7207 8985
7207 11026
7207 12616
7209 1834
7209 1835
7209 7863
7209 9738
7209 10811
7209 12612
7214 7127
7214 9844
7224 74
7226 11379
7227 1574
7227 14497
7229 8335
7229 12877
7229 13344
7237 1147
7237 3516
7237 7010
7237 9603
7237 10345
7237 10866
7237 10967
7237 11649
7237 11723
7237 11780
7237 12515
7237 13149
7237 13579
7242 9738
7263 9541
7264 1379
7264 2305
7264 3465
7264 5491
7264 6711
7264 8475
7264 10627
7264 11681
7264 11782
7264 12149
7264 12491
7264 13981
7265 7792
7265 10275
7265 11813
7265 13950
7266 1379
7266 3774
7267 9725
7268 1293
7268 3105
7268 4453
7268 6208
7268 8776
7268 8972
7268 10286
7268 10656
7268 10811
7268 12769
7269 3423
7269 3966
7269 6381
7269 10547
7269 11021
7269 11439
7269 12352
7271 7466
7276 2250
7276 5135
7276 6403
7276 7444
7276 11296
7282 11959
7288 5938
7288 8299
7288 11183
7295 2291
7295 2978
7295 8985
7295 10359
7295 12492
7299 7407
7315 1708
7315 7822
7315 11243
7315 12967
7334 5177
7334 8567
7334 11679
7338 7407
7343 5673
7343 10113
7347 4142
7347 4651
7347 5597
7347 7475
7347 7726
7347 8705
7347 10729
7347 11184
7347 11825
7349 409
7349 4453
7349 5102
7349 6381
7349 7368
7349 9236
7349 14051
7358 156
7358 774
7358 2291
7358 4657
7358 4726
7358 5224
7358 5623
7358 5930
7358 6680
7358 9921
7358 10585
7358 11415
7358 12154
7358 13755
7363 8212
7363 8543
7363 8589
7377 760
7377 1741
7377 3796
7377 6353
7377 6520
7377 8721
7377 8812
7377 9570
7377 9796
7377 10585
7377 12967
7377 13149
7377 14276
7378 4875
7402 6473
7402 6819
7408 3880
7412 3810
7414 5670
7414 12486
7414 12642
7424 4885
7431 3880
7431 7721
7431 9956
7431 10471
7431 10803
7431 11626
7439 7104
7439 8680
7439 10067
7448 5177
7448 5506
7448 9724
7448 11679
7452 6353
7452 11944
7452 12522
7452 12648
7454 3337
7454 3883
7454 5511
7454 6949
7454 12513
7454 13323
7460 759
7460 4463
7460 4885
7460 10179
7471 4132
7492 1882
7507 11075
7509 4885
7512 2515
7512 2828
7512 6703
7512 6991
7512 7171
7512 12648
7537 64
7537 5976
7546 5569
7546 6438
7546 6573
7546 6780
7546 10155
7546 10808
7546 12687
7554 2407
7554 3922
7554 9525
7555 6818
7555 7131
7555 7333
7555 7486
7555 8228
7555 10662
7557 7333
7557 8426
7557 12684
7562 6169
7562 11446
7562 11580
7563 1147
7563 3424
7563 6922
7563 6925
7563 11649
7589 8652
7589 12697
7600 9202
7600 12877
7611 12547
7622 8758
7628 8562
7628 10767
7632 4114
7636 1837
7636 3822
7636 6819
7636 7438
7636 12613
7654 11512
7654 13097
7655 4857
7655 6868
7655 8116
7655 11075
7655 11824
7660 2305
7666 75
7666 13571
7679 3192
7679 10626
7689 3848
7689 5673
7689 10992
7689 12407
7698 68
7698 3043
7698 3641
7698 4961
7698 5182
7698 6531
7698 7768
7698 8180
7698 9393
7698 11287
7698 11594
7698 11707
7701 10425
7705 56
7705 1098
7705 2970
7705 5904
7705 6680
7705 7233
7705 9569
7705 11334
7711 7992
7711 9798
7711 10425
7711 11823
7711 12968
7716 1780
7716 3699
7716 5673
7716 6172
7716 8252
7716 8972
7716 9735
7716 11060
7716 11685
7716 12386
7716 12648
7716 12664
7716 12721
7722 72
7722 1708
7722 1715
7722 1780
7722 3354
7722 4016
7722 4074
7722 4342
7722 4651
7722 5373
7722 7388
7722 9852
7722 11253
7722 11314
7722 11398
7723 2534
7723 3928
7723 7724
7730 5926
7730 10319
7730 14035
7733 7697
7733 10261
7741 8747
7741 10802
7741 11512
7741 11706
7741 12433
7746 10066
7746 10806
7753 2305
7753 4073
7753 11713
7757 56
7757 67
7757 1788
7757 2407
7757 3922
7757 4827
7757 12406
7765 1973
7765 4869
7765 5393
7765 5987
7765 7430
7765 7553
7765 8680
7765 10067
7765 10216
7765 11790
7765 12448
7772 7475
7772 9332
7772 9660
7772 11097
7772 11296
7773 9333
7773 10001
7773 10359
7779 3040
7779 5168
7779 5926
7779 6118
7779 6363
7779 6570
7779 6573
7779 6672
7779 8492
7779 9832
7779 11287
7779 12303
7780 3822
7780 11691
7781 10911
7781 13191
7787 4192
7787 12806
7789 5926
7789 8700
7789 11287
7800 3675
7800 4885
7800 6169
7800 7697
7803 57
7803 3972
7803 5168
7803 6783
7803 7832
7803 8914
7803 10547
7803 10600
7803 11987
7803 14051
7808 8169
7813 11959
7814 11959
7818 6208
7818 8812
7818 11829
7819 5172
7820 738
7820 5372
7820 6469
7820 8214
7820 8331
7820 8335
7820 8589
7820 10066
7820 13992
7828 74
7828 1319
7828 3783
7828 4790
7828 5972
7828 6585
7828 9256
7828 12147
7833 5597
7833 6616
7833 10467
7834 2547
7834 7849
7834 10068
7834 13133
7835 1597
7835 3422
7835 5697
7835 6987
7836 315
7836 3880
7836 5393
7836 7726
7836 10116
7836 10294
7836 11311
7836 12882
7836 14086
7842 2673
7842 6363
7842 7357
7848 3628
7848 3848
7848 7407
7848 8452
7848 9735
7848 10080
7848 11754
7850 1834
7850 4342
7850 4697
7850 5534
7852 7371
7852 8169
7854 5671
7854 11045
7854 12537
7865 3668
7865 3674
7865 3983
7865 6437
7865 8983
7865 10810
7865 11713
7867 788
7867 3713
7867 8172
7867 8817
7867 10616
7875 5209
7875 11664
7879 739
7886 1168
7886 6594
7886 6860
7886 12991
7893 8885
7893 11075
7893 13833
7912 73
7912 146
7912 2108
7912 4414
7912 5070
7912 6447
7912 6976
7912 7379
7912 8354
7912 9070
7912 9956
7912 10094
7912 10611
7912 10803
7912 10937
7912 12512
7924 11580
7929 2288
7929 2546
7929 3504
7929 5383
7929 5496
7929 7706
7929 8446
7929 9645
7929 10041
7929 10320
7929 10626
7929 11115
7929 12064
7936 915
7936 3913
7936 4174
7936 6293
7936 6380
7936 9836
7945 892
7945 6293
7964 52
7964 141
7964 1098
7964 1110
7964 1574
7964 2767
7964 4073
7964 4142
7964 4751
7964 4775
7964 4829
7964 5280
7964 5496
7964 5507
7964 7335
7964 9731
7964 10477
7964 12358
7964 14050
7966 1168
7966 3105
7966 7140
7966 9453
7966 11320
7972 11962
7974 6169
7979 1216
7979 4267
7979 6977
7979 8683
7997 1379
7997 1780
7997 2082
7997 2305
7997 3562
7997 3872
7997 4279
7997 4473
7997 4647
7997 5350
7997 7643
7997 9387
7997 9735
7997 10727
7997 10985
7997 11049
7997 11836
7997 14503
8015 3992
8022 6650
8022 12180
8030 4829
8030 5953
8030 8451
8030 9784
8030 10627
8030 12616
8037 736
8037 739
8037 774
8037 4884
8037 6828
8037 7104
8037 7301
8037 7357
8037 8680
8037 9457
8037 9933
8037 10067
8037 12423
8043 5681
8043 14120
8055 4857
8055 5926
8055 11419
8063 11152
8066 5365
8066 5491
8066 7821
8066 10033
8066 10218
8066 12486
8069 12689
8070 5389
8070 8044
8070 8566
8070 8748
8070 10275
8070 10636
8070 10802
8070 11293
8071 10872
8083 761
8083 3641
8083 4792
8083 6353
8083 6531
8083 6580
8083 6670
8083 8354
8083 9489
8083 10160
8083 12460
8083 12628
8088 4730
8088 5011
8090 8930
8090 12761
8091 1837
8091 3699
8091 5596
8091 5673
8091 8800
8091 8880
8091 10113
8091 11511
8091 12633
8096 9489
8096 10456
8096 12535
8096 13329
8103 1216
8110 65
8110 5223
8110 5670
8110 8486
8110 10713
8110 11412
8111 5685
8120 1804
8120 2978
8126 11959
8143 4193
8144 10067
8152 156
8152 5224
8152 5623
8152 5926
8152 6199
8152 9668
8152 9674
8152 9956
8152 10001
8152 10471
8152 11052
8152 11060
8152 11797
8152 12386
8156 3678
8156 8021
8156 8209
8157 4016
8157 5803
8157 5904
8157 6305
8157 6447
8157 6473
8157 8217
8157 10817
8157 12026
8157 14043
8157 14119
8181 73
8181 4142
8181 5257
8181 5372
8181 5926
8181 7650
8181 8486
8181 10320
8181 12375
8181 14274
8183 572
8183 640
8183 739
8183 747
8183 1454
8183 6380
8183 6460
8183 7794
8183 8031
8197 3848
8197 4097
8197 6295
8197 6711
8197 6765
8197 13329
8198 1482
8203 3187
8203 10571
8207 74
8207 3354
8207 3641
8207 3679
8207 4011
8207 4142
8207 4838
8207 5668
8207 6338
8207 6441
8207 7608
8207 7768
8207 8012
8207 8252
8207 8353
8207 10320
8207 11030
8208 3539
8208 4473
8208 4703
8208 6828
8208 7495
8208 8117
8208 9653
8216 6002
8216 12148
8216 12492
8218 57
8218 1450
8218 1788
8218 5903
8218 5904
8218 6379
8218 7919
8218 8228
8218 8766
8218 9050
8218 9617
8218 10534
8218 11029
8219 385
8219 5537
8219 7643
8219 7731
8219 9653
8219 10778
8254 6669
8254 8167
8254 9333
8254 10624
8254 11140
8254 12350
8254 12486
8254 12627
8254 12691
8254 12721
8254 14051
8267 5097
8267 11959
8273 2464
8284 12639
8284 13140
8290 1585
8290 5756
8290 9191
8290 12943
8292 14505
8309 8983
8309 14123
8312 57
8312 7697
8312 7794
8312 12885
8313 2083
8319 12429
8319 12515
8334 4994
8352 5532
8352 10534
8352 11097
8352 12769
8352 13751
8361 739
8361 1585
8362 1979
8362 2013
8362 6293
8362 10611
8362 11426
8362 12996
8362 13199
8372 1666
8372 2288
8372 5495
8372 5496
8372 5507
8372 5686
8372 6215
8372 6892
8372 7465
8372 7486
8372 10483
8372 11580
8372 11822
8372 11958
8372 14031
8374 9328
8374 10570
8377 2305
8377 10094
8382 7821
8382 8766
8383 1338
8384 2305
8384 12648
8384 14279
8398 4186
8398 6570
8399 5496
8399 7333
8405 761
8405 1790
8405 5104
8405 9617
8405 11512
8405 13981
8406 2641
8406 8331
8410 3774
8410 5016
8410 6199
8410 7404
8410 12537
8412 5130
8412 8570
8412 9259
8413 2355
8413 2437
8413 3421
8413 3850
8413 4310
8413 5104
8413 6703
8413 7171
8413 10067
8413 11253
8413 11306
8413 11626
8413 12644
8418 12147
8423 7724
8423 12149
8435 1497
8435 7172
8447 72
8447 761
8447 1741
8447 1853
8447 5005
8447 5792
8447 5803
8447 6080
8447 6353
8447 6976
8447 7871
8447 8036
8447 8480
8447 11314
8447 12532
8447 12540
8447 12968
8455 5960
8455 7233
8455 8002
8455 8577
8455 9221
8455 10729
8455 11797
8456 3926
8456 8182
8456 10534
8456 11987
8456 12536
8460 8116
8460 11828
8498 2684
8498 5005
8498 5537
8498 7164
8498 10205
8498 11045
8511 5097
8520 6305
8520 11844
8536 5930
8536 11439
8544 3539
8544 9608
8544 9653
8547 10015
8553 2382
8553 4841
8553 5257
8553 5493
8553 5494
8553 5495
8553 5507
8553 6672
8553 7791
8553 10673
8553 11334
8553 11734
8553 12064
8580 7072
8580 11151
8580 11320
8580 11797
8582 1973
8582 3192
8582 7126
8582 9590
8584 3657
8584 3850
8584 4991
8584 5673
8584 6381
8584 6421
8584 7134
8584 8800
8584 8972
8584 9332
8584 9668
8584 10225
8584 10270
8584 11060
8584 11398
8584 12252
8584 12300
8585 5673
8585 9670
8586 5964
8586 7863
8586 13164
8586 13813
8590 9152
8597 8559
8597 8680
8597 12407
8599 3192
8599 3562
8599 4774
8599 7139
8599 8462
8599 10322
8599 11512
8599 12074
8600 8766
8608 51
8608 72
8608 873
8608 1293
8608 2083
8608 3576
8608 4281
8608 4522
8608 5904
8608 9236
8608 10080
8608 14500
8612 8772
8612 11446
8612 12703
8613 1379
8613 10573
8613 10981
8617 5578
8617 12650
8618 3816
8618 5025
8618 6002
8618 7333
8618 7407
8618 7643
8618 7863
8618 8469
8618 11060
8618 12617
8620 10205
8623 852
8623 11987
8623 14121
8635 669
8635 1707
8635 1708
8635 6456
8635 8985
8635 11485
8635 12967
8635 13143
8636 385
8636 8818
8636 9921
8636 10985
8636 11752
8636 12448
8636 12467
8636 14119
8640 5279
8640 8880
8640 11987
8641 2970
8641 13201
8647 1025
8647 1341
8647 2641
8647 7109
8647 7543
8647 8661
8647 12214
8650 1319
8650 4774
8650 7386
8650 12004
8658 9603
8663 8966
8669 3991
8669 4830
8669 5972
8669 6499
8669 8818
8669 10985
8669 12532
8669 12540
8676 3392
8676 9887
8676 13833
8710 6421
8710 7080
8710 8479
8710 9453
8710 9660
8710 10001
8710 10094
8710 10767
8710 11824
8710 11831
8720 8354
8720 10033
8720 10216
8734 11959
8740 5496
8740 5507
8740 6428
8740 7650
8740 8470
8740 9444
8740 10676
8740 11162
8740 12617
8742 3848
8743 956
8743 8555
8743 11446
8750 7400
8750 7444
8750 12026
8756 545
8756 1979
8756 4222
8757 10160
8757 11666
8757 11677
8759 760
8759 3699
8759 4697
8759 6990
8759 7959
8759 8983
8759 10074
8759 10319
8759 11828
8759 12447
8759 13317
8779 1715
8784 5172
8784 6080
8784 10817
8789 12704
8798 739
8798 5373
8798 5964
8798 6184
8798 10727
8798 11412
8798 11965
8798 12322
8798 14043
8802 3337
8802 5511
8802 6949
8802 8683
8804 5493
8804 5494
8804 5495
8804 5496
8804 5507
8804 6215
8804 11713
8806 2469
8806 4132
8806 8065
8806 8100
8806 11296
8806 13548
8810 11829
8819 6188
8819 9836
8819 10782
8819 12927
8835 6637
8835 12456
8841 8549
8841 10205
8851 1308
8851 6669
8851 8453
8851 8898
8851 9590
8851 10068
8851 11120
8851 11681
8851 11691
8851 12303
8854 1548
8854 8684
8854 10600
8854 10803
8863 4747
8863 5365
8863 6783
8863 10033
8863 11962
8872 6780
8872 7176
8873 4215
8873 11071
8873 11965
8873 12026
8873 12691
8873 12927
8876 8770
8877 11803
8881 5393
8881 9677
8881 10906
8881 12537
8892 1647
8892 2328
8892 5302
8892 5596
8892 5977
8892 6594
8892 7251
8892 12644
8893 58
8893 7868
8893 10364
8893 13083
8893 13169
8896 9274
8896 12882
8912 2028
8912 3651
8912 7109
8912 9230
8912 9541
8912 11782
8923 11445
8925 720
8925 2970
8925 3340
8925 3880
8925 4586
8925 4828
8925 5597
8925 5726
8925 6568
8925 7543
8925 8930
8925 9569
8925 9611
8925 10359
8925 10461
8925 10467
8925 10782
8925 11097
8925 11102
8925 12148
8925 12761
8925 12775
8925 13096
8925 13113
8925 13133
8925 14441
8928 2315
8928 6570
8929 5674
8929 7841
8929 8240
8929 10817
8929 11700
8929 12056
8929 12614
8929 12927
8937 3849
8937 4841
8937 4893
8937 8116
8937 12486
8947 13113
8951 5172
8951 10205
8953 7259
8953 10078
8953 12422
8956 67
8956 3196
8956 4805
8956 5276
8956 7871
8956 8486
8956 10547
8956 10592
8956 11044
8956 11512
8956 12491
8964 13094
8965 52
8965 6363
8965 11281
8979 6711
8979 9223
8979 10624
8979 11415
8979 11900
8979 12210
8981 4784
8986 4414
8986 8755
8986 8814
8986 8885
8986 10094
8986 11612
9005 4132
9005 4928
9005 7259
9005 10472
9005 12691
9015 9236
9016 73
9016 4154
9016 5109
9016 5532
9016 7827
9016 10504
9016 10570
9016 12365
9016 12728
9016 14050
9033 3972
9033 4827
9033 6900
9033 13993
9034 5166
9034 5276
9034 5393
9034 6184
9034 9731
9034 10884
9034 11146
9034 11320
9034 11707
9034 12391
9035 4791
9035 14492
9046 11959
9059 4774
9059 5172
9059 5998
9059 8452
9059 8883
9064 8240
9066 1832
9066 2250
9066 3657
9066 3713
9066 4114
9066 5248
9066 5964
9066 6828
9066 8140
9066 8244
9066 8705
9066 9674
9066 10481
9066 11181
9066 11800
9066 12026
9066 12459
9066 12650
9066 14280
9067 852
9067 13169
9073 585
9073 666
9073 726
9073 2168
9073 4701
9073 4830
9073 5493
9073 5494
9073 5495
9073 5496
9073 5507
9073 6215
9073 6818
9073 6871
9073 10041
9073 10827
9073 11171
9073 12671
9074 4647
9074 6499
9074 7811
9074 10992
9074 11186
9074 11834
9074 12343
9074 12645
9074 12755
9077 3423
9077 4581
9077 5373
9077 6780
9077 7511
9077 7768
9077 8880
9077 8886
9077 9308
9077 9509
9077 9540
9077 12314
9077 13966
9082 7462
9082 8985
9082 11044
9082 12314
9082 12527
9082 12665
9086 1834
9086 2257
9086 3192
9086 9738
9086 12612
9086 14035
9088 5582
9089 4893
9089 7706
9089 7839
9089 8192
9089 8661
9089 9590
9089 11680
9090 3872
9090 7123
9090 8754
9090 9683
9090 10068
9090 10570
9090 11306
9090 11462
9095 1883
9095 1884
9095 2082
9095 3541
9095 3542
9095 4343
9095 5372
9095 7742
9095 9541
9095 10782
9095 10939
9095 11259
9095 11546
9095 11969
9095 12218
9095 13571
9116 3007
9116 3913
9121 64
9121 12420
9126 1307
9137 873
9137 5172
9137 6765
9137 11414
9138 287
9138 632
9138 11243
9138 11958
9138 13139
9138 13223
9139 2464
9139 6585
9139 13097
9140 1197
9140 11146
9140 11692
9157 6765
9157 9328
9157 11060
9157 11414
9157 11831
9165 852
9165 8914
9165 10270
9165 12072
9165 12882
9165 13577
9165 13950
9166 3511
9166 5004
9166 6184
9166 7731
9166 9796
9166 10974
9166 11518
9166 12532
9179 64
9185 6188
9196 3378
9196 4186
9196 4424
9196 4841
9196 5100
9196 6783
9196 11030
9196 11336
9196 11944
9207 8252
9207 12355
9207 14043
9209 10624
9215 8766
9222 73
9222 4002
9222 9674
9222 9828
9224 56
9224 3651
9224 8562
9224 10319
9224 11049
9224 11097
9224 11320
9224 11827
9224 12386
9224 12522
9224 14119
9229 4132
9229 10444
9229 12252
9246 9259
9248 8817
9253 774
9253 5130
9253 6971
9253 7053
9253 10275
9253 13813
9265 7100
9265 10080
9265 10444
9265 11038
9265 12148
9268 11959
9277 1885
9277 2539
9277 3511
9277 3714
9277 3945
9277 4477
9277 4747
9277 6437
9277 8771
9277 10425
9277 11399
9277 12537
9315 56
9315 2539
9315 3378
9315 3576
9315 6821
9315 9489
9315 9662
9348 10339
9353 1973
9353 2515
9353 3871
9353 8031
9353 8983
9353 9734
9353 11439
9358 156
9358 1497
9358 3628
9358 3926
9358 4991
9358 5224
9358 5623
9358 5911
9358 6353
9358 6381
9358 8145
9358 8972
9358 12314
9376 5494
9376 5496
9376 6892
9376 8603
9376 9921
9376 10041
9376 14103
9377 4893
9377 4961
9377 5168
9377 5494
9377 6353
9377 10224
9377 10867
9377 11293
9377 11713
9377 12369
9377 12467
9377 12511
9377 13323
9382 554
9382 956
9382 6024
9382 7104
9382 8555
9382 11419
9385 3848
9385 8972
9385 10627
9385 12522
9397 1892
9397 3928
9397 6447
9397 9865
9397 11306
9399 1834
9399 1835
9399 1837
9399 2515
9399 3642
9399 3923
9399 4414
9399 5070
9399 6380
9399 7386
9399 7486
9399 9738
9399 10074
9399 10094
9399 12612
9400 632
9400 774
9400 2108
9400 4632
9400 4657
9400 5521
9400 6331
9400 8772
9400 9332
9400 10270
9400 11735
9400 12703
9403 6160
9403 10192
9418 71
9418 3674
9418 5979
9418 7792
9418 7915
9418 9047
9418 9852
9418 10481
9418 11029
9419 8566
9419 8570
9419 10033
9419 10216
9419 12485
9421 8766
9421 10042
9429 1655
9429 3713
9429 9852
9429 11824
9429 12352
9432 73
9432 4855
9432 5875
9432 6208
9432 6735
9432 8172
9432 8429
9432 9394
9447 2978
9447 7438
9448 7495
9448 10016
9448 12639
9476 4342
9476 9734
9476 10291
9476 11512
9476 12540
9476 12672
9483 670
9483 1503
9483 14441
9484 6765
9484 9784
9484 11831
9487 2493
9487 3354
9487 9333
9493 4174
9493 4703
9493 5977
9493 6873
9493 8562
9493 8701
9493 10573
9493 12628
9493 13981
9500 3423
9500 5224
9500 5623
9500 7172
9500 8748
9500 8985
9500 10874
9500 11293
9500 11625
9500 11776
9500 11900
9500 12180
9526 3422
9526 5767
9526 7064
9526 8415
9526 8985
9526 9646
9526 12669
9526 12674
9526 13325
9566 3848
9566 3850
9566 4991
9566 5671
9566 5937
9566 6118
9566 6442
9566 7134
9566 7140
9566 7164
9566 8570
9566 8772
9566 12703
9568 4951
9568 7802
9568 10066
9568 14440
9575 3858
9575 3966
9575 4647
9575 4887
9575 5280
9575 10286
9577 4414
9577 6473
9577 7735
9577 11038
9577 13979
9583 9844
9583 10709
9585 6499
9585 6598
9585 6613
9585 6621
9595 1110
9595 5998
9595 7335
9595 8883
9595 11594
9595 12405
9596 156
9596 3858
9596 5224
9596 5623
9596 7687
9596 7802
9596 14031
9599 5670
9605 11958
9630 3742
9630 9660
9630 10216
9630 10425
9631 7849
9634 3192
9634 11171
9634 11747
9652 3262
9652 6561
9652 9844
9652 10457
9663 1715
9663 3511
9663 3923
9663 8065
9665 12704
9692 6428
9692 8470
9692 8885
9692 9444
9695 3742
9695 11184
9695 11320
9695 12899
9695 13097
9695 13833
9699 3806
9699 4826
9699 7417
9699 7468
9699 8818
9699 10985
9699 11023
9699 12343
9699 12925
9706 3783
9706 3848
9706 4414
9706 4916
9706 5070
9706 5911
9706 6865
9706 7486
9706 8684
9706 8800
9706 8972
9706 10094
9706 10113
9706 11296
9706 12704
9707 3915
9707 5365
9707 5674
9707 9431
9707 11444
9707 11752
9707 12148
9715 5972
9715 6441
9715 6711
9715 8044
9715 8549
9715 9683
9715 10322
9715 10636
9715 12644
9716 2028
9716 4920
9716 10033
9716 10050
9716 10600
9716 12154
9716 13328
9721 6428
9721 6597
9721 8470
9721 9444
9730 3043
9730 4806
9730 4821
9730 5224
9730 5492
9730 5623
9730 7080
9730 7167
9730 8812
9733 385
9733 2329
9758 50
9758 62
9758 287
9758 935
9758 1708
9758 4011
9758 4073
9758 4726
9758 4730
9758 4838
9758 4855
9758 5722
9758 6484
9758 7919
9758 8974
9758 9946
9758 11958
9758 12486
9758 12650
9758 14496
9761 7116
9761 8451
9761 9259
9761 10273
9761 12148
9761 12721
9761 13026
9763 8817
9765 65
9765 1858
9765 11171
9765 12596
9768 5485
9770 2469
9770 3040
9770 4632
9770 5286
9770 5575
9770 6484
9770 6613
9770 6665
9770 7080
9770 8924
9770 9798
9775 11243
9775 12420
9780 12704
9785 4805
9785 8817
9785 11334
9785 12660
9787 2481
9787 4142
9787 5191
9787 7301
9787 10015
9787 11320
9787 12158
9787 14276
9800 12147
9800 12704
9807 12641
9810 5016
9810 5223
9810 5953
9810 6428
9810 8470
9810 8482
9810 10407
9810 11415
9810 12369
9835 13324
9840 4192
9840 7233
9840 7463
9840 8486
9840 8565
9840 9921
9840 10136
9840 10166
9840 10566
9840 11972
9840 12026
9840 12074
9840 12665
9901 1832
9901 3848
9901 4414
9901 5070
9901 5188
9901 7131
9901 7171
9901 9735
9901 10094
9901 10803
9901 11055
9901 11414
9901 11823
9901 13755
9917 6002
9917 6765
9917 11181
9917 12488
9917 12642
9918 6580
9918 7758
9918 8886
9918 10359
9918 12391
9924 4841
9924 8772
9947 12704
9948 640
9948 761
9948 2464
9948 6447
9948 13097
9955 12704
9963 3991
9968 5209
9972 1979
9972 6350
9972 6680
9972 7700
9972 9070
9972 9543
9972 10504
9972 10949
9972 12616
9972 12833
9972 13143
9972 14280
10008 3816
10008 5013
10008 6118
10008 7104
10008 11026
10018 4994
10018 7104
10018 8680
10018 10067
10023 2355
10030 131
10030 456
10030 5671
10030 9611
10030 13554
10030 13752
10036 7127
10036 10709
10048 1242
10048 2978
10048 4875
10048 6650
10048 7368
10048 7438
10048 9543
10048 11886
10048 12880
10048 13143
10048 14124
10052 2515
10052 3628
10052 4695
10052 4697
10052 5597
10052 6196
10052 9611
10052 11906
10054 6338
10054 7416
10060 3783
10060 3849
10060 3850
10060 4016
10060 5025
10060 5953
10060 7407
10060 8566
10060 8800
10060 8817
10060 11060
10060 12300
10062 1454
10062 2377
10062 2481
10062 2515
10062 2996
10062 5100
10062 5930
10062 6363
10062 8002
10062 10205
10062 10355
10062 12354
10082 6561
10082 7930
10082 10939
10091 2382
10111 2515
10125 4933
10125 5670
10125 9656
10125 11747
10133 12667
10139 6818
10144 1197
10144 1293
10144 4829
10144 5191
10144 9509
10144 10968
10145 7355
10167 11825
10168 5365
10168 9887
10168 11060
10168 12407
10173 1804
10173 6293
10173 10218
10173 10547
10173 10611
10175 5302
10175 13199
10178 4473
10180 2355
10180 5005
10180 5569
10180 9852
10180 11253
10180 11824
10207 7832
10207 8116
10207 10355
10207 11207
10207 11415
10213 12735
10214 5365
10214 8453
10214 8559
10214 8667
10214 9590
10214 10964
10214 11186
10214 11306
10214 11396
10214 12433
10214 12478
10223 3506
10223 3992
10223 10155
10226 5224
10226 6400
10226 9611
10226 10216
10234 7930
10234 11959
10236 3783
10236 3848
10236 3849
10236 5926
10236 7125
10236 7333
10236 8800
10236 11060
10236 11828
10236 12386
10240 1098
10240 3841
10240 5657
10240 10673
10240 12343
10240 12467
10240 12596
10242 3714
10242 10653
10242 10681
10242 11906
10242 12511
10245 3963
10245 4310
10245 7141
10245 7177
10245 8705
10245 11626
10245 11813
10245 13984
10245 14492
10251 2200
10251 5097
10251 7930
10251 11959
10253 8885
10253 8985
10253 13849
10276 5911
10282 12386
10282 12642
10290 6637
10290 13199
10310 4453
10310 5135
10331 6403
10331 8480
10331 10685
10331 11776
10331 14119
10346 3770
10346 5521
10351 2493
10351 4838
10351 6594
10351 10956
10360 585
10360 1338
10360 3192
10360 6305
10369 11102
10405 11021
10405 12350
10405 12492
10410 852
10410 4279
10410 4885
10410 6570
10410 7706
10410 7731
10447 4188
10447 11336
10455 64
10455 1448
10455 1655
10455 1704
10455 3922
10455 4186
10455 7350
10455 7466
10455 7758
10455 7919
10455 9892
10455 10544
10455 11251
10455 11800
10455 12882
10455 13099
10455 14273
10455 14278
10462 73
10462 6188
10462 10728
10464 10600
10470 6024
10470 8766
10486 4193
10486 9796
10486 10444
10530 2515
10530 4142
10530 4788
10530 5393
10530 5926
10530 6160
10530 7292
10530 8747
10530 8780
10530 10518
10530 10544
10530 10949
10530 11097
10530 11115
10530 11691
10530 11700
10530 12056
10530 12682
10556 12447
10557 6118
10557 10444
10563 3714
10563 5320
10563 5612
10563 9570
10563 9611
10563 12004
10563 13097
10565 378
10598 4885
10598 12655
10598 13095
10601 6188
10617 4916
10617 6780
10617 8517
10617 9514
10617 9677
10617 9686
10617 9796
10617 9956
10619 12728
10683 829
10683 839
10683 2684
10683 2767
10683 5393
10683 6735
10683 7841
10683 8429
10683 11444
10683 13850
10683 14119
10696 13164
10702 60
10702 1111
10702 2082
10702 3192
10702 5493
10702 5494
10702 5495
10702 5496
10702 5507
10702 6118
10702 6215
10702 6447
10702 6672
10702 7465
10702 11822
10702 12700
10702 13935
10702 13961
10702 14050
10706 6821
10706 8451
10706 9509
10706 11181
10706 11685
10706 11829
10706 12180
10706 12300
10708 1780
10708 5717
10708 5926
10708 5937
10708 11030
10708 13849
10714 1010
10714 1640
10714 1908
10714 6976
10714 10467
10714 12631
10714 12899
10763 10250
10763 10985
10763 11681
10772 1497
10772 5993
10772 6865
10772 7407
10772 10113
10772 10590
10772 11415
10772 11831
10772 12491
10772 12631
10824 4884
10824 5668
10824 5993
10824 8036
10824 10294
10825 4955
10828 9569
10828 13140
10852 13140
10856 3806
10856 3858
10856 5182
10856 5286
10856 6520
10856 6871
10856 7533
10856 7882
10856 8721
10856 10224
10856 10425
10856 11259
10856 13939
10856 14274
10857 5532
10857 11079
10857 12689
10864 4279
10864 4819
10864 6184
10864 7687
10864 8880
10864 9327
10864 11336
10864 13329
10886 7756
10886 9340
10886 11259
10886 12221
10886 13314
10892 3806
10892 5279
10892 8299
10892 8966
10892 9911
10898 6172
10898 8817
10913 72
10913 526
10913 1585
10913 2374
10913 4792
10913 9603
10913 10693
10913 10729
10913 11097
10913 11336
10913 13113
10913 14046
10913 14443
10931 10016
10931 10865
10934 50
10934 1098
10934 1585
10934 1973
10934 2250
10934 3040
10934 3105
10934 4583
10934 4916
10934 5717
10934 6421
10934 7116
10934 7992
10934 8217
10934 9668
10934 9946
10934 10001
10934 11958
10934 12009
10938 3921
10938 4885
10938 5697
10938 5726
10938 5803
10938 6616
10938 6828
10938 6864
10938 7176
10938 7486
10938 9332
10938 9563
10938 10001
10938 10270
10938 10467
10938 10788
10938 10937
10938 10956
10938 11412
10938 12700
10938 13196
10938 13755
10938 13978
10938 14496
10941 4611
10941 4821
10941 6568
10941 12459
10944 3674
10944 9223
10944 10817
10944 11140
10944 12386
10944 12641
10951 6520
10951 6812
10951 8426
10951 8747
10951 8748
10951 9677
10951 9832
10953 736
10953 2515
10953 6403
10953 7000
10953 14502
10966 341
10966 1220
10966 3869
10966 9379
10966 11495
10966 13578
10988 287
10988 1379
10988 1597
10988 3921
10988 4651
10988 5144
10988 6650
10988 8748
10988 9828
10988 10874
10988 11900
10988 12704
10988 13540
10996 4074
10998 8252
11003 6305
11003 8012
11028 1805
11028 6597
11028 6613
11028 9865
11028 12896
11047 7183
11047 13192
11047 13201
11050 4281
11050 4924
11050 5532
11050 5960
11050 6437
11050 8899
11050 9428
11050 10216
11051 4477
11051 6188
11051 8100
11051 10573
11051 11097
11053 9488
11059 6206
11067 6195
11067 12420
11067 12655
11067 12881
11067 12961
11072 6160
11072 7064
11072 8698
11072 9394
11072 10250
11072 12343
11072 12350
11072 12478
11072 12614
11074 4885
11074 5610
11074 7638
11074 8517
11074 10727
11080 10461
11098 57
11098 409
11098 1497
11098 2978
11098 3007
11098 3043
11098 4188
11098 4686
11098 5537
11098 6473
11098 6573
11098 7438
11098 8803
11098 9333
11098 10590
11098 10681
11098 10884
11098 11140
11098 11778
11098 11886
11098 11961
11098 12476
11098 12628
11098 14051
11101 7127
11101 7474
11101 7930
11106 613
11106 842
11106 1825
11106 4885
11106 7584
11106 7749
11106 13312
11106 13571
11106 13964
11106 13992
11109 8791
11116 5350
11116 9887
11141 1834
11141 1835
11141 9738
11141 12612
11145 852
11145 1037
11145 1788
11145 5104
11145 7553
11145 8684
11145 11064
11145 11287
11145 11689
11145 11777
11145 11847
11145 11953
11145 11977
11145 12832
11145 12885
11145 13149
11145 13223
11145 14502
11154 1979
11154 7762
11154 12882
11158 1220
11158 5223
11158 8558
11160 112
11160 1574
11160 2288
11160 3153
11160 3367
11160 5610
11160 6184
11160 6780
11160 7463
11160 10670
11160 12530
11160 13026
11160 14032
11161 8817
11166 13144
11167 12546
11167 13117
11167 13233
11170 8169
11170 10783
11170 12641
11172 817
11172 5987
11172 6580
11172 6812
11172 7643
11172 10322
11172 11184
11172 12485
11179 572
11179 728
11179 1788
11179 5668
11179 8558
11179 10544
11179 10981
11179 11320
11179 13164
11179 14032
11194 64
11194 6381
11194 6447
11194 10216
11194 10872
11194 11183
11215 1064
11215 8770
11215 13169
11223 9260
11223 9457
11223 10205
11223 10817
11223 11752
11225 1379
11225 2340
11225 2767
11225 3105
11225 3576
11225 3674
11225 3713
11225 3983
11225 4726
11225 5365
11225 5657
11225 5698
11225 5726
11225 6518
11225 6570
11225 6773
11225 6871
11225 8549
11225 9316
11225 9832
11225 10693
11225 11146
11225 12459
11234 3850
11234 7758
11234 9457
11234 10811
11234 11512
11234 12300
11234 12407
11234 12660
11234 12761
11236 5350
11236 5596
11247 2503
11247 8167
11247 10113
11247 10783
11247 11334
11247 11822
11247 11844
11247 12407
11254 6441
11254 6780
11254 7122
11254 8492
11254 8747
11254 8748
11254 11900
11257 1098
11257 4192
11257 5172
11257 5956
11257 7100
11257 7592
11257 7626
11257 8780
11257 8974
11257 9727
11257 9734
11257 11288
11257 11755
11257 11832
11257 12369
11270 2200
11270 5485
11277 2028
11277 4952
11277 9751
11300 6407
11300 9332
11300 11580
11300 12456
11313 12961
11313 13129
11313 13201
11313 13752
11315 1639
11315 6539
11315 6680
11315 7762
11325 3632
11325 3869
11325 3870
11325 7742
11325 11495
11325 12375
11327 11505
11328 2515
11328 11120
11333 2843
11333 7703
11333 8506
11333 12961
11346 1585
11346 2843
11346 4581
11346 6600
11346 7744
11346 10936
11346 12896
11346 13195
11346 14031
11348 1640
11348 3651
11348 7417
11348 9569
11348 9570
11348 10670
11348 12464
11355 6195
11355 6539
11355 7742
11355 10781
11355 11108
11355 13129
11361 51
11361 817
11361 3858
11361 4821
11361 7386
11361 8482
11361 8559
11361 10778
11361 11958
11361 12158
11361 12491
11361 13984
11367 7822
11367 12366
11374 5397
11380 3806
11380 8480
11385 5230
11393 10872
11401 6902
11402 3848
11402 3850
11402 4916
11402 4991
11402 7407
11402 11060
11410 11414
11418 5397
11441 2515
11452 4193
11452 7058
11452 10425
11489 5521
11489 8817
11493 10949
11514 68
11519 10205
11519 11292
11521 6976
11588 736
11588 1350
11588 1790
11588 4233
11588 5289
11588 5610
11588 6403
11588 6432
11588 6554
11588 7164
11588 7697
11588 7721
11588 8065
11588 11243
11588 11944
11588 13223
11588 13984
11597 485
11597 3043
11597 3675
11597 3852
11597 6473
11597 7729
11597 12639
11597 14047
11597 14126
11631 6169
11641 935
11641 1710
11641 1719
11641 4174
11641 4512
11641 4581
11641 5350
11641 7216
11641 7386
11641 7832
11641 8755
11641 11097
11641 13149
11686 2200
11686 5485
11690 12833
11698 8480
11712 738
11712 7465
11712 7768
11712 11713
11712 13540
11715 10140
11736 7116
11736 10663
11738 3192
11738 4002
11738 4343
11738 6971
11738 11681
11738 13555
11745 5279
11745 10080
11749 6160
11749 7863
11749 8566
11749 10200
11749 10205
11749 10286
11749 10425
11770 347
11770 409
11770 935
11770 1741
11770 2291
11770 6437
11784 549
11784 1716
11784 2083
11784 5610
11784 6421
11784 7849
11784 13199
11794 3642
11796 7771
11796 10781
11796 11424
11796 11779
11796 13187
11796 13326
11833 12467
11843 4736
11843 6958
11843 8021
11843 8594
11843 9613
11843 10153
11843 10902
11856 60
11856 759
11856 1025
11856 4657
11856 4821
11856 5995
11856 6864
11856 7301
11856 9367
11856 10001
11856 11809
11856 12464
11857 1319
11857 1497
11857 4805
11857 5926
11857 5979
11857 6363
11857 7758
11857 8818
11857 11173
11857 11589
11857 11809
11857 12614
11857 12644
11878 5223
11890 3858
11896 13849
11897 52
11897 66
11897 549
11897 733
11897 1805
11897 3921
11897 5578
11897 6380
11897 6442
11897 7407
11897 7495
11897 7735
11897 8012
11897 9070
11897 10974
11897 11055
11897 14031
11897 14441
11897 14505
11912 829
11912 830
11912 839
11912 6665
11912 7465
11912 7624
11912 7721
11912 7768
11912 7882
11912 10466
11912 11334
11912 11419
11912 11700
11912 12056
11912 12064
11912 12284
11912 12354
11912 13312
11912 13850
11913 4885
11913 4982
11913 5395
11913 10957
11913 13212
11920 131
11920 456
11920 9177
11920 10067
11920 10205
11920 12425
11920 13199
11920 13554
11921 385
11921 9178
11921 10205
11921 13554
11935 5102
11935 5393
11935 10407
11935 10585
11935 11700
11935 12056
11936 5209
11937 1979
11937 7183
11937 10865
11937 11377
11937 12689
11963 7072
11963 8257
11963 9832
11963 10291
11963 10806
11963 11103
11963 12459
11971 2330
11971 2970
11971 3872
11971 3915
11971 4887
11971 5144
11971 6789
11971 7216
11971 8462
11971 8549
11971 9332
11971 9731
11971 10270
11971 10869
11971 11594
11979 71
11979 287
11979 3742
11979 4827
11979 6442
11979 6660
11979 7794
11979 8026
11979 8966
11979 11459
11979 11962
11979 12149
11979 12537
11979 12687
11983 1111
11983 1448
11983 1482
11983 3340
11983 3494
11983 4453
11983 4857
11983 4875
11983 5365
11983 7388
11983 7811
11983 8492
11983 8747
11983 8748
11983 10078
11983 10407
11983 11293
11983 11419
11983 11691
11983 11700
11983 11900
11983 11962
11983 12004
11983 12056
11983 12644
11983 12677
11983 12761
11983 12899
11983 13097
11991 9677
11991 11836
11991 12691
11993 1037
11993 4222
11993 6380
11993 7706
11993 9525
11993 9633
11993 10074
11993 11689
11993 11847
11993 11953
11993 12004
11993 13555
12002 409
12002 4884
12002 6865
12002 8479
12002 9213
12002 12691
12003 4583
12003 4916
12003 6421
12003 7726
12003 8814
12003 9611
12003 10767
12003 11100
12003 11612
12003 11805
12003 12004
12003 12072
12003 13317
12005 8353
12005 8748
12008 11803
12023 385
12023 572
12023 2083
12023 6437
12023 7438
12023 10041
12023 10355
12023 13555
12023 14442
12025 4484
12025 6305
12025 9633
12025 11379
12035 8589
12035 11115
12035 12391
12035 12617
12035 13327
12036 3848
12036 3849
12036 6828
12036 7134
12036 7333
12036 7407
12036 8116
12036 8685
12036 8972
12036 9735
12036 10074
12036 10992
12036 11060
12036 11146
12036 12300
12067 3187
12068 892
12068 3423
12068 3880
12068 4141
12068 5937
12068 9367
12068 9662
12068 11173
12068 11987
12068 12596
12083 6680
12115 733
12115 3926
12115 5373
12115 5903
12115 7792
12115 8816
12115 10197
12115 10218
12115 10808
12115 11900
12115 13751
12131 3642
12131 9887
12131 10155
12133 12704
12150 11900
12174 11292
12209 7139
12209 8528
12209 9454
12209 9590
12209 11518
12215 7404
12215 9946
12215 10259
12215 10656
12215 11103
12215 11287
12215 12422
12215 12721
12227 8470
12227 8482
12227 9444
12227 11320
12227 11404
12278 5972
12278 7072
12278 11836
12278 12644
12316 4818
12316 10432
12316 13752
12333 11438
12333 12885
12334 1111
12334 5224
12334 6568
12334 6902
12334 8491
12334 9213
12334 12407
12344 1770
12344 8299
12390 10817
12397 2340
12397 5674
12397 10320
12397 11320
12397 12927
12397 14032
12411 341
12411 1979
12411 3516
12411 10877
12411 10955
12424 8814
12437 5133
12437 7172
12437 8570
12437 10275
12437 12436
12437 13961
12437 14035
12438 5726
12438 7259
12438 8492
12438 10155
12438 10425
12438 10590
12440 6188
12440 14035
12497 5276
12497 5993
12497 6400
12497 7475
12497 9674
12497 9946
12497 10425
12497 10778
12497 11829
12497 12628
12510 6991
12525 5926
12525 7868
12525 8555
12525 9186
12525 11404
12525 12420
12533 747
12533 3819
12533 7742
12533 8506
12533 9428
12533 10050
12533 10544
12533 10967
12533 11782
12533 12521
12534 1666
12534 3918
12534 8506
12534 9525
12534 11653
12534 12494
12534 13984
12534 14276
12542 11210
12542 13238
12543 315
12543 632
12543 2083
12543 3511
12543 4703
12543 5792
12543 5976
12543 7285
12543 7959
12543 8095
12543 8446
12543 8874
12543 8914
12543 9300
12543 9428
12543 9670
12543 9798
12543 10116
12543 10297
12543 11311
12543 12447
12543 14086
12545 287
12545 666
12545 759
12545 1825
12545 4130
12545 4279
12545 6819
12545 8252
12545 8446
12545 8818
12545 9608
12545 10015
12545 10022
12545 10985
12545 11049
12545 12074
12545 12093
12545 13571
12545 13949
12552 5209
12554 613
12554 10865
12556 5597
12556 7139
12556 7301
12556 8480
12556 9489
12556 9865
12556 10155
12556 10467
12556 10495
12556 12075
12557 1973
12557 8026
12557 8817
12568 10877
12577 10571
12577 11020
12577 11079
12577 11689
12577 11847
12577 11953
12577 12521
12587 5595
12587 10182
12587 10247
12587 12210
12590 1639
12590 2340
12590 7231
12590 10788
12590 13571
12590 13600
12590 13966
12593 3511
12593 12488
12606 9379
12606 13134
12609 13099
12611 6447
12611 8791
12611 11029
12651 1707
12651 4174
12651 5104
12651 5903
12651 10461
12651 10466
12651 11800
12651 12148
12651 12303
12651 13164
12668 4074
12668 4790
12668 4877
12668 6828
12668 7141
12668 7758
12668 10078
12668 10495
12668 12314
12668 12386
12668 12490
12680 5135
12680 5697
12680 10726
12680 11251
12680 12420
12680 12891
12680 13976
12681 10638
12681 12697
12683 287
12683 288
12683 1837
12683 5569
12683 5575
12683 6442
12683 8026
12683 9543
12683 12456
12694 1979
12694 2767
12694 3632
12694 3639
12694 4091
12694 6703
12694 10461
12694 11079
12694 12433
12696 52
12696 525
12696 1293
12696 1853
12696 3716
12696 5109
12696 5993
12696 6580
12696 6865
12696 7486
12696 9162
12696 9453
12696 10221
12696 10575
12696 10878
12696 11281
12696 11808
12696 12664
12696 13096
12696 13600
12696 13978
12698 73
12698 2382
12698 2547
12698 4893
12698 6672
12698 7465
12698 7794
12698 8780
12698 9123
12698 11120
12698 11755
12698 13850
12699 5875
12699 9732
12699 11713
12699 12682
12702 10940
12702 12548
12706 10911
12706 11377
12707 1528
12707 4885
12707 6195
12707 6437
12707 13974
12709 755
12709 4885
12709 9685
12709 9745
12709 10638
12709 11320
12709 11829
12709 14121
12711 2843
12711 11079
12711 12221
12711 12548
12711 12604
12727 3848
12727 3849
12727 10113
12727 11296
12730 7183
12730 11280
12730 12221
12731 525
12731 842
12731 2305
12731 5722
12731 6819
12731 8661
12731 10355
12731 10473
12731 10728
12731 10809
12731 10905
12731 11259
12731 11426
12731 11462
12738 7407
12738 11296
12749 1098
12749 1110
12749 3192
12749 4279
12749 4586
12749 4775
12749 5000
12749 5717
12749 6350
12749 6379
12749 6594
12749 7080
12749 8565
12749 8754
12749 8758
12749 8777
12749 9514
12749 10534
12749 10904
12749 10963
12749 10985
12749 11064
12749 11691
12749 12802
12749 12810
12749 14050
12765 12526
12765 12547
12768 102
12768 1111
12768 1973
12768 4747
12768 6871
12768 7703
12768 7731
12768 7959
12768 8570
12768 9213
12768 9230
12768 9646
12768 10033
12768 11103
12768 11962
12768 12422
12768 12447
12768 12512
12768 12645
12768 13935
12768 14005
12768 14126
12774 12526
12774 12547
12774 14047
12778 1350
12778 1454
12778 1463
12778 3822
12778 4829
12778 4885
12778 5005
12778 5289
12778 6118
12778 8140
12778 8800
12778 8834
12778 11045
12778 11790
12778 12833
12778 13329
12778 14502
12801 10067
12846 12429
12846 13238
12853 13100
12856 4828
12869 720
12869 3806
12869 8792
12869 11834
12869 12880
12869 13196
12874 1010
12874 1908
12874 5994
12874 10192
12886 1497
12886 3187
12886 4774
12886 7511
12886 7758
12886 8475
12886 9488
12886 10216
12886 10611
12886 10638
12886 12180
12886 12322
12886 13149
12894 4877
12894 4885
12894 7176
12894 7443
12894 7863
12894 12882
12894 12891
12894 14047
12897 613
12897 4784
12897 13191
12898 4885
12898 12896
12898 13545
12907 1456
12907 1457
12907 10544
12907 11039
12917 5350
12917 6421
12917 11181
12917 11414
12933 377
12933 613
12933 6539
12933 9798
12939 1709
12939 5025
12944 8452
12944 11146
12965 1802
12965 2498
12965 4463
12965 4959
12965 7584
12965 8182
12965 8189
12965 8664
12965 9434
12965 12667
12965 13095
12965 13154
12965 13202
12965 13212
12965 13314
12972 112
12972 385
12972 388
12972 2329
12972 4174
12972 7368
12972 8985
12972 9178
12972 10166
12972 10275
12972 11625
12972 12490
12972 12991
12976 10611
12992 50
12992 71
12992 6616
12992 9489
12992 11776
12992 11790
12992 11824
12992 12540
13005 2481
13005 2684
13005 4611
13005 4949
13005 5248
13005 6735
13005 6789
13005 6864
13005 7465
13005 7882
13005 8429
13005 8589
13005 10466
13005 10673
13005 10869
13005 10992
13005 11171
13005 11336
13005 11822
13005 12009
13005 12064
13005 12343
13005 13833
13005 14279
13005 14283
13032 1461
13032 2066
13032 4016
13032 6830
13032 10275
13032 11813
13055 5964
13055 7233
13055 10949
13085 7172
13085 7731
13105 1147
13105 6922
13105 6925
13105 8192
13105 11649
13107 4790
13107 13026
13112 829
13112 830
13112 839
13112 4215
13112 10179
13122 10456
13130 3516
13130 3814
13130 10432
13130 13095
13130 13976
13130 14126
13131 3972
13131 4889
13131 12149
13162 74
13162 3806
13162 5034
13162 5731
13162 6380
13162 6860
13162 6955
13162 7126
13162 8415
13162 8816
13162 9828
13162 10785
13162 11186
13162 11691
13162 11700
13162 11961
13162 12056
13162 12357
13162 12466
13162 14103
13162 14119
13167 739
13167 10425
13198 50
13198 2843
13198 4342
13198 4343
13198 4885
13198 4963
13198 5578
13198 5729
13198 5979
13198 8486
13198 8705
13198 9274
13198 9525
13198 10827
13198 12628
13198 12991
13198 14280
13198 14441
13210 3494
13210 7125
13211 8335
13214 11298
13214 13315
13218 720
13218 4885
13218 10932
13218 12689
13218 13129
13218 13187
13218 13314
13237 8985
13265 1851
13265 4583
13265 4916
13265 5681
13265 6421
13265 11425
13265 11580
13271 1755
13271 4281
13271 4512
13271 4819
13271 10425
13271 10627
13271 11186
13271 12322
13271 14495
13272 549
13272 1709
13272 2467
13272 5372
13272 8026
13272 8776
13272 9836
13272 10676
13272 11029
13272 11962
13272 12537
13272 13164
13272 13328
13274 1640
13274 3576
13274 3742
13274 3945
13274 5365
13274 5612
13274 5617
13274 6783
13274 8026
13274 9569
13274 9893
13274 10229
13274 10467
13274 10685
13274 10726
13274 10732
13274 11962
13274 12512
13275 7379
13275 10146
13299 68
13299 5491
13299 12899
13299 13950
13299 14031
13303 759
13303 4762
13303 9456
13306 4884
13306 5168
13306 10022
13306 10570
13306 10811
13306 10874
13310 3806
13310 5011
13310 5507
13310 6215
13310 6773
13310 6990
13310 7141
13310 7465
13310 7543
13310 7624
13310 7706
13310 7724
13310 7882
13310 8621
13310 10466
13310 10483
13310 10650
13310 10728
13310 11822
13310 12671
13310 14032
13414 73
13414 842
13414 3921
13414 5493
13414 5494
13414 5495
13414 5496
13414 5507
13414 6215
13414 10650
13414 11377
13414 11747
13414 12741
13419 3852
13419 4222
13419 13989
13424 5130
13424 5133
13424 11075
13431 385
13431 10205
13431 13533
13442 549
13442 1409
13442 5686
13442 12991
13454 2498
13454 14503
13473 4114
13475 71
13475 720
13475 755
13475 3423
13475 5025
13475 5395
13475 6680
13475 7065
13475 9670
13475 10225
13475 11115
13486 94
13486 379
13486 585
13486 726
13486 1025
13486 2168
13486 2641
13486 3276
13486 3796
13486 5182
13486 6531
13486 7468
13486 8589
13486 9394
13486 10120
13486 10160
13486 10650
13486 10964
13486 11713
13486 12352
13486 12741
13486 13540
13486 14031
13499 1710
13499 1715
13499 1780
13499 4657
13499 5166
13499 5188
13499 5756
13499 6331
13499 7126
13499 7486
13499 7992
13499 14081
13501 10829
13501 12877
13506 385
13506 388
13506 761
13506 8766
13506 9178
13512 720
13512 1533
13512 6333
13512 7742
13512 14283
13514 10974
13514 11779
13514 12716
13514 13201
13539 2515
13539 3192
13541 68
13541 3218
13541 5139
13541 13540
13542 385
13542 9178
13556 4611
13556 5938
13556 8299
13556 10544
13556 12148
13556 12492
13557 2083
13557 2515
13557 4286
13557 14005
13558 10016
13558 12548
13558 12689
13558 12716
13560 5133
13566 5532
13566 9332
13566 12447
13572 2066
13572 7109
13572 8429
13572 11694
13588 12214
13592 7882
13592 10041
13592 12307
13594 3871
13594 6650
13594 13593
13595 3992
13602 2250
13602 2515
13602 3378
13602 3504
13602 3892
13602 4695
13602 4697
13602 5597
13602 5671
13602 5673
13602 6331
13602 6616
13602 7407
13602 8167
13602 10467
13602 10783
13602 10974
13602 11687
13603 13533
13603 13593
13605 351
13605 1503
13605 3007
13605 7721
13605 10429
13605 10638
13605 11243
13620 72
13620 1710
13620 2464
13620 6080
13620 6900
13620 8026
13620 12761
13644 5657
13740 4680
13740 4865
13740 6860
13740 7687
13740 9933
13740 12148
13814 3964
13814 5550
13814 6783
13814 7650
13814 8350
13814 11162
13814 11439
13814 11752
13814 13813
13820 5670
13820 6531
13820 7010
13825 385
13825 388
13825 1716
13825 7233
13825 9178
13825 11825
13931 4632
13931 12456
13958 1242
13958 1804
13958 2978
13958 3187
13958 3822
13958 4132
13958 4875
13958 4994
13958 6473
13958 6703
13958 6818
13958 6819
13958 7438
13958 11886
13958 11953
13958 12943
13960 1979
13960 7183
13960 9340
13960 13232
13963 11424
13963 11495
13970 4114
13970 4174
13970 5964
13970 6169
13970 6293
13970 9221
13970 9453
13970 9739
13970 10301
13970 10429
13970 11664
13971 287
13971 288
13971 4583
13971 4916
13971 5350
13971 5365
13971 6421
13971 11404
13971 11805
13972 3892
13973 51
13973 1350
13973 1597
13973 3040
13973 3188
13973 3699
13973 4611
13973 5289
13973 6333
13973 6987
13973 8065
13973 8451
13973 9685
13973 10221
13973 10429
13973 12674
13973 13196
13975 51
13975 64
13975 7095
13975 10638
13975 13243
13997 774
13997 4414
13997 5070
13997 6783
13997 9836
13997 10094
13997 11965
13997 13993
13998 51
13998 2250
13998 4632
13998 6680
13998 8814
13998 9633
13998 12407
14008 5670
14008 12513
14009 12513
14017 747
14017 760
14017 1741
14017 2464
14017 5658
14017 6400
14017 6580
14017 6660
14017 7825
14017 9213
14017 9457
14017 11512
14017 12806
14023 559
14023 1790
14024 6871
14024 9316
14024 10693
14030 747
14030 5130
14030 5133
14030 6580
14030 7404
14030 8462
14030 10166
14030 11314
14030 13323
14033 726
14033 1885
14033 2382
14033 4835
14033 4855
14033 5494
14033 6363
14033 6751
14033 7543
14033 11713
14040 4192
14040 7459
14040 11735
14040 12154
14052 13548
14055 5279
14056 4132
14056 6554
14056 9070
14056 14280
14057 6783
14057 11336
14057 13243
14059 8685
14059 12386
14060 3378
14060 4233
14060 4424
14060 4749
14060 4841
14060 5100
14060 5358
14060 7134
14060 8771
14060 9431
14060 9670
14060 10074
14060 10319
14060 11030
14060 11336
14060 11944
14060 12642
14067 8117
14083 67
14083 287
14083 559
14083 632
14083 1168
14083 1707
14083 3742
14083 3806
14083 5532
14083 6868
14083 8026
14083 9892
14083 10080
14083 10544
14083 10585
14083 10627
14083 14273
14087 8100
14089 6680
14089 9543
14104 4775
14260 829
14260 830
14260 839
14260 1741
14260 4233
14260 5135
14260 6665
14260 10074
14260 13593
14262 2469
14262 7697
14262 7868
14263 56
14263 383
14263 1805
14263 2291
14263 4695
14263 5102
14263 5671
14263 6363
14263 7357
14263 7407
14263 7868
14263 9887
14263 11097
14264 7868
14264 8555
14264 10364
14284 71
14284 4129
14284 4952
14284 6199
14284 6518
14284 7301
14284 8353
14284 11705
14284 12494
14299 1647
14299 1709
14299 5532
14299 5670
14299 7959
14299 9612
14299 9617
14299 10050
14299 12447
14306 3262
14306 7474
14306 9387
14306 10457
14306 11959
14306 12614
14383 3829
14418 6384
14452 3251
14491 3814
14491 4015
14491 4142
14491 4857
14491 4885
14491 6456
14491 7816
14491 8517
14491 9394
14491 10573
14491 10638
14491 11445
14491 11490
14491 12511
14491 12968
14491 14120
14508 1111
14508 6554
14508 6573
14508 8470
14508 10294
14508 14440
14517 736
14517 739
14517 2996
14517 3562
14517 3639
14517 3983
14517 4073
14517 5320
14517 5612
14517 5646
14517 5698
14517 6441
14517 7216
14517 7301
14517 8331
14517 8747
14517 9570
14517 9731
14517 10216
14517 10728
14517 13316
14517 13571
14517 14122
14525 1715
14525 5990
14525 6380
14525 7123
14525 7141
14525 7251
14525 7724
14525 7827
14525 8354
14525 9070
14525 9333
14525 9727
14525 11412
14525 11754
14525 11906
14525 12460
14525 12486
14525 12617
14525 14081
