104 100
0.8401877172 0.3943829268 0.7830992238 0.7984400335 0.9116473579 0.1975513693 0.3352227557 0.7682295948 0.2777747108 0.5539699558 0.4773970519 0.6288709248 0.3647844728 0.5134009102 0.9522297252 0.9161950680 0.6357117280 0.7172969294 0.1416025554 0.6069688763 0.0163005716 0.2428867706 0.1372315768 0.8041767542 0.1566790893 0.4009443942 0.1297904468 0.1088088020 0.9989245180 0.2182569053 0.5129323944 0.8391122347 0.6126398326 0.2960316177 0.6375522677 0.5242871901 0.4935829870 0.9727750239 0.2925167844 0.7713576978 0.5267449792 0.7699138363 0.4002286221 0.8915294520 0.2833147460 0.3524583473 0.8077245200 0.9190264740 0.0697552762 0.9493270754 0.5259953502 0.0860558479 0.1922138460 0.6632269270 0.8902326025 0.3488929352 0.0641713208 0.0200230489 0.4577017373 0.0630958383 0.2382799542 0.9706341317 0.9022080735 0.8509197868 0.2666657494 0.5397603407 0.3752069764 0.7602487364 0.5125353641 0.6677237608 0.5316064342 0.0392803434 0.4376375966 0.9318350563 0.9308097954 0.7209523431 0.2842934031 0.7385343149 0.6399788166 0.3540486797 0.6878613903 0.1659741663 0.4401045276 0.8800752363 0.8292010933 0.3303371297 0.2289681710 0.8933724146 0.3503601786 0.6866699083 0.9564682529 0.5886401332 0.6573040395 0.8586763259 0.4395599195 0.9239697889 0.3984366667 0.8147668963 0.6842185253 0.9109720308 
0.4824906567 0.2158249590 0.9502523741 0.9201282537 0.1476600148 0.8810621695 0.6410805963 0.4319534183 0.6195964839 0.2810594124 0.7860020980 0.3074578737 0.4470335792 0.2261066252 0.1875331095 0.2762346721 0.5564437553 0.4165012806 0.1696070862 0.9068039339 0.1031711884 0.1260753391 0.4954440666 0.7604752284 0.9847516650 0.9350039866 0.6844450169 0.3831883312 0.7497708824 0.3686635417 0.2941603620 0.2322615386 0.5844885006 0.2444127357 0.1523897919 0.7321485159 0.1254749047 0.7934703882 0.1641019337 0.7450713891 0.0745298006 0.9501040317 0.0525292624 0.5215633798 0.1762106564 0.2400623724 0.7977980519 0.7326544117 0.6565636530 0.9674051385 0.6394583455 0.7597348419 0.0934804772 0.1349024117 0.5202100698 0.0782321417 0.0699063978 0.2046550863 0.4614204734 0.8196772802 0.5733186284 0.7555808354 0.0519388188 0.1578071286 0.9999935711 0.2043286107 0.8899556444 0.1254684758 0.9977989993 0.0540575777 0.8705398649 0.0723287994 0.0041616089 0.9230691273 0.5938921792 0.1803722657 0.1631314993 0.3916902306 0.9130266774 0.8196951527 0.3590953687 0.5524850225 0.5794299941 0.4525758459 0.6873874346 0.0996400635 0.5308079880 0.7572938324 0.3042951498 0.9922284614 0.5769711126 0.8776137782 0.7478092964 0.6289099313 0.0354209067 0.7478028670 0.8332385420 0.9253765512 0.8732713428 0.8310375408 
0.9794341293 0.7438112072 0.9033663403 0.9835957382 0.6668803346 0.4972585191 0.1639680034 0.8300118338 0.8889487502 0.0769946808 0.6497069861 0.2480441184 0.6294797033 0.2291369798 0.7006199647 0.3168671375 0.3287770433 0.2314279523 0.0741609699 0.6330721935 0.2236564132 0.6511320824 0.5106859712 0.9714657096 0.2800420133 0.5461068780 0.7192685761 0.1132805548 0.4714834292 0.5925399189 0.9443180961 0.4509175580 0.3363511257 0.8476844359 0.4345132957 0.0032314598 0.3449429550 0.5984812996 0.8332432941 0.2338917047 0.6754759805 0.4829502797 0.4819358231 0.3049556833 0.7120872600 0.1825557874 0.6218228213 0.0408643028 0.4139837396 0.6959837911 0.6739364963 0.6376401529 0.3471158731 0.1846224676 0.6091058620 0.6271578863 0.7307293456 0.3283744381 0.7404384412 0.2022127743 0.9209143570 0.6847565368 0.6531303323 0.2572654822 0.5324409728 0.0876436280 0.2604969424 0.8773839278 0.6861249277 0.0937402361 0.1112756320 0.3616009077 0.5766905158 0.5932114551 0.6665565910 0.2887777753 0.7757672429 0.2883794118 0.3296420785 0.1897509821 0.9843632029 0.0035785744 0.8273911354 0.3314790755 0.1882010420 0.4364969970 0.9586369619 0.9189303880 0.7648714351 0.6990754030 0.1211431618 0.6857857917 0.3838319394 0.7742734946 0.9430512744 0.9162729121 0.8619171227 0.2035482164 0.7936568394 0.5480420499 
0.2972884524 0.9049324714 0.9096429576 0.8739789682 0.4981439265 0.5761995481 0.1627567435 0.2739111689 0.8645789604 0.4923988220 0.4636621510 0.8489421629 0.4959773964 0.2910532860 0.1804212384 0.6841784388 0.7275502834 0.1390581998 0.6031088264 0.4924217181 0.8381336028 0.7242519882 0.1782075098 0.2219655422 0.4985254824 0.1212587837 0.1382384538 0.3604426046 0.3248070000 0.9318952937 0.9084846545 0.6220954524 0.8368277647 0.8181276116 0.4960744202 0.3349716907 0.3943271597 0.6588311636 0.6088828596 0.2589061196 0.1512299851 0.0725450106 0.1078482820 0.6472073820 0.3635982966 0.2882695204 0.3313858203 0.0911485795 0.4273277206 0.9344946467 0.5835702981 0.2654613230 0.6587466345 0.7617778078 0.4874268651 0.1572721168 0.8830365915 0.6256653194 0.5177147214 0.2078435911 0.5575606127 0.4261993759 0.8299390435 0.3943883769 0.2443269870 0.3260134632 0.7293600681 0.6386541466 0.9848446273 0.3382429273 0.8975602663 0.1360746120 0.4107879379 0.0054085483 0.7832819940 0.7743862349 0.2936780687 0.1146678138 0.8655348145 0.7210057893 0.0491624600 0.4491051121 0.9864671128 0.7079090950 0.2108829195 0.4738939775 0.8651812118 0.0939195105 0.0995592964 0.3828959327 0.3017631016 0.6571199091 0.8090953086 0.1317021447 0.0515082861 0.0534222955 0.4577156084 0.7808683542 0.6920764422 0.4425602352 
0.1191112809 0.5896367084 0.5786348472 0.5298992193 0.5950452567 0.3619168412 0.3042854538 0.8887233254 0.4765846550 0.1698202678 0.6097291147 0.5257471155 0.6189253803 0.5961962271 0.2336562100 0.8298082998 0.0700902040 0.0988374213 0.9237278108 0.1696495009 0.4817333540 0.2254909120 0.8267694101 0.2908286626 0.3571930571 0.8782776961 0.3442509581 0.8149086655 0.6591460498 0.0363273998 0.2574689003 0.7782573312 0.6259641082 0.8361037475 0.3081565501 0.2210093645 0.1980205882 0.6124420038 0.1097326899 0.6746052437 0.7822622716 0.7194618046 0.2003523587 0.4011876515 0.3156580312 0.4340085687 0.2309959513 0.3857482352 0.5328459900 0.1547237617 0.5553977362 0.0145793436 0.3802146736 0.3821671463 0.3054080062 0.7374077308 0.2604448419 0.6496589643 0.5523163958 0.9195908922 0.6859863646 0.8097852961 0.6978482230 0.3119504723 0.6458890436 0.0060047726 0.5329598372 0.8439096319 0.6184467765 0.6426925271 0.5185148751 0.4007090476 0.3621543312 0.7188672338 0.8018966996 0.6778123624 0.1528758021 0.0328926505 0.0635605972 0.6857217921 0.1876164121 0.6189583338 0.7003011362 0.5678310858 0.0011254796 0.0057091420 0.3052388166 0.2615703215 0.6553681067 0.8575552124 0.1811612133 0.3413544709 0.6673405085 0.8790094363 0.6533049432 0.3132295517 0.8850142089 0.1862647800 0.1571391831 0.5034609849 
0.8289573071 0.6756540587 0.9041700330 0.1911116378 0.3945212920 0.7060667322 0.8689240002 0.5473970946 0.7389593826 0.9324845979 0.2331188862 0.9265757948 0.5514429312 0.9334200225 0.4944068801 0.5525684108 0.9391291649 0.7996456967 0.8141387323 0.5944972712 0.6572009091 0.9952999460 0.9358517420 0.3245414171 0.8743093819 0.5891566847 0.6377709688 0.7593235908 0.7754214652 0.7949101519 0.2627845752 0.6043787718 0.4705642101 0.1669546078 0.7954904101 0.8650855026 0.8730213399 0.6644144099 0.4124825967 0.6119807221 0.5968990073 0.6456014829 0.5385565164 0.1483419380 0.5790215053 0.0329633965 0.7009103488 0.5181506698 0.8326090932 0.5150490811 0.1126479405 0.4898100018 0.5103490267 0.0484996820 0.8143514189 0.3846584081 0.6376563667 0.4521223872 0.1439819984 0.4130778315 0.2470325391 0.4067665741 0.0174566032 0.7175967492 0.5737211819 0.8129470133 0.5826822513 0.4467425218 0.4773614227 0.9951648479 0.0587232434 0.0742604300 0.6407663308 0.5972797603 0.2226023680 0.2197878357 0.6302431569 0.9235127172 0.7379385055 0.4628522496 0.4385617978 0.8505864459 0.9526622519 0.9489108245 0.8990861279 0.7670136703 0.3335692321 0.5367424942 0.2191360575 0.4775512309 0.9498203262 0.4661685966 0.8843178050 0.9672769294 0.1837653453 0.4580389864 0.7802239423 0.7664475971 0.9047815082 0.2575853645 
0.7616124445 0.9635047521 0.3318457945 0.4023787749 0.5607845120 0.5544481629 0.6221666106 0.1910276684 0.4779608797 0.3601051156 0.6538799180 0.9165226775 0.2106915611 0.6065421694 0.8654335015 0.1097776886 0.3735558397 0.1990027331 0.6465201833 0.5926918972 0.6765539640 0.5963405089 0.0588604934 0.5608717685 0.5636174379 0.2426258387 0.0189107549 0.3438413797 0.0090734353 0.9236922632 0.6014267442 0.7706858803 0.8871970148 0.9332725391 0.1730646548 0.4479815264 0.4877207016 0.7952312659 0.6390091947 0.9656815813 0.1553363810 0.2928891127 0.8822042583 0.3660279426 0.8994312821 0.7476377593 0.4758056311 0.2729871214 0.9466404924 0.1223258139 0.8656790186 0.6231944564 0.7186663229 0.9245395120 0.1840662245 0.2822837603 0.1671653507 0.2029769794 0.6261251399 0.1762387860 0.1266692426 0.2275518841 0.9469246664 0.0138662569 0.1608244228 0.1199893212 0.4618477837 0.6485451244 0.9152205870 0.1008569780 0.6142267052 0.0705569676 0.3937460908 0.4964309630 0.4365849101 0.2931773729 0.2440687219 0.9123905417 0.5661644943 0.1907092138 0.0347163552 0.4318435129 0.8139036702 0.7533826785 0.3563830244 0.9979698951 0.0356664383 0.5235483751 0.2009468741 0.6617915787 0.6997871616 0.3276161167 0.8893434628 0.6467118276 0.3414823740 0.0501678852 0.7667011487 0.8033301578 0.6987130096 0.6819217353 
0.9041871358 0.3129397143 0.7524787033 0.2979332266 0.8093706774 0.1890636129 0.5911105995 0.0534393988 0.1014541542 0.1572750933 0.2441486126 0.1361705098 0.5891186062 0.0580522828 0.8895531883 0.9455016311 0.0560221775 0.9252196266 0.4690500058 0.2569690516 0.5870112048 0.1688371669 0.5845851687 0.4763546672 0.8155489950 0.9260675427 0.5265225524 0.5822501432 0.7293977000 0.2252355615 0.2641718785 0.6335848354 0.5381752758 0.0166505813 0.9315180620 0.3475459527 0.2057141942 0.5226286610 0.4009853515 0.3071683488 0.6799037548 0.6451339646 0.4433388586 0.2690223606 0.7031862474 0.3328920465 0.2145239912 0.7592084248 0.2581116726 0.6835739974 0.0161774759 0.8451228779 0.8524111644 0.6007626446 0.3214775446 0.6679601589 0.5268301868 0.8480000975 0.2502103021 0.2562278864 0.0732356585 0.5143821805 0.8898127223 0.6114109348 0.5310327618 0.8213307838 0.9589568875 0.7367469560 0.3439594448 0.3599422389 0.0439153044 0.0238631992 0.0050762030 0.4872541630 0.2928855597 0.7082624504 0.8201462095 0.5074095514 0.4674708748 0.0782578821 0.1909835484 0.4836483507 0.9233807600 0.0433947123 0.0844109953 0.2448583042 0.7113548716 0.6112411821 0.0928584012 0.9615651737 0.8674690690 0.1660940601 0.4759473537 0.7572817908 0.7775049949 0.0069801151 0.5786125742 0.7364618819 0.7437270711 0.9225720190 
0.0964041204 0.7876423759 0.9464352182 0.1014803234 0.2748965385 0.2393207779 0.8097427738 0.0950427480 0.7467303294 0.2772136481 0.1733006300 0.9377138777 0.7608619992 0.0966813895 0.9811085900 0.8452729945 0.3415396937 0.6924634612 0.4565141762 0.4343980953 0.6540286344 0.3239832447 0.6004921555 0.1299759877 0.0812650351 0.3779971499 0.1369561027 0.6598776098 0.1144590313 0.8806831743 0.5824496283 0.2108631522 0.6683255498 0.5288848465 0.3123434756 0.9432220882 0.7682056244 0.1220862493 0.0382648357 0.5149359533 0.3992998974 0.2115654658 0.4526498306 0.1601618962 0.3082468553 0.4337584201 0.0054348903 0.6497865495 0.1262218813 0.4619490669 0.0841846443 0.7802505157 0.7859323117 0.6846767998 0.9102265038 0.8671973473 0.0626739492 0.0471826061 0.5270749566 0.1771329805 0.9278657804 0.1095245844 0.3879961327 0.5961913297 0.6384094309 0.7003396087 0.5394134179 0.4066150549 0.8224258580 0.5776782537 0.9215510082 0.2217257550 0.7892437199 0.3742008383 0.3818876517 0.0974905747 0.8079592589 0.3873225420 0.7472771242 0.9341811402 0.8492716089 0.8314617685 0.7144316555 0.6352039206 0.5161385678 0.6246581588 0.5024012674 0.5788125170 0.6718407654 0.0294762235 0.7559454980 0.5997065453 0.1390008080 0.1439416302 0.1958978750 0.7774102393 0.8442812389 0.7353112929 0.1840252938 0.6667070965 
0.3129895461 0.1055763020 0.8884328519 0.1022332656 0.4797771403 0.2703205032 0.1997238408 0.2877363988 0.6576430451 0.9470009650 0.2219175385 0.5069146541 0.7784627335 0.9363491945 0.1421185742 0.2946013009 0.5610073528 0.6445198416 0.8734138184 0.2328481177 0.6739960651 0.6293593159 0.8325546635 0.8129968731 0.7733009461 0.0284525380 0.5904071120 0.6175821850 0.7637638309 0.7744324062 0.2842892810 0.0767533766 0.8800087082 0.1727221325 0.1789866426 0.3597858480 0.4430426357 0.3787104834 0.6475222472 0.1006856808 0.3257114479 0.8694397858 0.6076003348 0.1041741809 0.8057889798 0.7497189090 0.3987754823 0.3667963326 0.3942387502 0.2721893002 0.5996444503 0.0682348148 0.9015486161 0.4321991133 0.8812316879 0.6748495617 0.4606516512 0.4716387999 0.2924317463 0.2244154817 0.2460712056 0.5767210278 0.3011688587 0.1260799133 0.7494431603 0.4801555013 0.4858657613 0.1924857959 0.8588659846 0.1333880081 0.2931714767 0.1845774321 0.0028277938 0.9007718116 0.2887516135 0.8086167736 0.6504907201 0.6875270958 0.1754131057 0.0447294698 0.9597163959 0.7750575565 0.1129642847 0.8612650115 0.2072566693 0.9941959726 0.5361145728 0.6679083210 0.4658347720 0.8285463195 0.8923238026 0.7119059776 0.4052673468 0.1934926609 0.8379858908 0.1547105066 0.6736481621 0.3238516521 0.3471963025 0.5325141463 
0.4572396602 0.6403677792 0.7170915789 0.4600674540 0.5411395903 0.0058431919 0.2686842276 0.1916303100 0.6933702876 0.4440973333 0.2363597798 0.6530866831 0.2191548893 0.3493240645 0.5143516942 0.4264115591 0.3435200371 0.0504662665 0.0943198796 0.8093548090 0.8790125860 0.9866436822 0.5212607866 0.2842799324 0.1801363431 0.3592466770 0.4389904395 0.8537845052 0.6830983291 0.7861867420 0.3862986515 0.1403379893 0.4265545213 0.1033902299 0.6004054433 0.9676941116 0.1092334218 0.8690896709 0.1593244216 0.8026037094 0.3131870042 0.3956842015 0.4556903920 0.5323418935 0.7450082664 0.9700420862 0.9587534526 0.0885283030 0.0205083522 0.0530733317 0.8978831120 0.8995209387 0.0397170140 0.4191438981 0.1838008706 0.2198533570 0.7783905756 0.6227913101 0.0736378618 0.4614889042 0.4089780522 0.4599365133 0.6018268934 0.8355325734 0.5633267432 0.2022323367 0.8032266846 0.6725601650 0.0713220071 0.9625511062 0.4751638740 0.3845090114 0.3582353077 0.9308542660 0.9168509054 0.1032435736 0.9008963517 0.8756043575 0.1917718766 0.9214047044 0.9286776897 0.0896549882 0.8209256427 0.9683947037 0.5087988868 0.0047265128 0.1882480603 0.2871894619 0.6275178234 0.2618859221 0.7486783661 0.0364958751 0.7218224358 0.3505052595 0.8720284486 0.2851491786 0.5527375962 0.6752551327 0.9577093441 0.6240596034 
0.6378062389 0.4328732176 0.0085686147 0.9960415466 0.3637274836 0.9254195201 0.0992851197 0.2646238349 0.8010238771 0.2910569963 0.1860285388 0.7297015664 0.3807119845 0.0069541810 0.6980962696 0.8895108713 0.0116806943 0.8863443299 0.1767003327 0.6391985177 0.1482302519 0.9253786993 0.6756943928 0.8700526878 0.2758839583 0.5477228409 0.1552018659 0.8286215546 0.2229779732 0.1129112095 0.4526811575 0.8607842121 0.5457844276 0.4612497722 0.8568257582 0.9095119112 0.3866692918 0.9561108779 0.1741357456 0.1876931690 0.2471678738 0.3601642849 0.9173947353 0.6278798588 0.3671184659 0.6154910049 0.5173907296 0.3787991602 0.5018353343 0.6940910629 0.0179976774 0.6500655863 0.6194697617 0.6936920703 0.5201182736 0.8953537200 0.2414149108 0.6753201399 0.7239752741 0.4643928844 0.7882313495 0.1766564311 0.3251770960 0.3340157766 0.6379062038 0.1820028542 0.2435276873 0.0245754952 0.1381137316 0.4176634333 0.2122686641 0.3852816058 0.7778277182 0.1296633995 0.0131614641 0.1449461836 0.7451544044 0.5305521938 0.5237453443 0.2469897383 0.2246432562 0.5417430217 0.8970553251 0.8441130178 0.2354350920 0.4171735982 0.7394667374 0.4768500028 0.0924937376 0.4634420110 0.9412428871 0.8807250875 0.6400984426 0.2664199831 0.2147408636 0.2780046460 0.4484228373 0.4582685514 0.3025801411 0.5865365689 
0.8759319847 0.5148488057 0.9718181747 0.6537597024 0.6445122052 0.9849796388 0.7987058860 0.3896666092 0.5155318326 0.3224512298 0.6366563475 0.7401750887 0.8641942520 0.5337116721 0.5842881066 0.0996293435 0.9508852707 0.3237548435 0.5764793463 0.0433790079 0.7871968550 0.5177222334 0.9241040954 0.4272952971 0.7841422166 0.1388449590 0.7052999431 0.2325650534 0.5971135104 0.0078800838 0.8191016222 0.4730454946 0.5227288895 0.7909197969 0.1268051966 0.1672410942 0.7758994353 0.9255110826 0.5569077034 0.2914312674 0.2479623124 0.1935640509 0.0316063562 0.1121565640 0.7272757230 0.6158944627 0.2117859075 0.6781609932 0.9396493062 0.7882652538 0.7215400016 0.7268461607 0.3059874868 0.6456440965 0.1541414574 0.0901297029 0.7844890555 0.8594414004 0.3226947562 0.3816025655 0.8673214847 0.1417963785 0.8546480601 0.3900503737 0.9327161754 0.9814532567 0.5572914684 0.7086156102 0.9069643393 0.1141991714 0.0000468777 0.1549266512 0.3077632223 0.0316532338 0.2670832152 0.0350389453 0.6475476966 0.4788691227 0.7131999385 0.5871970023 0.2671343760 0.4347399396 0.3140431630 0.5731218632 0.0803840361 0.4681846204 0.6632515661 0.8648730916 0.3276260208 0.9859463228 0.2464756571 0.1949475050 0.1277427008 0.1011237167 0.5849978787 0.0604588758 0.0825769734 0.1422893466 0.7690744860 0.9895413127 
0.2564885184 0.7691213637 0.1444679634 0.5642517407 0.8007745975 0.4115511786 0.5992906860 0.4483222936 0.8904203013 0.3124906245 0.0355192959 0.1575546768 0.7472305641 0.3495624589 0.7306765400 0.8276146002 0.8177470792 0.3939281061 0.6924876919 0.1453730996 0.3798744284 0.9389633489 0.3403206045 0.5076171292 0.0400870652 0.9253184837 0.5680760050 0.1226640386 0.0676078298 0.3371504905 0.1122053508 0.3240963483 0.1062718542 0.2566733143 0.8883480895 0.9070464517 0.6682244929 0.4876387750 0.3553687452 0.5586447937 0.8001293995 0.3908880411 0.7161994710 0.5473599637 0.7404504999 0.4468760106 0.3749745634 0.5581975787 0.8408041167 0.0674622548 0.7035706787 0.2206785447 0.0064256033 0.0438912828 0.7282956740 0.0465126690 0.9692097665 0.2963716785 0.1691767076 0.0368175963 0.6335221695 0.2813820589 0.3609139446 0.7397940237 0.5380553731 0.2492620336 0.6468404749 0.2062798660 0.7369008091 0.0022092196 0.7649246597 0.5370302082 0.3930972607 0.4811241303 0.0843901714 0.1335477601 0.9280001414 0.4593647353 0.6917453393 0.7688042576 0.5268269901 0.3953160175 0.9894828028 0.5332525938 0.4392073003 0.7177784763 0.5797652628 0.4084170667 0.0141501548 0.7489419704 0.4452346631 0.6476723243 0.0303240288 0.8061486077 0.3874663475 0.5683794024 0.0554106413 0.0343068219 0.7746592685 0.7923114504 
0.0365160420 0.5395839277 0.3293416581 0.4296133027 0.0207080580 0.4137318299 0.5631610633 0.9487081994 0.8730965652 0.2549064021 0.7175124566 0.3999235548 0.6502224196 0.7069952589 0.9331761487 0.0894297194 0.4247737352 0.5129414110 0.4978467862 0.4389238900 0.2618833814 0.9430814492 0.0865962138 0.2922074102 0.7492300569 0.4740625613 0.8605868127 0.8046406982 0.5083693832 0.6352460806 0.5969521481 0.5448854252 0.1748300084 0.9262938061 0.9744987283 0.1955380664 0.3400256356 0.5376597911 0.1442462654 0.2131222003 0.7925661932 0.8617587219 0.6130457556 0.4427886123 0.5687539808 0.5462219038 0.5322183317 0.9935277160 0.0591633148 0.0300651179 0.4324516055 0.3210466962 0.9731465671 0.5190478193 0.6132541064 0.7223766235 0.9931103806 0.4738409191 0.5270173212 0.5014797633 0.1090869993 0.1239694688 0.0463651885 0.2839170076 0.0502632750 0.0208639163 0.4794550741 0.3902889105 0.5585237074 0.6237013394 0.6034111113 0.3510899001 0.4854600613 0.2164568665 0.7938785124 0.0542140417 0.7626787702 0.3260968436 0.0477417573 0.8218420850 0.3561619615 0.4801933628 0.1428887807 0.3293085286 0.9992411821 0.7561428876 0.0516851517 0.9923515622 0.2299838063 0.5787024734 0.4938313251 0.3390708055 0.7026719422 0.5401965135 0.6229878136 0.7529352171 0.5610604298 0.1024428872 0.1432241277 0.1195841367 
0.7261442271 0.7466352390 0.4706740368 0.2116042879 0.9630921054 0.2645525487 0.2658183297 0.7257708752 0.5906493927 0.3135600869 0.5476129602 0.9468113542 0.7937534497 0.6905017410 0.2761198824 0.7929946314 0.4466446282 0.3278050345 0.7853461931 0.6766284344 0.9065075079 0.2791775178 0.0156992399 0.6091794496 0.8193740318 0.6386870535 0.3621146667 0.3804344611 0.7411299407 0.5053387943 0.5000185983 0.4672741673 0.2519740328 0.9706926350 0.6788784553 0.2150661378 0.2352451837 0.9446967849 0.9408370130 0.8258945764 0.2582568714 0.4884499728 0.7727059302 0.0520103206 0.1789517138 0.0488258125 0.8450049520 0.6255963420 0.3766308471 0.6303511446 0.3022247764 0.2831383544 0.9095286629 0.3179240163 0.8923178040 0.7289026942 0.9566110698 0.2544324702 0.1093371548 0.6977410101 0.7597712645 0.6093557531 0.1650151774 0.0117452969 0.5800483881 0.8438936327 0.2268114347 0.8152935718 0.7885904176 0.1676484478 0.6411881478 0.0468472885 0.6560984206 0.4138940775 0.0988576096 0.8350501344 0.4627198900 0.9438625616 0.4606464763 0.8393507371 0.5742137062 0.7628712527 0.1224890911 0.4837423686 0.0807952686 0.0148068951 0.2126450623 0.0374063379 0.2692393652 0.3219822172 0.7351473480 0.0290106298 0.9313379707 0.9001625254 0.0407559267 0.5113863584 0.7440561581 0.2675673618 0.3266799298 0.5326465753 
0.4352158096 0.9678680776 0.5794938638 0.0913142297 0.3817621546 0.6783514734 0.9263643645 0.8444820451 0.6222140350 0.3870108404 0.6838327817 0.1964277407 0.1498820927 0.8063218732 0.6801701093 0.2306773612 0.8211287683 0.8928151717 0.2680836992 0.0903681331 0.2147973884 0.0032310467 0.1193787628 0.1461353587 0.9033935726 0.1601346900 0.6575217171 0.6474497303 0.4277020518 0.9842016469 0.1800963051 0.8629178614 0.9520697240 0.7595901688 0.9542320911 0.3338318785 0.4379416422 0.8805964551 0.1783139232 0.0601556767 0.2676072951 0.8621467049 0.2565834174 0.4174893878 0.6684685776 0.9367535268 0.6481667490 0.4895973455 0.8295686980 0.9162504482 0.5799654790 0.0443660859 0.9194814954 0.6993442419 0.1905014451 0.8228750675 0.8594789318 0.8480231622 0.4703247973 0.2871809831 0.8322248090 0.6504211024 0.1500988440 0.7842945325 0.4100112707 0.1043309351 0.1181264106 0.8479529130 0.9849273902 0.2964403337 0.9081085897 0.2525346853 0.1585870386 0.1646920066 0.6700240731 0.8270556162 0.1014455329 0.3181908221 0.3166529617 0.9310142309 0.2344412698 0.8966184407 0.9753803173 0.1539227647 0.5959626821 0.1658817619 0.9767978322 0.4554416139 0.0139049236 0.4471226290 0.7426225970 0.8461297326 0.0975437309 0.8927214415 0.6304242651 0.5075550021 0.9970523766 0.7485506757 0.3555079146 0.9819797664 
0.0449910094 0.2636165043 0.2345144512 0.2035780480 0.4283085109 0.9045385248 0.0306336638 0.5297540443 0.2227293464 0.3472866255 0.4607682747 0.4571706161 0.2439050657 0.4361485915 0.6110933812 0.8398677482 0.6020303534 0.5878912129 0.2953093617 0.6159352775 0.0350138419 0.0379319582 0.4620650096 0.1325575729 0.9306533998 0.0924892743 0.6401125750 0.9277057759 0.8410399504 0.9956204900 0.9096855423 0.8860309598 0.2592369939 0.1441999931 0.0896090074 0.6875455047 0.0487385174 0.1202426712 0.2172995485 0.2714678637 0.4675292971 0.6780678237 0.7286384803 0.7114343628 0.1142164148 0.3397318611 0.5513021106 0.7162467687 0.9276230740 0.8466114722 0.3321820457 0.9626369159 0.8845434309 0.7942470553 0.0951944888 0.8151968302 0.8867363301 0.7353070638 0.7429026061 0.7277762800 0.7309275534 0.6525881480 0.6138072394 0.9901645472 0.7967881410 0.7034162468 0.6777100520 0.8455266589 0.8236589179 0.8950096005 0.1169945221 0.2911882146 0.5730774238 0.8456330024 0.0026225774 0.6872938390 0.1853648630 0.5539246879 0.4035406073 0.1129879370 0.4005361602 0.7357226530 0.0756248525 0.2850795906 0.5299697078 0.1708193413 0.1002764204 0.4167060374 0.9061264055 0.8431790265 0.1444823170 0.6370539584 0.4957671741 0.7582895564 0.6272185057 0.2925553151 0.4617058027 0.3049285572 0.1380819735 0.2853647206 
0.1999381572 0.2550764956 0.5765529352 0.7730155814 0.1007094980 0.5791755126 0.4603094200 0.2860743610 0.1331002005 0.8638500273 0.3990622980 0.5336363607 0.5995726798 0.4746871509 0.8187159513 0.1295423872 0.6455064922 0.9189923717 0.5462484251 0.5516328973 0.7621713983 0.6907307420 0.1886868557 0.2579385719 0.4490202984 0.8159053614 0.5504938870 0.9107261011 0.1208339180 0.6885758604 0.1960908213 0.3207720752 0.9436523565 0.7726437569 0.0937876562 0.0443618540 0.3518192691 0.5540970762 0.3304362150 0.4849194696 0.4179471030 0.7294985134 0.0185558298 0.0175197823 0.2041856638 0.8372717811 0.1470621699 0.8496921560 0.7562641528 0.6933105950 0.4013250533 0.5184355506 0.3840413365 0.5900119089 0.7763741225 0.8330616350 0.4059172698 0.3268680094 0.7437877360 0.5267511879 0.0154438694 0.9398785573 0.8475232631 0.9590962259 0.7125223138 0.9413109198 0.0034580794 0.0643415829 0.4954079955 0.3338942948 0.5492610524 0.9133550990 0.0633928078 0.5678168827 0.9308748813 0.2675784716 0.4050886633 0.0779370508 0.1172706271 0.1613528156 0.7712476457 0.5185956804 0.6797883663 0.1552889823 0.1086075889 0.4561624888 0.9883506172 0.5145248587 0.7830304982 0.7321383528 0.0412760461 0.7984743676 0.6720169101 0.8887993097 0.7575705935 0.3845392235 0.8301102290 0.7610286729 0.4488808063 0.3255182241 
0.0949229673 0.9981418592 0.2388733226 0.1583157751 0.5659587414 0.1697482039 0.4258942466 0.9710474047 0.2476852547 0.5431648742 0.1324002203 0.0189329004 0.0617605541 0.8121885866 0.1742218827 0.1703681434 0.2683510749 0.1625724994 0.6848930021 0.0513815726 0.8947108527 0.7261690487 0.8498559407 0.5667277624 0.6149683579 0.6074265338 0.9512669858 0.4450785864 0.3684552062 0.4001477921 0.7705968105 0.4633781740 0.3982896509 0.0094701331 0.6216939490 0.9642483922 0.1792183370 0.0475881957 0.9352957965 0.4269035917 0.5907530699 0.0676960163 0.4458364921 0.6525136240 0.8798846034 0.6200583748 0.8228817674 0.1482356778 0.7826308747 0.5077747696 0.1996172509 0.6773417269 0.2339438178 0.0494731912 0.2440694888 0.8489121757 0.6568997249 0.1953364742 0.2939907616 0.0253549307 0.5954842663 0.0645875717 0.4887331047 0.9937739172 0.0740577048 0.1104270537 0.9580223090 0.2532760418 0.1580152494 0.8933181054 0.6801796340 0.7487683193 0.9610141218 0.1260161256 0.4012819428 0.8408987247 0.7460745008 0.2241637102 0.9891344029 0.5287053750 0.7319384798 0.1887516534 0.2060471015 0.9658822976 0.2382248446 0.4501165903 0.8147944728 0.8951245695 0.6454530645 0.1087852340 0.9204795002 0.2409373309 0.1733728057 0.4092126048 0.2347112476 0.2474305109 0.5196396585 0.1927335566 0.5007065528 0.6776549079 
0.0860516616 0.1808861863 0.4264232267 0.0470657828 0.3069023124 0.8277051695 0.8879645080 0.0529768127 0.0518688793 0.8770989105 0.5816821878 0.7838073591 0.0658505634 0.7877292893 0.7496896562 0.3040754079 0.2378458792 0.5644841285 0.1991999770 0.8832989437 0.6732693625 0.1196794767 0.1242362741 0.8466421686 0.5288920815 0.3589475222 0.0940726791 0.0485317395 0.5516810788 0.5947792319 0.7261866474 0.6377327403 0.7756654186 0.1526098736 0.6847985232 0.0825677305 0.9803150436 0.5727630307 0.1355445432 0.0321839224 0.4498619407 0.7172267310 0.8159912819 0.5157125040 0.5049560198 0.5656809376 0.8197879120 0.7428018990 0.1301650662 0.0189878885 0.6261008422 0.8034344287 0.1386673656 0.7503371168 0.6500765968 0.6675594471 0.1092846385 0.7441492759 0.7160911871 0.6609657172 0.3389285078 0.4422778340 0.2986984571 0.1145939259 0.5948877081 0.9834969803 0.1971616564 0.5752027512 0.5562600110 0.3327061996 0.6073866736 0.0061219512 0.0499329302 0.4233779551 0.5218344557 0.5548889500 0.9890588932 0.3416223672 0.2976908485 0.1192239589 0.3606102561 0.9237916907 0.9226583875 0.4992776217 0.6741288070 0.5727349844 0.1668370684 0.7834134455 0.3168842598 0.8829282554 0.4443791623 0.6558127676 0.3252060895 0.7430776193 0.7704066936 0.9200937976 0.7265745996 0.9675683500 0.4952965484 0.2828346101 
0.3002745492 0.1026832215 0.2889565613 0.3502074794 0.5260611770 0.8107910169 0.9050964294 0.5151200697 0.1524133841 0.2027872774 0.6343440286 0.5130236403 0.1265789681 0.5570024157 0.0123012615 0.8007077751 0.1297373996 0.1791383299 0.5841212206 0.4466216599 0.0620665853 0.0285003823 0.1024344271 0.3872726748 0.7715780021 0.8728411211 0.3073664719 0.4981526013 0.8404094706 0.8026630202 0.7809872114 0.1406840198 0.9053462417 0.0699437722 0.4908914992 0.4314074183 0.8807347896 0.3959879286 0.9465274880 0.0331481733 0.5987752059 0.5808715162 0.5461718135 0.7253541740 0.1378739319 0.5584730751 0.5260619491 0.2676113314 0.7376114050 0.1101831692 0.7142329913 0.7996779903 0.1386835515 0.8166674188 0.1869506646 0.9102615537 0.6895085395 0.4943171365 0.4084141545 0.5299180097 0.2969801562 0.1894013654 0.6706020295 0.2023263980 0.2593451381 0.1614935287 0.6337338163 0.1400799272 0.5574814573 0.5802613043 0.1732281005 0.1562566628 0.1611328200 0.7193999140 0.8816108372 0.2990067519 0.2778729886 0.4076727859 0.5666180838 0.0154843931 0.5178559551 0.2808510746 0.8151623839 0.6565395066 0.0975184930 0.0021130480 0.5668010603 0.7870270325 0.4964301849 0.9752152148 0.3169450421 0.7934103412 0.1646165802 0.9875470716 0.9957367391 0.4239617183 0.1490405999 0.6294705554 0.5640416455 0.7065220572 
0.2097318593 0.7372697460 0.8627787204 0.3708646793 0.4566696596 0.7443895572 0.6698714316 0.7345426482 0.1520623426 0.2364895149 0.7500270413 0.6699182976 0.5173405896 0.5651894247 0.3264578038 0.6148590830 0.5673024732 0.8932588640 0.4018861150 0.0637326576 0.8684740788 0.7188311572 0.8571429988 0.0330906585 0.7063782288 0.8528797379 0.4570523768 0.8554188287 0.4823502928 0.0210940219 0.5619408859 0.6920821521 0.7583637679 0.4247196058 0.0629468309 0.2150334270 0.1691091625 0.7328182625 0.9495760752 0.3211715051 0.9693077775 0.6996031160 0.9910898027 0.4866483670 0.2647925407 0.3175476060 0.1015074496 0.8320950139 0.2108064700 0.5033935646 0.8958276715 0.0792805483 0.2222247218 0.7529706698 0.1123712068 0.9286029506 0.6058504072 0.5694235836 0.7840217789 0.0882006996 0.5905176055 0.3459626643 0.7802828517 0.3488813729 0.7706822701 0.8432296830 0.5639147999 0.9397914326 0.5760479451 0.5134908746 0.2609629371 0.5453557226 0.2130939901 0.2520527394 0.0320040891 0.4778865308 0.5696003458 0.1335115387 0.3099815442 0.7804068158 0.6369051033 0.2058092152 0.8596873641 0.8591298251 0.9587798854 0.9720585709 0.7877327752 0.5646302922 0.5414821541 0.5717545541 0.6528309922 0.1319997591 0.9177172184 0.4331138434 0.4808811319 0.6883994884 0.2763435260 0.0447959313 0.6281909205 0.8523914716 
0.5582868059 0.8891538581 0.3977471936 0.7713807960 0.1412065970 0.4297512828 0.2492673268 0.7108069429 0.5632628214 0.5592488710 0.4912137582 0.2001679243 0.7650580866 0.3509011219 0.0592977493 0.7238379716 0.3229596924 0.8470305246 0.2884682632 0.8644418464 0.4187850782 0.9412992554 0.9964416055 0.3365022965 0.3744130988 0.4773227370 0.0249017845 0.6507566248 0.5221186683 0.6530927050 0.5031480959 0.0804054737 0.5422465627 0.9008952896 0.8517862702 0.6834531602 0.3306465719 0.1010535965 0.3942601026 0.8939093933 0.6603024675 0.8854738613 0.0940773176 0.4253605536 0.2363749827 0.1533750669 0.1491985247 0.5593346756 0.0004055910 0.4376667884 0.4237765215 0.4191906696 0.3789660434 0.4202181270 0.7556929662 0.7533791423 0.8975408640 0.7805947507 0.4041357671 0.4196595323 0.4336874552 0.9072838630 0.5000650061 0.9759340184 0.8081791526 0.3518512758 0.6593871781 0.1388257240 0.4529048723 0.0536472802 0.0327351173 0.1132073398 0.9391211415 0.1268124348 0.5385678935 0.1754961243 0.2801875017 0.6877664186 0.7348307999 0.2805930927 0.1254332066 0.1586073209 0.6997837623 0.5043992500 0.5788254480 0.4554767280 0.2577783923 0.4763663120 0.2360714782 0.6619141594 0.8960258443 0.6697589339 0.5691980219 0.3960908500 0.6456929518 0.3773771740 0.7479421262 0.3050801294 0.5162028985 0.2008469981 
0.3587274097 0.5489380157 0.3140543379 0.2978485512 0.6757504505 0.8526222319 0.4733446755 0.9559379522 0.5403886500 0.2081754749 0.2365310445 0.6658218567 0.3667827958 0.9363148072 0.1702211062 0.9456082443 0.3917915348 0.4279994985 0.4219745558 0.6278630135 0.0899136574 0.3180003997 0.2976219469 0.6591116798 0.7140912496 0.9433148987 0.0364888534 0.4620333754 0.2483950277 0.5526917519 0.6628803740 0.6071224374 0.1016297671 0.9769347119 0.9049709886 0.7773802177 0.8295569433 0.3783156636 0.7333181695 0.3699455929 0.5864911385 0.9698492144 0.0357674491 0.9532739348 0.9061640212 0.2059885558 0.8988821785 0.2979555555 0.6339880543 0.3208567339 0.9258185690 0.7239017122 0.6388571335 0.2234405154 0.3830133916 0.3529483827 0.1667554137 0.4195022450 0.8149817585 0.4151504414 0.9721939973 0.4778621320 0.0222728788 0.0738237640 0.4547968434 0.9272438674 0.8512039822 0.2843537867 0.3055595310 0.5845221512 0.6542993796 0.8920506695 0.5543713651 0.6900668292 0.8453246038 0.4605353859 0.8960553850 0.7442067818 0.7584909418 0.5300434388 0.0650635152 0.6843095104 0.2539451505 0.7039206488 0.9077500263 0.6369585421 0.0568690314 0.0745054395 0.0564607871 0.8718507899 0.4896558814 0.0286547840 0.3497129215 0.5119287602 0.1024785480 0.8045097649 0.4391726271 0.9536825302 0.0888635512 0.7447321581 
0.5382046814 0.7431629313 0.6367828276 0.0925760461 0.4332297600 0.4821074309 0.5531114324 0.3292851445 0.2263142128 0.3116023738 0.8593285833 0.2913777280 0.9959118841 0.1132737338 0.9952983772 0.9036619099 0.7502322759 0.0521674082 0.9781673499 0.8066930630 0.9240181981 0.4678232309 0.8353478470 0.2737311191 0.9797519911 0.9378263955 0.0782408836 0.4189246178 0.8915089252 0.1671044352 0.1636567759 0.4297136061 0.9102673665 0.8004396035 0.5222896526 0.3434971261 0.2825470340 0.0754010845 0.6727822706 0.5088612468 0.3870034583 0.5321108534 0.8002389752 0.3829153419 0.6453845872 0.7955373520 0.2865772519 0.3956168631 0.8477047602 0.2647446013 0.2023099257 0.7717229579 0.7325678322 0.0376577727 0.0454540765 0.7123198228 0.9754841681 0.1236949601 0.1312444402 0.8669930929 0.2907993953 0.2949012161 0.2967066990 0.2010667614 0.0953408191 0.8189963516 0.5445638874 0.3778878536 0.8943974361 0.2173461575 0.8867491004 0.2814008939 0.7494570113 0.6869880751 0.6643162359 0.3948415981 0.4825254267 0.9508934878 0.7904584612 0.3302301864 0.2156380886 0.9927683873 0.1019531438 0.9482059208 0.0304261595 0.1474072203 0.6605257432 0.0059103272 0.2711021808 0.7917701838 0.8729034201 0.5619015761 0.0866713995 0.1696101186 0.7629683380 0.1820122191 0.9886064702 0.3075322249 0.5599000727 0.8830039058 
0.5248783829 0.4466491726 0.1644047993 0.2743353938 0.1336372477 0.8287210357 0.6691769919 0.6161626743 0.7796145230 0.4596354530 0.9463928612 0.9952526120 0.4524038399 0.0483460045 0.9434585324 0.4828299994 0.1957532252 0.6039842756 0.4887403266 0.4668554060 0.3957544590 0.3616437462 0.0287569817 0.4824258585 0.5312538652 0.7917253197 0.6644380776 0.5198603349 0.0992575447 0.2243381498 0.4028642408 0.6241359276 0.6709873228 0.5672690401 0.8984713214 0.8046245704 0.3959900753 0.5676483128 0.4207872443 0.1756045982 0.0272837654 0.3671801050 0.1708572098 0.4796876053 0.4155261099 0.1143157417 0.9625176047 0.6112793352 0.7183000174 0.4512579308 0.0781347407 0.1140544760 0.8129016775 0.1068917225 0.5964803349 0.3441555422 0.8986170426 0.2609184120 0.8640158772 0.9978745873 0.4852565622 0.2668801175 0.6220105144 0.1562438845 0.8341491580 0.5204818354 0.9608684550 0.2301392328 0.0881301477 0.3816556988 0.4057438310 0.1154139136 0.7488358043 0.5766010408 0.5951015188 0.1643619138 0.6909167830 0.5576191235 0.7756412489 0.4092168000 0.0088770539 0.8537759897 0.5232712764 0.8217787313 0.9606677121 0.1197516108 0.1659342731 0.8592847543 0.3806700229 0.0299501503 0.8571593412 0.8659265851 0.2968302678 0.4791698551 0.0221704692 0.1309794253 0.9996516905 0.9830389242 0.3611186586 0.0877818382 
0.3646946230 0.7668624896 0.2031957517 0.1135304268 0.3434635305 0.7982972706 0.2778923406 0.0343803130 0.3559163936 0.0535335890 0.4435971130 0.3647934479 0.9073095787 0.9668683894 0.1865721788 0.8679772904 0.0866199998 0.3525064524 0.7272620447 0.4672900231 0.3824566027 0.5844213854 0.3332166077 0.6792868705 0.0635912405 0.3553870774 0.8102662963 0.0632429305 0.3384260011 0.1713849544 0.1510247687 0.7031206240 0.9382474441 0.3542205204 0.8166510508 0.2817109741 0.1525177910 0.0945433910 0.3160912871 0.5084341846 0.1480769800 0.7596884006 0.8732276325 0.0553865582 0.7265567895 0.0597998114 0.9233638490 0.8131767897 0.4123062638 0.6506258932 0.2804668123 0.7947628665 0.2350472781 0.6136834201 0.4740497365 0.2986385186 0.9690704974 0.2843160323 0.3618814495 0.3074964985 0.4557009868 0.5129062182 0.0106171221 0.3939484308 0.8671267391 0.8272681734 0.6756594049 0.0196445296 0.9218115643 0.9917506925 0.5280787142 0.0698885443 0.7514390926 0.4013063467 0.1252751025 0.4779958816 0.4611061581 0.0486389511 0.2911726708 0.8734124218 0.6992648443 0.5716394831 0.6681752879 0.9343121228 0.1853229032 0.1422250239 0.2329506410 0.1543934001 0.4265410567 0.5948320905 0.4618898986 0.8822420434 0.1077383087 0.4725070211 0.2761904738 0.9748650477 0.2997751941 0.9518498792 0.9945095773 0.2215867579 
0.9436005712 0.5225882910 0.2914753022 0.6950396633 0.9238946377 0.4167504052 0.1730355444 0.3850007953 0.4653893562 0.4642082157 0.2584132167 0.1646542005 0.0358476984 0.9265885045 0.0989663229 0.2211706015 0.0688135284 0.3319169638 0.3755640021 0.4953545851 0.9267490548 0.8374539008 0.3775966281 0.0344873630 0.3099609214 0.6537871024 0.0093524102 0.6097361155 0.6056369811 0.0038619870 0.8313228739 0.5492375519 0.5264502780 0.1227981756 0.2442772147 0.4503449157 0.5395485808 0.4173127592 0.8353457110 0.0049379370 0.8815209749 0.0937589277 0.1695921375 0.9173686737 0.0203474318 0.2685584604 0.1385392748 0.0891609602 0.6004754242 0.5141032769 0.5845155453 0.5272244786 0.3515571777 0.9621121739 0.5617118415 0.6615180991 0.6158992758 0.5710642517 0.2712542146 0.2215362565 0.5749262388 0.1025770880 0.7707738084 0.1013765168 0.2253752636 0.0150510226 0.5517214325 0.7649238448 0.4323637818 0.3870671431 0.7698617819 0.3138847567 0.4808260708 0.9394539194 0.2312534299 0.5011735030 0.2080123793 0.3697927046 0.5903344632 0.8084878036 0.8838959820 0.1748500085 0.3357122821 0.2354531592 0.1369621820 0.8974241237 0.8969712583 0.7528614578 0.4684883754 0.1682254724 0.9743977142 0.0434146137 0.2708025604 0.7451715221 0.1447911305 0.4961778244 0.7602225448 0.6965125630 0.2611016688 0.1925863261 
0.0835797061 0.0309634502 0.5064710828 0.5644057768 0.9704173696 0.7377245127 0.0655792794 0.1784297485 0.1075172173 0.6559137430 0.9869175521 0.9914131993 0.8307637516 0.3226298337 0.2268663581 0.9677259335 0.2200539574 0.1238376159 0.7205873908 0.6885423328 0.2920630888 0.6949851046 0.7319569465 0.5628656491 0.4401566263 0.8767480775 0.0590434731 0.2003791706 0.5732606401 0.3201451419 0.3929654967 0.6568403461 0.3511085922 0.8994365800 0.2212461230 0.3215259613 0.6371610922 0.2868254023 0.4999557098 0.7446783095 0.9427391453 0.4868732619 0.7360915084 0.7735028964 0.8095030956 0.9629578665 0.7412288295 0.0295570525 0.0867954824 0.4618162198 0.7180993854 0.3788585711 0.1568013239 0.4500563319 0.9417242203 0.5969579502 0.3268044090 0.0007676934 0.7973371208 0.9000650490 0.3209128353 0.1903026175 0.5569053951 0.6720214280 0.0897391970 0.7781515181 0.9935473893 0.7269002892 0.0649769199 0.4935030991 0.4715785987 0.0077160653 0.9803763609 0.2076701066 0.7812189617 0.7898794561 0.1706279731 0.5224477912 0.8194365091 0.2574234555 0.9842640110 0.5375358940 0.6362820266 0.1410653350 0.9875922259 0.5780062464 0.7380232852 0.3143966344 0.5787739398 0.5353604059 0.2144616834 0.8996867756 0.7256630234 0.7713670785 0.5717082031 0.8154022204 0.5495185962 0.5652555919 0.5423025091 0.6144955161 
0.0587586905 0.0138811073 0.6222115814 0.0391350510 0.2215512144 0.4034305431 0.8290145075 0.3921791876 0.9258783343 0.6484510161 0.6496026431 0.9101423448 0.1859869096 0.2858846692 0.0512076793 0.1735791355 0.8638909156 0.7892309650 0.4879757699 0.4426648554 0.3245913705 0.7024374533 0.3423516305 0.0502543934 0.4738045314 0.9140598336 0.8656566138 0.0233231271 0.4793154250 0.4079591224 0.6378186437 0.5380741160 0.4218402302 0.2600302246 0.5772091670 0.6433914446 0.6634607677 0.4062236740 0.0355706318 0.5893391015 0.0546746897 0.6851732748 0.4994814463 0.2406615998 0.9710579440 0.5506891257 0.4142407353 0.8349488591 0.3399200902 0.9022165052 0.2776137140 0.6645114607 0.6046539585 0.6199653445 0.7147658540 0.0784584894 0.5340251776 0.5804224674 0.1017816170 0.0133406026 0.9883815902 0.7396002606 0.5514147186 0.4102218200 0.9996304852 0.1286238852 0.0536132641 0.6630912529 0.5348475597 0.0891838959 0.2524303539 0.5895222493 0.7743571707 0.7519118002 0.8301838491 0.7454151142 0.3026009259 0.2444245840 0.5803639728 0.6425210161 0.1466410892 0.8579776873 0.3070324768 0.7512950477 0.4779430313 0.0217983304 0.8297535371 0.0119682089 0.6022207982 0.9315351541 0.0253088116 0.5906023879 0.6711354142 0.5767235302 0.0008242074 0.6707658994 0.7053474154 0.0544374716 0.3338571518 0.2401949746 
0.1436213675 0.5862875057 0.8297172244 0.9179785382 0.3381993060 0.6599010730 0.6633936519 0.6408002319 0.9043256575 0.2437576243 0.2833212476 0.0509667462 0.1017353111 0.5903537244 0.8022617939 0.5796783429 0.6121520552 0.6320153305 0.5916465519 0.2143728529 0.5635504846 0.6169553635 0.8049752409 0.2346858984 0.1936788932 0.8057994483 0.9054517978 0.8990263086 0.8602369199 0.2393089492 0.1392212832 0.0038582869 0.8255964554 0.9689385076 0.9218368251 0.1637957609 0.6288395802 0.5852304765 0.8045959928 0.5331652372 0.8289881008 0.0879172399 0.5841319834 0.9307234124 0.6782709647 0.3863937768 0.5104017549 0.2904230195 0.0184091074 0.1020483063 0.5047958724 0.5819595920 0.7190036698 0.3097711128 0.8166454904 0.9126825630 0.1155705606 0.7220972882 0.8117088712 0.9758074805 0.9614062374 0.9509301544 0.9796657674 0.7870026924 0.9198686615 0.9015025920 0.9507984533 0.5487082417 0.4867330680 0.7553944456 0.0818734784 0.3157211683 0.8433116860 0.6660054623 0.2464445803 0.5215826503 0.0523992386 0.7568463351 0.8120056697 0.0708083460 0.8588946414 0.3168015416 0.6527679379 0.5778983108 0.6265726544 0.4694134283 0.4905808733 0.7421432150 0.1915107161 0.3022897445 0.7179506951 0.1529169530 0.2532198984 0.6976164620 0.9399196459 0.1730885600 0.5991190535 0.8907180987 0.7217968016 0.0858521210 
0.6461125443 0.8036702801 0.4015732894 0.4894242298 0.4696757418 0.6480178701 0.0110068796 0.5220749809 0.4048642048 0.8230125493 0.5928833269 0.2637588462 0.1398140905 0.2456512648 0.8416571570 0.7663867449 0.7150646931 0.3322380303 0.5085299595 0.9065754092 0.6345277748 0.2264806541 0.0594923618 0.8877476733 0.9240971161 0.9994120076 0.0608362328 0.5232161691 0.8901301063 0.7826330344 0.6090682901 0.5362426501 0.5863033145 0.0106415791 0.0256668795 0.0559790558 0.6586594492 0.0366737591 0.5780540367 0.0635236539 0.8596863085 0.1709373636 0.3272825001 0.9995003990 0.4165886284 0.1689396567 0.7658871434 0.1316533210 0.5011776870 0.2744171025 0.0382287298 0.1357054613 0.5008977565 0.0977210915 0.0234531346 0.4249948721 0.0971330991 0.0842893673 0.9482110413 0.9872632055 0.8669224022 0.5572793309 0.5235058551 0.4532257162 0.5679209100 0.5491727346 0.5092047721 0.2265803591 0.5858464938 0.0872588088 0.2901040131 0.4455328018 0.2581961724 0.6173865132 0.4450332003 0.6747848008 0.7863261699 0.2109203433 0.8064381219 0.2875038568 0.4853374457 0.8446668516 0.4232093182 0.9862352023 0.9423879431 0.4466624527 0.4112300740 0.0395210418 0.5309518206 0.3594411148 0.0267842468 0.3978742223 0.9167204457 0.5502901019 0.8510999386 0.4846413552 0.0994628361 0.3603047102 0.7112217144 0.6853093299 
0.4475635190 0.0013257270 0.1308421312 0.7057596914 0.6187122402 0.5758753315 0.3805444918 0.4050384101 0.7867956747 0.1869826131 0.6925422669 0.2721331200 0.0316494643 0.1157515846 0.2583683218 0.9740374079 0.5624140378 0.6695983958 0.0135584492 0.0933658579 0.0290395101 0.0403426965 0.4912400802 0.9457599558 0.5906327984 0.3423400183 0.4304013110 0.6900956350 0.7026447285 0.1416230249 0.3754049644 0.1502082474 0.1429487523 0.5062470960 0.8559679388 0.7616609925 0.0821224270 0.2365124306 0.1666994021 0.8689181022 0.4234950437 0.8592416690 0.1410512217 0.4551445085 0.9749932540 0.3994195440 0.4291819159 0.5374072914 0.0690179393 0.4427403651 0.6307731493 0.0980574498 0.4830830616 0.1220132290 0.0438174051 0.0737158601 0.4643532473 0.4742187161 0.7638114950 0.1669979753 0.6158417415 0.1392164590 0.3172062227 0.7587904938 0.6454635550 0.1731741615 0.5204514859 0.7275859824 0.4096865921 0.6871508885 0.5965040841 0.8331816359 0.5463925570 0.7375553058 0.2883261439 0.5213858106 0.1369748493 0.7175080598 0.0587931015 0.2059927891 0.1602484249 0.6895662507 0.3040502389 0.6433314866 0.8115794797 0.3478676441 0.7170473466 0.2759327266 0.8220863607 0.4808588412 0.4429307023 0.4379281017 0.6200753006 0.7601369250 0.1967185951 0.2655388551 0.9333110866 0.7171700810 0.9931248375 0.3429976782 
0.4043209690 0.5896289212 0.1761793141 0.9507135264 0.3271842270 0.4645054580 0.4720993365 0.4641590763 0.1820135178 0.5308924385 0.6701518654 0.3422619427 0.2204586888 0.9742021044 0.9855934293 0.0320381685 0.3220697485 0.7026407759 0.3079708951 0.1441561087 0.1834996167 0.7509015974 0.5820842104 0.8035749173 0.5110385225 0.7788028055 0.0691137724 0.4443496086 0.4959728860 0.0622386094 0.7873472873 0.9002938554 0.6518675311 0.9635266014 0.8510073814 0.9790517581 0.4280320590 0.3231067175 0.4432108339 0.6100455768 0.8539991560 0.1133626993 0.9523075195 0.0744578448 0.0875648032 0.9379009488 0.1064960133 0.4096345517 0.6405417242 0.4144669084 0.5537906604 0.8240413409 0.1653685058 0.1358748703 0.6276162582 0.6764070283 0.9146776758 0.6967300306 0.1207566364 0.4106505618 0.7589686400 0.9081039237 0.3109444167 0.4108361706 0.8716305247 0.1619517976 0.3898879282 0.2996625836 0.4850585151 0.8330987626 0.9097081604 0.3390576711 0.9464614619 0.8620156799 0.4135155158 0.0340262647 0.7999166282 0.5200115291 0.4436608168 0.4404583520 0.9344784375 0.9974514772 0.2644996924 0.0998469429 0.1333263475 0.8921159505 0.7762539712 0.0480040228 0.5888459806 0.8970106081 0.4586545846 0.3478146206 0.8051145313 0.7695990013 0.7586507913 0.6767450560 0.9315507989 0.1485387195 0.9764076397 0.4166093140 
0.9816374821 0.8861157996 0.7556669851 0.9280989435 0.7481314790 0.1691825004 0.9621252082 0.5480481067 0.6891940295 0.4057860246 0.9885064587 0.6236724665 0.4032375018 0.2530061511 0.7235194099 0.5365638493 0.1451221011 0.4997733806 0.5845678721 0.7339680822 0.3967839882 0.0432224567 0.0817827024 0.2018985195 0.8128214580 0.8404334936 0.8786435755 0.7443722569 0.9889722131 0.8550512147 0.1609815704 0.9706096947 0.7411670139 0.9166485555 0.8987086378 0.4892984929 0.0858310555 0.8608338460 0.0373465992 0.7750250850 0.2666198701 0.0258530579 0.3986975511 0.6698573719 0.2788592089 0.1222169605 0.2064212208 0.4239813101 0.6219903415 0.7909890934 0.1579493918 0.0187743292 0.8342115501 0.2397320942 0.2206728487 0.6470330077 0.0801655879 0.0993164238 0.3914052641 0.0691378005 0.9543676385 0.5523868345 0.0397474952 0.6955346524 0.4690353896 0.9384561330 0.1848331449 0.5548664450 0.7992899785 0.2221797440 0.3298915296 0.0659098486 0.2480328019 0.7285890811 0.7357672205 0.5268920108 0.8508060416 0.9421884417 0.9508733214 0.4727963826 0.7331775346 0.1088227127 0.4915707123 0.5673890843 0.3485548074 0.7122435610 0.2144220915 0.4287203953 0.8115599853 0.6058273560 0.4978581958 0.7659276234 0.1582141901 0.5376056910 0.4614622753 0.6272495802 0.4760618240 0.6462954202 0.1821160247 0.2753518020 
0.8684751647 0.5120075548 0.3412616506 0.1165079661 0.2405966354 0.0770288711 0.6433999774 0.0914026765 0.0192173123 0.5942732983 0.5641990595 0.7523948470 0.7030960110 0.0557697714 0.3197839308 0.0516508180 0.7680133324 0.5342060223 0.4803712133 0.5795733172 0.1400333779 0.9782294095 0.3455009406 0.2982475684 0.5158351001 0.8069632160 0.9254971486 0.9918969241 0.4532586362 0.1076131729 0.2672487261 0.3217338004 0.6196207277 0.6085103767 0.4382417665 0.8602173630 0.6855392478 0.0816417435 0.9516200400 0.7047565601 0.6759150418 0.5158190990 0.4571514067 0.3790110528 0.5715888704 0.7769353375 0.4306618708 0.3396022023 0.3111413598 0.9110330846 0.9191755200 0.4511747376 0.8892624936 0.2646764602 0.7494223061 0.4050975933 0.0716396757 0.6749194542 0.3969945174 0.5248983118 0.7825326276 0.6642432435 0.8466321122 0.4021533548 0.2727536197 0.2848738787 0.2623707178 0.9582928680 0.3665156222 0.2139907573 0.6630494276 0.0424306640 0.7298098564 0.1202008343 0.4214417168 0.3013987263 0.8971361718 0.8521035876 0.6410009287 0.2082775311 0.7631366717 0.5601764482 0.6594522692 0.6523991649 0.8248529084 0.4088745748 0.0574967582 0.8964925846 0.0837940290 0.4544912756 0.4213908959 0.8663266566 0.1187345186 0.2680230081 0.2684800109 0.3914881383 0.5528968869 0.5308507288 0.3497810058 0.9194125090 
0.7448414861 0.0128304334 0.9618431730 0.4746513420 0.1330312677 0.3832848893 0.7760500683 0.0301674390 0.2353884770 0.4170509970 0.2384449706 0.9985251487 0.9772274452 0.8978972397 0.6509243137 0.8020803536 0.3067718140 0.7084210719 0.6985729377 0.3905658430 0.1629123470 0.1199638332 0.2568924992 0.2816468656 0.3879868413 0.5253725106 0.6731350039 0.9408837282 0.0562232388 0.0229160097 0.8602962372 0.8010647254 0.0357464431 0.8221394098 0.2757160670 0.1687777108 0.2054242991 0.0517661353 0.1989451499 0.4408127761 0.4688171323 0.4373901204 0.4393379243 0.4460445770 0.3352873597 0.0902622375 0.2481249302 0.6420591742 0.7986833094 0.9466978679 0.0326250168 0.9615956563 0.0666617011 0.2895175164 0.2432425214 0.4546485424 0.8148900270 0.9163775257 0.3955322706 0.8711132658 0.9392935354 0.2558285074 0.6721779907 0.9750399785 0.0779679167 0.9478940582 0.1438176889 0.2833922157 0.9996601935 0.3427628387 0.7242049918 0.4684773253 0.7801529596 0.1635429161 0.9145219023 0.1154403189 0.2538051537 0.1626468325 0.7574994931 0.0524884630 0.1093446999 0.7901245103 0.0140841189 0.1760064010 0.0796420263 0.2573266408 0.6306549439 0.8945320532 0.1737041660 0.0261872141 0.7656453186 0.1129977010 0.2820157214 0.4378233093 0.0880376790 0.3599836381 0.3857173670 0.2318553679 0.6433758543 0.3853775600 
0.5746182066 0.3675808457 0.8538548853 0.3547711658 0.5311237618 0.7683767871 0.4702114852 0.7849289159 0.9310236196 0.2277109778 0.8374173789 0.0403683195 0.0178354876 0.8515014978 0.2163747205 0.0974775139 0.1088281381 0.8470296645 0.9920095671 0.2825323042 0.8732168786 0.7576548856 0.3955300052 0.1552325995 0.1954781945 0.4835676842 0.5152162381 0.5811955615 0.7154230521 0.1585920919 0.9665731215 0.2900412587 0.5261729376 0.8204280063 0.6448124245 0.0572966994 0.5888047929 0.1150239092 0.8422256153 0.5198284125 0.3427348874 0.6796429938 0.5601967320 0.3605703750 0.5311444912 0.7765714525 0.4580478894 0.6399726298 0.6236011170 0.4500574560 0.9225049340 0.4968179951 0.2077123412 0.3180349392 0.6520505951 0.4031905357 0.8016026233 0.1672668327 0.9843860972 0.5170256754 0.3258589247 0.9509592182 0.8070669341 0.8520318623 0.7713872240 0.4518793581 0.9093285617 0.3601920169 0.5669032678 0.7515541766 0.8800204293 0.9096381552 0.4311971699 0.4402171608 0.2702085298 0.9623416615 0.2167886129 0.7282564192 0.6023142909 0.8403897299 0.1783138752 0.5248192244 0.3372077250 0.3860262164 0.8428541635 0.9892583201 0.7892167525 0.6444567869 0.1565251523 0.7736028492 0.1614824618 0.4823840770 0.7245620674 0.9685493959 0.3344159389 0.4959492909 0.4204287536 0.2437445006 0.8561413078 0.9873320213 
0.9952986771 0.7361617366 0.8969701761 0.4264958470 0.1763788970 0.1671787059 0.3888375081 0.3931675103 0.8954351251 0.9911517990 0.2335572397 0.0737489998 0.5159710229 0.5707649647 0.4597752166 0.3588251864 0.5600232843 0.2489919687 0.0032819728 0.7165484367 0.0225948175 0.1647644346 0.1989325132 0.7471568849 0.1333138301 0.5333484525 0.2431061758 0.5537425836 0.7770929531 0.0992474831 0.5410746050 0.7723916298 0.8354092202 0.4380447806 0.1988874763 0.0117881168 0.6052234865 0.5877249844 0.4049556271 0.5006586115 0.5788767829 0.6385128673 0.5744076113 0.0948478058 0.2092778316 0.0341828275 0.4536729923 0.7693011164 0.2831747962 0.4569549651 0.4858495525 0.3057696141 0.6217193998 0.6847820662 0.0529264985 0.7550332298 0.2181305183 0.2960326743 0.3087758130 0.9952234714 0.3952801579 0.8498504180 0.7676151007 0.2306893776 0.2878951986 0.9665025775 0.2424774944 0.8931186851 0.5542275615 0.6474331220 0.3937772961 0.1331043444 0.2859459889 0.9681849079 0.2279521503 0.4952238204 0.0023677349 0.6816251425 0.2645249363 0.2855425315 0.1385801072 0.7503744893 0.5913121456 0.7602995070 0.4351565551 0.6442386441 0.5153327363 0.6532870734 0.9402713189 0.8241085493 0.6485105444 0.3355514763 0.6739589673 0.4161256447 0.5662408539 0.9618541659 0.3826282217 0.8087183483 0.8549728505 0.9368557837 
0.4561514698 0.2487501466 0.0699601276 0.7420974587 0.2169350540 0.2979122779 0.2373212791 0.2193027889 0.9795374204 0.5018462155 0.5048453205 0.1181175272 0.2522207043 0.0961574656 0.8784170341 0.6873772595 0.7403961102 0.3937497700 0.3406643324 0.6806674286 0.2178583188 0.9891748768 0.0162189044 0.8918172861 0.4053005215 0.5824597583 0.8536714515 0.7879287432 0.3911781061 0.7086443020 0.7247845264 0.8473295764 0.9573944486 0.7947446540 0.5894270346 0.1743295021 0.0926569314 0.8267483138 0.3936322911 0.0721943514 0.3285945292 0.8984776120 0.1903118785 0.5808152336 0.9946350777 0.0687289122 0.2681924930 0.7350311874 0.4624786821 0.6088568254 0.4156986156 0.6803370014 0.5980317023 0.4319175200 0.5721542870 0.0033322233 0.0143772778 0.4258257385 0.7912609665 0.4055553844 0.1344700400 0.5160454928 0.2528849604 0.0918644881 0.3107901464 0.8423119950 0.2661939903 0.4034470783 0.6690603088 0.6598262813 0.4756414296 0.9976548380 0.5583038929 0.6659533087 0.5784700711 0.5529389705 0.7346822208 0.8466625641 0.2879701575 0.1971609030 0.4555193896 0.7036687735 0.8774979044 0.0535510914 0.1355862930 0.4496521910 0.0568833147 0.1499635713 0.8754779295 0.8481442811 0.5555189557 0.0099479691 0.3641897735 0.8084039161 0.1018124572 0.6749799203 0.6507159107 0.3680064475 0.0784269981 0.3197762190 
0.0278327288 0.5540684278 0.3174310566 0.5861366217 0.2200217360 0.8959011281 0.1390755918 0.9547039573 0.7425636918 0.4270457497 0.1518648598 0.1980830809 0.1307145227 0.0293627638 0.2516341723 0.2663008157 0.4790149548 0.3085174869 0.4162643870 0.3544928843 0.1566617681 0.9717833428 0.3644408534 0.5208515416 0.7801872584 0.4662533111 0.1958314614 0.4309031691 0.8342597586 0.2742584596 0.7506793881 0.8620924874 0.8283268878 0.0681104446 0.4482291091 0.0483486234 0.9640115728 0.5873047009 0.0030525802 0.7065752641 0.0143504501 0.1549174400 0.9046583455 0.1450649729 0.1842802037 0.1562925173 0.4113657891 0.6632951590 0.4648100047 0.8276301761 0.0177880428 0.6214717727 0.7994135189 0.3822288962 0.1423233138 0.5796007768 0.8484822073 0.3381547757 0.0105039454 0.6827419660 0.6124132353 0.7611833339 0.5448344529 0.4407401227 0.8292937786 0.9930635621 0.4890887465 0.7933053508 0.5803682630 0.4921413267 0.4998806145 0.5947187131 0.6470587671 0.4045389595 0.7397836865 0.8313389708 0.5608314772 0.1511494751 0.4946341293 0.0256414814 0.9787796512 0.5124221721 0.6471132541 0.7781931696 0.8946510688 0.7894365679 0.3577939465 0.7431332757 0.1275913432 0.3682978919 0.4258752411 0.7400045789 0.1294812253 0.9707096945 0.1807447011 0.9587750039 0.9637732562 0.6698334476 0.7520803543 0.5441415187 
0.1619747743 0.2519609687 0.1388602318 0.8090335414 0.6564999282 0.8786439183 0.6403725118 0.2173314049 0.0297933929 0.1350066411 0.2429728863 0.0085730436 0.6474288132 0.8900861404 0.7867662137 0.5420798816 0.6795227084 0.1445601597 0.2852131572 0.8071140516 0.5128580516 0.7110883983 0.5471186300 0.6423392774 0.6817980924 0.7278633317 0.6011142808 0.6455713486 0.3976967788 0.3531946351 0.1897128668 0.5596715531 0.6051556038 0.3285730986 0.3687050940 0.2616555315 0.2072170164 0.0090776058 0.4789869368 0.2370104092 0.1440842469 0.7219598231 0.2455834533 0.7915130601 0.6120459636 0.0323496666 0.3335929417 0.2915686715 0.1769098263 0.6188060989 0.0986827226 0.6897678779 0.3298944967 0.6458013531 0.3321071548 0.0116925892 0.3736646843 0.9332214361 0.6572639377 0.7713614631 0.2864160707 0.8469768045 0.3310330162 0.8915716744 0.1755499030 0.6997381103 0.1532272055 0.3827669194 0.7088157161 0.6322141423 0.6197773291 0.8528999630 0.3541739655 0.8653607824 0.6444130231 0.9662199290 0.8977104490 0.9780059648 0.2577886001 0.0746202749 0.5968120632 0.3564713226 0.7643881528 0.9267065599 0.0022726753 0.0964953076 0.9383991491 0.3759373596 0.0297167432 0.5956630863 0.1472988227 0.3161328138 0.4426398908 0.4783318390 0.2077044878 0.6181897938 0.1780699488 0.3609316933 0.0009567128 0.8868856653 
0.9931458360 0.6207340418 0.7397856278 0.3473198010 0.4860948238 0.3841986504 0.3135397296 0.3838052723 0.3622046147 0.5713283297 0.4584255472 0.9590166779 0.9277996523 0.2228137000 0.8857232378 0.9300723280 0.3193090075 0.8241223864 0.3060096872 0.3490257507 0.4197854728 0.4533085099 0.6651585645 0.8624253636 0.9316403488 0.8728630524 0.4806151569 0.1097102976 0.2337947452 0.4815718697 0.9965959629 0.2269405807 0.1023059115 0.7363815902 0.5742603818 0.5884007353 0.1205802407 0.8878001114 0.9722060081 0.4827848554 0.4591284406 0.4306315549 0.4418015333 0.3869280929 0.6534452548 0.3275247707 0.3170004204 0.9727542624 0.1516471566 0.6230101076 0.3217800126 0.5714326294 0.0763186175 0.9869385771 0.4338579925 0.0079589658 0.8598016290 0.9144731494 0.1176692634 0.0935963742 0.3960450191 0.1142652259 0.3205369549 0.4983509306 0.8506468166 0.8947973372 0.0867516655 0.9712270573 0.7825974481 0.0589576732 0.4540119122 0.2417258887 0.4895892285 0.8958134455 0.6286539815 0.1430344829 0.2233382157 0.9456544020 0.1157887453 0.3749853728 0.5686645091 0.4375687579 0.9464180022 0.6449831266 0.4245073350 0.3802759947 0.6529420929 0.2843089636 0.2947491437 0.7706113564 0.3779053378 0.6907941628 0.8848765827 0.6984422932 0.1891450929 0.7355233988 0.5932396299 0.2758967589 0.7067504556 0.3758370776 
0.3348544321 0.1607623674 0.6175629662 0.8244436606 0.0565758129 0.2462169473 0.9674781440 0.2799140286 0.1918713489 0.0832668888 0.6548994014 0.7605358585 0.5208356467 0.6013174037 0.4055189846 0.9453429817 0.9815933984 0.0584610771 0.2296519453 0.2763425416 0.8290724339 0.6075572831 0.9671367048 0.7139490162 0.3059995758 0.1562817973 0.4494724145 0.8992392057 0.4321785562 0.1562228697 0.2750762833 0.7670329887 0.3169852371 0.8926392495 0.5914766489 0.3735610500 0.1388561968 0.5589547924 0.6534750791 0.3307275457 0.6422216811 0.3083744800 0.0912634037 0.1630573278 0.9096918837 0.4967823888 0.1084003090 0.8912852816 0.5552434658 0.3380522543 0.1676278232 0.3843158993 0.9456095379 0.1347645275 0.0982649150 0.2516091132 0.2910463248 0.5477373295 0.1508483189 0.7232248814 0.7039601992 0.4259246022 0.4902578697 0.0209454363 0.3185638512 0.0817345181 0.3945064863 0.4574200481 0.6406893109 0.0479815649 0.7881475942 0.2829109916 0.3563560454 0.8794109979 0.4459683194 0.2660479286 0.3761933862 0.5543686289 0.1573332102 0.9314368525 0.8924208832 0.3249610333 0.3157527513 0.8380304206 0.4597255608 0.4140176668 0.0896395338 0.7507718856 0.9617549963 0.2404878527 0.4739967666 0.6657151955 0.6664124549 0.9642546363 0.6866606319 0.9849763061 0.0459891544 0.0811671177 0.4423963541 0.6866784653 
0.1291486831 0.2305439479 0.9695894569 0.4855047285 0.1099549453 0.4155577763 0.7515526571 0.4861483320 0.9699264052 0.9088858673 0.4175851841 0.8623472880 0.2338469002 0.7333379354 0.7003777086 0.6935724610 0.1473556017 0.7900172424 0.4443443466 0.1091105980 0.0305050947 0.9183411132 0.7748257936 0.6969175496 0.8825957495 0.4614864250 0.6818938552 0.9285849039 0.5426535427 0.1242902089 0.6152633688 0.6718022258 0.3548341567 0.5848528252 0.1573069539 0.4647891025 0.0004106010 0.9088596114 0.9509374345 0.9703370062 0.8177454783 0.3685226181 0.8326842942 0.0515923784 0.1018605531 0.5330620024 0.7451648394 0.2492161553 0.3230792444 0.1895091856 0.3583267533 0.3535843391 0.1078502988 0.1331525464 0.0505018882 0.9904460483 0.5946389714 0.7323957434 0.9190309518 0.1372925137 0.8566859527 0.5342943201 0.8090947400 0.2115201090 0.1191471448 0.9664016939 0.6763092115 0.1195577463 0.8752613048 0.6272466456 0.0898947521 0.6930067831 0.9957692637 0.9225790463 0.7445991616 0.0976298168 0.4556410482 0.4897640005 0.3468459720 0.7787202926 0.6792731866 0.7051727254 0.1323046312 0.7871234854 0.8383252718 0.1828065194 0.7775695332 0.4329642427 0.9152022632 0.6966004845 0.5702567564 0.7718882155 0.2308948041 0.3793514959 0.9834083244 0.3500419489 0.3457531898 0.6597175359 0.4695996952 0.2210144942 
0.2869641810 0.5594944477 0.9140212773 0.2827334447 0.4820734935 0.6586204384 0.3803632615 0.9377145422 0.1483844389 0.7272092336 0.7164348344 0.8276576255 0.4323819584 0.8487394661 0.6147811104 0.2707072297 0.0315459850 0.3923506431 0.7036714725 0.9467482483 0.0889511272 0.2739282284 0.7186364633 0.3198459313 0.6532797248 0.7020447877 0.6698878802 0.9990329146 0.3617623231 0.1394875753 0.2200474084 0.6487265041 0.6989820230 0.1340686856 0.9314599489 0.1810555161 0.7926891240 0.3118232099 0.1187700579 0.9410735629 0.0390324430 0.8352048927 0.7687311879 0.4714144014 0.6839443583 0.3835122978 0.7421216312 0.7154903434 0.7758629409 0.4457931032 0.6622385917 0.8648140681 0.7197213321 0.3808750545 0.1846599989 0.3730010564 0.0829198417 0.8545478796 0.3720339706 0.4446821648 0.9940354549 0.5920813790 0.0934086689 0.6930174775 0.7261500646 0.0248686173 0.8740729936 0.5188391886 0.3366918277 0.9928430519 0.4599127511 0.3757242706 0.8280479442 0.2286439390 0.8471386725 0.5119923020 0.6121562368 0.5892603032 0.2274826449 0.3880191778 0.0350534064 0.8897212366 0.2528332454 0.7547747385 0.2705962911 0.4374932449 0.1277757944 0.3535161327 0.2920411240 0.4998097650 0.7981982980 0.2860765784 0.0918911435 0.8916069669 0.9790940559 0.8180412086 0.9164755842 0.8531670491 0.3368803967 0.2531674114 
0.8460101005 0.7967931478 0.6288916825 0.6740580442 0.0254370864 0.4760303546 0.1860503457 0.6375933237 0.0652906574 0.4135329912 0.0256125010 0.1003440638 0.3032542273 0.2784457464 0.8551188022 0.5738505184 0.7159389913 0.9828945966 0.9273666516 0.0079801148 0.4827043612 0.7255649491 0.2940566932 0.5745955052 0.6171719155 0.2731507487 0.3926367133 0.5336474993 0.1263177978 0.7295171100 0.7868149112 0.9723278982 0.5263102574 0.4157065933 0.6463859424 0.5517473442 0.8917369479 0.8324362882 0.1893406674 0.9570276052 0.2459692789 0.2149531684 0.0573716690 0.5492235066 0.4933989148 0.9124904712 0.1230740245 0.2093379061 0.8953850679 0.0504406756 0.2173180209 0.3780894286 0.7760056247 0.5113747146 0.9526849338 0.3931775398 0.7845254633 0.3453216466 0.9268250395 0.9108432610 0.0748387562 0.7136399502 0.8831711593 0.6011490140 0.1293465431 0.5295571012 0.1528963578 0.0210834905 0.3619933889 0.3422370252 0.9781110957 0.6079626682 0.5571901936 0.0354827643 0.1571861744 0.0505891079 0.9479732360 0.2802601989 0.2599270140 0.8433583033 0.3307008749 0.4772450353 0.2214477315 0.1067064992 0.9886197499 0.1741326652 0.4998840394 0.7731452127 0.5194543118 0.4267090785 0.6839884737 0.5942930684 0.1403490282 0.5671596325 0.1954420820 0.2696955713 0.0967167332 0.3483384398 0.2907790618 0.4587101221 
0.6905754650 0.2688901570 0.0666727899 0.2477656581 0.3043729217 0.2238589643 0.2983547660 0.2523461572 0.5041191636 0.5582817805 0.0957044601 0.8348200386 0.0355268154 0.3171521916 0.9415265377 0.0241465648 0.4912848568 0.4414105767 0.7972917775 0.0107391686 0.8681196551 0.4812802507 0.6050322371 0.0084686829 0.0484398827 0.8004743190 0.2781642542 0.1451566159 0.1488127583 0.5689433159 0.6038667385 0.8393882233 0.8378334734 0.6705395284 0.0871538809 0.1422063946 0.8943984932 0.3855086469 0.3945525519 0.3985176563 0.9437904274 0.4902570120 0.2333376944 0.9793172427 0.8074092035 0.1748642317 0.0034638071 0.2986940603 0.6162748088 0.8007555850 0.3094332289 0.4843944635 0.2820358352 0.9144654660 0.4928631468 0.3304757184 0.7149397846 0.7710274010 0.4756323343 0.8637525429 0.3399707169 0.0794990724 0.7031407658 0.1778041898 0.7500386013 0.7902946467 0.3200105845 0.6444370941 0.1758032931 0.7145631363 0.0429547499 0.1195937205 0.2048201478 0.2762924443 0.0989109627 0.0122293509 0.4511566760 0.1023747703 0.3109234112 0.0674314844 0.9031303552 0.6203566401 0.5518259483 0.1851661900 0.5348221057 0.0446890947 0.5156419084 0.2497618898 0.8157164957 0.9912742432 0.1135144323 0.1556872121 0.0707733152 0.8166551980 0.3334914019 0.8208119165 0.6069498442 0.6535019864 0.4652490101 0.7827531378 
0.3680651222 0.5082037600 0.9023468582 0.5728852700 0.7844962044 0.0012578205 0.5851146214 0.2356528804 0.1036325908 0.8960380326 0.3030843648 0.0067629456 0.5163946727 0.8549103131 0.1919291360 0.0512167779 0.8995994078 0.7075710444 0.3009786682 0.7153159034 0.6988452872 0.4144931004 0.8710031155 0.7696186028 0.2311482985 0.2044945174 0.5904305189 0.8380981427 0.8579965038 0.0556795290 0.6208512800 0.2260616260 0.5638832890 0.5231981378 0.7989468960 0.3483794934 0.5244559588 0.3840615169 0.5840323738 0.6280885495 0.2800995495 0.8871167385 0.6348514956 0.7964942222 0.7420270516 0.8267806316 0.8477110001 0.6416264589 0.5343516756 0.1486896678 0.3569423619 0.2331969627 0.5631827687 0.2279454773 0.0028155651 0.7943310671 0.4324399947 0.5932460840 0.6324292094 0.2904364980 0.6489256130 0.2532804894 0.5164981240 0.2128089020 0.7764786271 0.3154450200 0.5611883954 0.3009345854 0.6995065369 0.1452207687 0.9290231354 0.9796060864 0.0323375068 0.5638746305 0.7761003081 0.7743645584 0.3906552616 0.6238113081 0.4159910173 0.9250069372 0.7725009759 0.7729333792 0.1582038995 0.3356837441 0.0008788561 0.1610194646 0.1300148108 0.4333188508 0.7542655490 0.7624440206 0.7237553493 0.4031911615 0.0157245095 0.2402534728 0.6160000635 0.7922031366 0.5556984928 0.1771884585 0.0931377220 0.2552050297 
0.3224092272 0.0221608570 0.2348111157 0.3547467344 0.5860354875 0.0109114237 0.1291112924 0.9766907492 0.6347227318 0.5451023097 0.9016976859 0.4072237073 0.3180356889 0.0599015854 0.7429074518 0.3189145449 0.2209210499 0.8729222626 0.7522333962 0.9751865989 0.6353662827 0.4759887450 0.3783777605 0.6510907922 0.7162422178 0.9943778240 0.4432939288 0.2719407106 0.1715662825 0.5364316509 0.5271457404 0.4939755097 0.5585925079 0.7619568560 0.8487222441 0.1446279949 0.7728682797 0.9778335369 0.1213187436 0.4075910111 0.5229358461 0.0230164291 0.8148147188 0.8409715350 0.0829180144 0.5577221702 0.1598860799 0.3038390648 0.4306444323 0.9121194761 0.2790256633 0.0660107150 0.3881082206 0.6574034238 0.7171015072 0.1043504379 0.6517812478 0.1603954356 0.3762911485 0.8233475302 0.6968270865 0.9034368889 0.3173230394 0.2554195939 0.6653937449 0.1660452835 0.4000475888 0.4382620242 0.1438788200 0.5213663324 0.8458530357 0.6668146661 0.5443827620 0.6606677541 0.5077862011 0.6273007764 0.2183899238 0.6676722810 0.9311398412 0.6490343561 0.5797917566 0.2101655045 0.7150450711 0.9678999772 0.8675689282 0.4321465783 0.0722504147 0.5193501755 0.5925420139 0.4485415637 0.3426977053 0.2893691004 0.3519784521 0.6600207452 0.5447886943 0.0173721965 0.8260660287 0.9448362835 0.4556342212 0.9699448487 
0.4662026155 0.3014872564 0.6367595143 0.0105853770 0.9621550105 0.1445457149 0.6378861538 0.1805449339 0.8122179959 0.5690259945 0.8295792899 0.3920097521 0.7791914990 0.5446243610 0.3599097288 0.6467604272 0.9767709393 0.4321601439 0.1661106023 0.5693129527 0.8807017076 0.5088083081 0.8586820531 0.2326801593 0.1688290528 0.4034707474 0.2500523563 0.9948950815 0.3483070304 0.7056865775 0.9648399297 0.8145096459 0.0071738334 0.6015994435 0.8250950234 0.9693288440 0.7461451589 0.4629811768 0.1498737774 0.5583631543 0.0320071709 0.9794530673 0.9503729068 0.8111986703 0.5240774278 0.3102826352 0.4579590971 0.5008483666 0.7424427791 0.6240696994 0.0701613194 0.6231444863 0.1328780070 0.9288433725 0.8558246460 0.3017070598 0.3323141194 0.1058770018 0.2966021408 0.6806211498 0.8115635793 0.2614420700 0.4951307958 0.8187374127 0.8630415140 0.3202258187 0.7880662562 0.6091866724 0.7832069955 0.9379400336 0.1675498263 0.8152141663 0.9173931004 0.1179227327 0.6264128362 0.4414705282 0.4282053683 0.0843719328 0.9423188949 0.1706481470 0.7084416327 0.0124802138 0.7937926337 0.8413196396 0.9413235867 0.6496172793 0.1430266994 0.2736377056 0.7554942811 0.4396288402 0.9542588559 0.5670578599 0.7010709106 0.4493896512 0.3857952721 0.5641124242 0.7696154699 0.1738615279 0.1732990961 0.5528224649 
0.1118015610 0.3408489224 0.3680366307 0.0291946610 0.4587716555 0.9944494674 0.4706651892 0.8869770239 0.0788213998 0.4129840841 0.0576251704 0.7872630324 0.4254642978 0.8514178041 0.6285826720 0.3667878841 0.5010350829 0.7716093714 0.6404255902 0.2565293635 0.2112382111 0.5946844456 0.8235872233 0.9123091218 0.0440740963 0.2093824950 0.4764215455 0.8136895661 0.3832440229 0.6497206416 0.3665120305 0.4950455839 0.9905695645 0.7345486613 0.5242402454 0.4493412196 0.7289981282 0.9949054345 0.3363182430 0.8078195284 0.4078895181 0.3939434133 0.5950825604 0.8333538165 0.2453612174 0.2236652319 0.2001417001 0.7463963003 0.9952746034 0.8405672902 0.0029256637 0.2065128145 0.4352517354 0.8265128871 0.1188219358 0.4793258316 0.0358953821 0.5952434817 0.2930153973 0.4191394050 0.2449641229 0.6595274278 0.9141849894 0.2355336869 0.3940760891 0.4384252343 0.6848749065 0.1230742168 0.4333306683 0.0211931490 0.9308937452 0.8412201869 0.4151365629 0.5259763056 0.6745740029 0.6604977803 0.7496415375 0.8747157030 0.4068940801 0.7449161409 0.7152829933 0.4098197438 0.9514289554 0.1505347281 0.2363326308 0.0702508907 0.6298605602 0.2722280129 0.6654943724 0.9228759575 0.6913674179 0.9104584958 0.5824033854 0.6055524068 0.1459921823 0.9764794744 0.0439776406 0.8308670893 0.0995536908 0.4773083094 
0.8520602383 0.0304474360 0.3185284959 0.2671968007 0.5564237417 0.9931024988 0.9276945809 0.3060652787 0.8678182014 0.3345886610 0.0509814192 0.5831011942 0.7444084048 0.0024103741 0.7336359228 0.9807410356 0.0726612653 0.3634964825 0.2529690481 0.7381556377 0.2863724396 0.9443364665 0.6486141331 0.8687758250 0.5498888728 0.7946063158 0.8452552989 0.5938665139 0.6254734046 0.9448089902 0.0711748228 0.4775336424 0.9752564262 0.3897033187 0.7447304436 0.5316801674 0.3828058170 0.6724250241 0.8377454462 0.2506240179 0.0070136846 0.8887268658 0.8337252125 0.7514220899 0.8911372399 0.5673611348 0.7321631251 0.9637985052 0.9308576174 0.9851321736 0.7019541430 0.2172300565 0.9294686396 0.3505682756 0.0860058815 0.4793575120 0.1451745909 0.9312611804 0.0732240253 0.7706479955 0.8760701701 0.1443988481 0.2481816380 0.8513265959 0.5341021668 0.9929120815 0.3830067629 0.9169079838 0.6653371051 0.2207522091 0.1675320017 0.6723507902 0.1094790744 0.0012572138 0.4237728796 0.0006163139 0.5686183486 0.1559360042 0.9644148196 0.4994759655 0.1410681774 0.6663689621 0.7167060220 0.0705368165 0.0169372372 0.8027119035 0.5498943290 0.1621118286 0.7339730839 0.6231183543 0.9327598242 0.6100432536 0.7675172029 0.1809414617 0.4613698495 0.3016193692 0.1738535427 0.8443766124 0.2185273530 0.8391906483 
0.0651288210 0.3860593547 0.5115414381 0.1746078954 0.3873165685 0.9353143177 0.1752242098 0.9559349171 0.0912503214 0.1396390289 0.4554108821 0.2323184992 0.8060079910 0.1721169037 0.3028553158 0.8229452282 0.9748288076 0.8527496447 0.9850570569 0.7088018911 0.4758679990 0.9178168811 0.3188451442 0.2433852014 0.0987583423 0.7802149936 0.5450045706 0.2726118855 0.6245916060 0.7635319236 0.1118025333 0.6897204270 0.1495912779 0.6233439714 0.8643283229 0.5369078464 0.5586582886 0.0395525322 0.4928427630 0.6499086100 0.1791915610 0.9482536451 0.8822271092 0.9851995520 0.1203705487 0.1850824250 0.8081447798 0.0951993559 0.0378320692 0.7932018367 0.8040012470 0.5137000682 0.7110187172 0.1228463906 0.7570852697 0.8097770595 0.9030613848 0.3020898403 0.0823889445 0.5276529903 0.0656217635 0.1941914778 0.2173734169 0.2152130419 0.8175354492 0.0817017393 0.7521208882 0.3761937373 0.1212542714 0.2449636512 0.0261023473 0.3004458325 0.1932172958 0.9083294565 0.2856453840 0.3135878445 0.0934118811 0.0937901638 0.4087872004 0.1312439507 0.8869920005 0.2127884469 0.6449440190 0.5980107172 0.3356348380 0.4020292887 0.4077877763 0.2386962223 0.7041191290 0.4901767212 0.7663492126 0.7697408925 0.6843681991 0.9837226295 0.9849539343 0.5019036483 0.0654243687 0.7370748225 0.8780973856 0.1866786402 
0.9820384737 0.9041997329 0.4871244731 0.1752557690 0.8125291894 0.7727698571 0.4888436140 0.9059410705 0.8665600209 0.8976308144 0.0371850208 0.7535520209 0.1104192613 0.6821290402 0.3515627377 0.4460540993 0.0841583284 0.7593505144 0.6847503216 0.7882774574 0.2495272352 0.4510995338 0.5580183494 0.9338954342 0.4348221628 0.5429722837 0.4357990820 0.5002465316 0.2800471058 0.3138964676 0.6869251722 0.2620855790 0.2180962000 0.1740496448 0.4373413480 0.0306253890 0.9468195019 0.9261849620 0.9365664599 0.8133795228 0.8238157764 0.9737514807 0.5669315432 0.9342350377 0.6558805204 0.9184942813 0.3802891366 0.7400388488 0.6778447952 0.0650394578 0.5283163057 0.9273720304 0.5161389916 0.0863346551 0.8612674642 0.9509611544 0.6293069388 0.2970665462 0.4512076860 0.9093540445 0.6109630138 0.1381328577 0.1714396231 0.8290592138 0.3121825025 0.6087809711 0.8596846032 0.2590020039 0.5349659331 0.7962510627 0.0723815263 0.3587817090 0.7700025429 0.6393130699 0.2930167463 0.4258830633 0.5578073508 0.6733058829 0.1659219117 0.2356521456 0.7383453407 0.6942382179 0.1630241755 0.2544843318 0.7805728730 0.0242916392 0.2054454858 0.4098798113 0.3213581854 0.6566531717 0.3192338554 0.9323211992 0.7947860294 0.4906734785 0.7613804130 0.1069685314 0.0994544491 0.6210650157 0.3659705358 0.6344203822 
0.4173160779 0.4383520621 0.9932020912 0.1873186204 0.0776651316 0.2862188370 0.6132016837 0.6354724824 0.9595247200 0.7791235958 0.8711246279 0.6978700602 0.4733618132 0.0341488030 0.9523543920 0.2539346857 0.0584404427 0.1577998778 0.6638144970 0.3797986281 0.8144530495 0.9830483524 0.3121198273 0.6092390789 0.4737218304 0.0735002398 0.7162076103 0.5731762795 0.6945652555 0.0821781457 0.2075966616 0.1118813330 0.5205302083 0.2007987523 0.2991999533 0.5981953398 0.4870175898 0.9124016375 0.2336678222 0.4465423093 0.6915252328 0.1047924497 0.1444123695 0.1648870456 0.1389412531 0.0967667611 0.4188217313 0.1973816958 0.2545666388 0.0826362279 0.5771803239 0.0690196883 0.0656845798 0.8893001512 0.6782587672 0.5394064102 0.9628003910 0.3944663770 0.1125826892 0.6573656461 0.4766445232 0.3201793508 0.7692469790 0.9971747315 0.5209781036 0.0684469324 0.5953700708 0.0079956930 0.9808485699 0.8290378930 0.4545380024 0.6723738022 0.9338303432 0.5989503719 0.8372608478 0.0727715958 0.6957171334 0.2560825787 0.2701532916 0.9502837723 0.3387188066 0.8473336156 0.0193034601 0.4044033864 0.7366337668 0.6975622274 0.9438097966 0.6994341573 0.0920286044 0.0563924853 0.3567998034 0.5686731276 0.3765718366 0.1260467820 0.5658478586 0.8975499402 0.1944937143 0.1612179289 0.9055456332 0.1753422838 
0.9902558224 0.3600836351 0.8477160860 0.9240861651 0.9590340075 0.6849769334 0.9968577609 0.6547511405 0.9410595121 0.2670110521 0.6050349123 0.2797783181 0.1143446672 0.6243383729 0.6841817045 0.8509784340 0.3219005998 0.6279915006 0.5504125913 0.4139292042 0.6843839864 0.9072123947 0.9826023318 0.0609558225 0.0332591762 0.5484501899 0.9585057627 0.2277528910 0.7096681193 0.8640513955 0.4030951748 0.6999239413 0.2241350302 0.2508112608 0.6240101059 0.1831690372 0.9357881942 0.6208678664 0.8379201777 0.8768477062 0.8878789185 0.4429550899 0.1566260239 0.0022235853 0.0672934624 0.8408077289 0.8532020197 0.3891940622 0.4687992290 0.4036146106 0.8031232668 0.1531832149 0.3108270049 0.7857255981 0.2141390374 0.3440861811 0.3341757880 0.1726447997 0.5718390721 0.0438439069 0.0366961947 0.9749342473 0.7437678481 0.2608312253 0.2257455076 0.3677779536 0.4440002625 0.1615337013 0.9886458199 0.2819204402 0.0383814071 0.8765247380 0.7248755301 0.1950074314 0.8787483232 0.7921689925 0.0358151598 0.7319503425 0.1813630542 0.5046143888 0.1355649527 0.9844863210 0.6577976042 0.4463919576 0.7702119191 0.8719366416 0.7904781391 0.1043877067 0.0445814412 0.3623172107 0.1482316135 0.0812776359 0.3372514575 0.8919994616 0.3421088612 0.5629969652 0.2597774147 0.7861091242 0.7245306669 0.2484232342 
0.0680295639 0.7629120740 0.1249479717 0.7929050940 0.9579195054 0.0036962945 0.5850740860 0.9937346652 0.7356466375 0.7664371402 0.4983490540 0.8712115902 0.7509234612 0.1561466577 0.3176035477 0.5211353798 0.0280832988 0.1080816864 0.6255230865 0.0726647401 0.4703988971 0.7737547000 0.1539423764 0.8076503551 0.6657541612 0.4960512377 0.3706473198 0.9255315759 0.2821603614 0.0951779862 0.1739548096 0.3501899253 0.8580900607 0.2989027814 0.1430950189 0.8160095656 0.3025990759 0.7281691049 0.8097442308 0.0382457129 0.4946062451 0.3080932844 0.9094573035 0.2455297058 0.4642399421 0.2270608508 0.7666650856 0.4923232410 0.3351425372 0.3921881716 0.5649879815 0.8055414342 0.1659428711 0.7189303579 0.6131917888 0.8316970322 0.2149815952 0.9838391091 0.7572286077 0.4971419570 0.0790170948 0.9311834173 0.8473318824 0.9371071555 0.2300861982 0.9904269017 0.7531167212 0.5326852740 0.7185960061 0.5628609516 0.5709309874 0.2132022508 0.8709542360 0.4803882905 0.4587319565 0.3351941776 0.7074491413 0.2253970416 0.8275174186 0.0425916780 0.6175852132 0.3925053996 0.8481331122 0.7835280843 0.1114357571 0.4613249011 0.6152251161 0.3264173527 0.4451640097 0.3724537233 0.8235593097 0.5241811045 0.3036371401 0.6708911917 0.4612882600 0.5337233383 0.6613180929 0.2144049808 0.0664086123 0.3799140991 
0.7772659323 0.6373395997 0.5931163498 0.6482201678 0.1177278897 0.0518483063 0.9834143454 0.8251770310 0.2772453480 0.8109317635 0.8677687090 0.8948305617 0.2034371631 0.7159018208 0.6783586455 0.3148729202 0.1772267214 0.2935837616 0.6412902729 0.6223907311 0.6660374848 0.4648495822 0.1465718356 0.9696746254 0.1357407738 0.6078600956 0.5033979632 0.7970588667 0.8222650764 0.5698065756 0.1769729653 0.5995310082 0.2071461748 0.7700893156 0.2477511755 0.3248740646 0.8219376220 0.2311655205 0.1500510951 0.0991829695 0.0420972835 0.0178198037 0.9940135311 0.2455344467 0.7337216249 0.6723721766 0.5604073673 0.9109483463 0.9659559382 0.2016976397 0.5333390774 0.6319934226 0.6665472224 0.6799109130 0.6016680475 0.8022879962 0.2877710081 0.1050660108 0.5993468625 0.1100360840 0.6748725864 0.7763198282 0.7095670922 0.8820187617 0.5464091434 0.9573182678 0.2068928258 0.3683467649 0.1884837878 0.3569439214 0.4675297343 0.2305810713 0.3747637250 0.4615432655 0.4761155185 0.1084853495 0.1339154416 0.0365228853 0.0194336958 0.0998713794 0.2382205251 0.5527727732 0.7318648019 0.9047677475 0.2326836857 0.3335328495 0.7070557432 0.5204546938 0.4385988603 0.3064026056 0.6304907778 0.1134714461 0.0827224334 0.3400578696 0.9954902078 0.6291315768 0.2973761369 0.2023830336 0.9974783417 0.4858599247 
0.5593269549 0.4650080756 0.7164409960 0.9340906799 0.9265513410 0.1925565140 0.0425760295 0.0604667822 0.2290793994 0.0620097253 0.1603381616 0.4672999249 0.6147824985 0.8922029640 0.3720676719 0.8474661842 0.2257358130 0.0791234151 0.3679208776 0.6643346733 0.3855260207 0.9984116554 0.7778061194 0.4682484541 0.3384695246 0.7732963272 0.0973800305 0.6358456615 0.9756793608 0.0948583717 0.1217055857 0.5350063152 0.5598664473 0.8381465817 0.4690969947 0.4864177883 0.0307030957 0.5116730242 0.5468845705 0.2597824951 0.5736827494 0.7072227326 0.7270824200 0.1884652475 0.5994256961 0.0991500919 0.0359314312 0.8251615091 0.1782735070 0.4038523088 0.4894961819 0.5637995277 0.4022639638 0.2673023009 0.0320479814 0.7407334883 0.0405986277 0.1294280119 0.3765791493 0.0162779880 0.2242863836 0.4982847350 0.5512843032 0.7841528309 0.3364313167 0.0203812979 0.2705706187 0.3671344125 0.5320543221 0.8174551897 0.6269169076 0.1057370715 0.5246779218 0.3539993276 0.2942023190 0.1241036174 0.4531494195 0.3301337507 0.9492651266 0.6314229265 0.7339860595 0.4387613081 0.1952224538 0.1362500233 0.7060636090 0.2272704352 0.8769835117 0.7466622371 0.3566984471 0.2535626610 0.7629402251 0.5809848307 0.7518473960 0.3142245283 0.3651376610 0.0882787123 0.3346058262 0.6357082802 0.4554131247 0.8666601483 
0.4531634694 0.0823300323 0.9723972198 0.9778413912 0.4363293599 0.2665995389 0.1019450082 0.8894787793 0.5967332896 0.0512101343 0.5209017054 0.3307193487 0.4899714424 0.7161241592 0.4669693720 0.1960350509 0.9433945943 0.3439528837 0.9426972880 0.3000930409 0.5975155447 0.7056375131 0.8810778716 0.3493629402 0.0198620409 0.2462155322 0.4376416530 0.3544678671 0.8819238124 0.8930547777 0.2211280150 0.3350872813 0.9753848100 0.1935252348 0.3129286721 0.4117141694 0.4601247737 0.4148736803 0.3011929483 0.0568580628 0.4660838146 0.8220946537 0.3875774114 0.9560552570 0.5382188123 0.8545467839 0.1520903079 0.4816134062 0.1984996671 0.0947875954 0.7817064471 0.7960152118 0.8004251084 0.6627843183 0.1453781515 0.8202871493 0.9089998509 0.5830198045 0.1747550160 0.7909236629 0.4760745822 0.3958830314 0.1260109442 0.4514593917 0.5894082662 0.4389396163 0.8631735616 0.0495330394 0.8538132970 0.1643665094 0.1063911021 0.3198971112 0.9864611635 0.4939685136 0.2759523682 0.5246799754 0.3485152970 0.4280426760 0.0062933816 0.5470149641 0.5228302714 0.7879998287 0.3430301754 0.3232553798 0.4507841470 0.4884083273 0.1435425287 0.3597839975 0.0714281313 0.3182975451 0.1507076598 0.5475027135 0.7141805765 0.2767186040 0.9989621057 0.3035888422 0.7156582208 0.8621356668 0.3531218815 0.5694715174 
0.0265021757 0.4595129837 0.8893686286 0.0129633388 0.9534814972 0.1653209963 0.5376433146 0.3019967942 0.5933636723 0.5439366962 0.8490117583 0.1161939437 0.3319365244 0.1920419336 0.4394493235 0.7827206714 0.6804502610 0.5829918522 0.1425046684 0.7518783923 0.9012893973 0.2932123287 0.2993811058 0.6154699734 0.5699309327 0.2983432111 0.9190588155 0.2855891531 0.1604788774 0.2721806966 0.8550606705 0.1869810532 0.7316936803 0.7444292990 0.1999443924 0.6851751775 0.9097502953 0.7375877070 0.9871719717 0.5031139676 0.2815244027 0.8361837295 0.6193079113 0.6134609271 0.0282256627 0.0587572344 0.3961815985 0.7086759236 0.6417490866 0.5386862669 0.4605543159 0.5430384840 0.8318985956 0.7599354218 0.1585084569 0.4018295283 0.0582786324 0.0775672724 0.6874186814 0.2187575098 0.3497479690 0.5424793519 0.4057385630 0.0814416493 0.2869086504 0.6056829554 0.7666168268 0.1966589453 0.3432706619 0.7537887980 0.6997729129 0.6247950646 0.5899725270 0.3190808237 0.2382559917 0.6181981902 0.3778380581 0.6344375902 0.3268741133 0.0195871447 0.1731238566 0.7874284293 0.5626256287 0.0050224522 0.5473638505 0.7211340855 0.4068519806 0.6056424829 0.7987013579 0.0942706615 0.8243999927 0.1484493269 0.6367500134 0.2301385557 0.2298909762 0.9236586638 0.8358215111 0.9965078030 0.1203176091 0.1790921731 
0.7502966005 0.8200905220 0.8038872377 0.3402691271 0.1391713457 0.0421432289 0.9584673173 0.5170094038 0.6765808192 0.2853414306 0.5365965485 0.8497046762 0.0727698594 0.0992221768 0.8547271285 0.6201337104 0.8203562628 0.2615791085 0.2257761928 0.6190576202 0.3558497701 0.0501761856 0.7675069472 0.9925997839 0.2803147413 0.9973979234 0.9162584473 0.1161362520 0.9939057259 0.0365760559 0.2952284251 0.7442023259 0.8566665784 0.0991156628 0.0844714530 0.9958379241 0.1412588917 0.0429387698 0.5128473274 0.8178397114 0.3282802004 0.0494438759 0.6675443871 0.4010500602 0.1486660527 0.5222715151 0.0211837702 0.9690223154 0.7838506237 0.2469599630 0.5880799357 0.1397003933 0.2971361486 0.3555868824 0.1323001767 0.5774508899 0.3529848058 0.0485586240 0.6935871424 0.3468905312 0.0851346800 0.9888155675 0.0910928571 0.9418012583 0.0879312298 0.1755643101 0.9376391819 0.2291901220 0.2185030799 0.4504865093 0.0470298329 0.5467832808 0.4999303853 0.7145742200 0.9478333411 0.6485964379 0.2368457346 0.9690171112 0.6176187534 0.0206963578 0.2159770737 0.2056986886 0.1603967511 0.5131132228 0.5612855710 0.2926969283 0.0905641122 0.9142703767 0.3412555523 0.7841512546 0.2611609079 0.4263902323 0.7729668220 0.3522537650 0.3681914906 0.8608980518 0.5278180752 0.3058306721 0.0900881733 0.7463211551 
0.7563171814 0.1371180062 0.2931044355 0.2562475662 0.8516922262 0.2409377760 0.9048440046 0.0885379604 0.2099548868 0.5224627575 0.1092343182 0.4259319610 0.7281614462 0.2696310697 0.9390451838 0.2894470167 0.5623279980 0.0296092956 0.2037173934 0.9035835503 0.8137605506 0.4648783014 0.3299737821 0.5867273722 0.8171320664 0.6981652727 0.4476254235 0.3449501411 0.0039959447 0.5377135973 0.0912712957 0.7603131261 0.6748316035 0.3843757316 0.0165606923 0.5265238297 0.6253135077 0.9214046970 0.6150617900 0.8352683949 0.4438674540 0.7242961087 0.2612003555 0.1720288997 0.9939271784 0.2002455388 0.4614759164 0.5562551760 0.2298548344 0.6651933099 0.4598387258 0.0436153845 0.1300716107 0.7898125079 0.6303427567 0.9472036771 0.4879777806 0.0779681802 0.2921538177 0.4919737254 0.6156817775 0.3834251139 0.2522868511 0.2905133806 0.7678008456 0.2688475434 0.8170372102 0.3931143528 0.1902522399 0.4320990003 0.2283827473 0.6341196940 0.1563951085 0.4895831027 0.8061485937 0.1503222865 0.6898286416 0.2676245101 0.7065774625 0.9196834764 0.9328178200 0.1664161878 0.9632988609 0.0628894307 0.9562286958 0.5936416176 0.0100931074 0.4442064760 0.6716097978 0.3022469256 0.9361802013 0.2872915749 0.6856720395 0.1884670524 0.5778049555 0.4534728846 0.4573145958 0.3948421657 0.8465872374 0.6475668362 
0.8269411660 0.0749699846 0.2816865296 0.9833362745 0.5645530874 0.0878351233 0.1336585605 0.2543817289 0.3554596334 0.8402360230 0.1740652049 0.2882774529 0.0066522104 0.1373640653 0.3511668836 0.9628809062 0.7310056830 0.3612599915 0.4070873821 0.4026154803 0.6635069170 0.3432675830 0.6899070552 0.3491789561 0.5317346354 0.2677120107 0.8026518406 0.9890492316 0.6625541764 0.6492390775 0.6366160673 0.4894953419 0.7242090622 0.9183025970 0.4728316159 0.2887621495 0.0061377198 0.6064901765 0.5431438785 0.3615973533 0.4467261990 0.7172090834 0.6498748067 0.4533784094 0.8545731487 0.0010416899 0.4162593151 0.5855788317 0.3623016814 0.8233466972 0.9881943120 0.0258085979 0.1666142802 0.6781013672 0.3749875540 0.6983489155 0.9458133778 0.1776393941 0.6873981467 0.6083675537 0.8268784722 0.3240142136 0.0978628952 0.5510875338 0.2423168105 0.5706945111 0.8398496834 0.2484545304 0.1771846871 0.3829935614 0.6100518841 0.6239108861 0.1002026443 0.2599266904 0.0772892950 0.9547757935 0.2609683803 0.4935486100 0.5403546246 0.6232700621 0.3168953072 0.5285489361 0.6490786600 0.4835095873 0.2066503028 0.0240662140 0.1818585024 0.1524636802 0.2017056081 0.8692566496 0.7608312339 0.0285840798 0.1932708627 0.8586941291 0.5796716141 0.4355876732 0.4293886397 0.4195212971 0.6840422040 0.6065733268 
0.8025148589 0.2940940877 0.2304842124 0.9027175032 0.5540207781 0.3077735073 0.8574932962 0.8149891583 0.8013221178 0.3978479204 0.4382592200 0.1182174245 0.9263968570 0.0873378800 0.6017270119 0.1330471594 0.1114040940 0.7835855143 0.2855108400 0.3131097021 0.6528421634 0.0463420735 0.3416937824 0.8461130265 0.9050362031 0.9213653965 0.2817006993 0.3344248423 0.3408866931 0.9657429033 0.9409981696 0.1434015516 0.2598369905 0.1714823815 0.0461190548 0.8138577686 0.4792558893 0.9036123510 0.6288469269 0.2805780067 0.3014602714 0.0671061464 0.3987954312 0.2278571279 0.1544440264 0.0005224426 0.3609042872 0.2658481203 0.7841079569 0.6464151273 0.5789578229 0.4369501203 0.6927572012 0.9206516053 0.2830631464 0.5977934038 0.8420170014 0.5647638457 0.9322182461 0.1829036941 0.5305067490 0.8732164152 0.3263052461 0.7903437395 0.0446987967 0.3724243009 0.6042015080 0.5239546860 0.2760366515 0.2330484345 0.8045326927 0.5774969228 0.3001545809 0.2033281234 0.8053540507 0.4545986077 0.2038505660 0.1662583380 0.7204467280 0.9879585230 0.8126734653 0.2994045505 0.4249086429 0.5054306660 0.2200561553 0.7079717893 0.1032240694 0.0620731563 0.2727356349 0.0354423155 0.2449768508 0.8032423839 0.9086587308 0.5712820969 0.5935861229 0.9533575275 0.9437063979 0.1977876305 0.4773122130 0.2197430489 
0.4308360649 0.2818449052 0.7972399722 0.7309906463 0.4851730287 0.6025940225 0.1855892535 0.6890235947 0.7688523604 0.9060359816 0.6769821177 0.5815258257 0.2054405320 0.1018907601 0.0869564913 0.4254966874 0.8098625498 0.1901805611 0.4875698441 0.0825981843 0.2256228767 0.7325466949 0.8858405682 0.1342816069 0.3038287914 0.4794266906 0.0876391344 0.2475351888 0.6772143215 0.5649513475 0.4672782377 0.1080503860 0.8467962532 0.2645182094 0.8390410323 0.3319692813 0.8671122323 0.0246302853 0.0209928760 0.6359645923 0.9306662674 0.6979749937 0.2174904175 0.1361067990 0.7998657538 0.3044469093 0.5616034863 0.6097283031 0.4946274704 0.0491733300 0.6923264874 0.7202503470 0.7817200249 0.5781670551 0.8545319540 0.0855488158 0.0575937457 0.9421710884 0.3330840046 0.7348080672 0.5071224358 0.8003622428 0.8428584532 0.3539186885 0.0648804517 0.6818994855 0.6858879699 0.9319926840 0.7065297708 0.7068808459 0.5679572763 0.6371960377 0.4048558392 0.7854476938 0.7733028367 0.2047215929 0.0898946026 0.3349063230 0.8144498960 0.5845220730 0.3840796530 0.5067763834 0.3047724195 0.1657996779 0.0849434380 0.1593043735 0.2513484937 0.1425371837 0.1014754614 0.5844324988 0.8773452509 0.6085978973 0.3847947411 0.7202037041 0.9625165858 0.4496751928 0.4021031891 0.6484045557 0.3816678768 0.1086329595 
0.3552854012 0.9496251531 0.7458289977 0.7601412408 0.7350728464 0.5191318339 0.9648628337 0.8249674494 0.8540381570 0.7793127293 0.4094895219 0.2381178100 0.2860891122 0.7142619419 0.4039174879 0.3710325506 0.8735663155 0.6552659816 0.5135697343 0.9750417769 0.2396984800 0.3909149852 0.5836396742 0.6244932211 0.1111186888 0.5461562595 0.0741684139 0.5132218779 0.1945608147 0.4558362907 0.6218548373 0.5498462164 0.4054614433 0.3676838346 0.3099874567 0.1405342892 0.8868156690 0.2748502899 0.9655017387 0.7408538255 0.0541630187 0.3749912606 0.9789716354 0.3402521314 0.0892532021 0.3828891229 0.7112846820 0.9628195176 0.0381551045 0.2248544159 0.9378612940 0.2778535845 0.6157694010 0.5215009677 0.9023468061 0.7268880898 0.0676572272 0.9765152200 0.2401099672 0.2622180419 0.4323515102 0.8619648050 0.8120642583 0.8378129536 0.2296486391 0.1220517145 0.9783472428 0.1164643076 0.3969020044 0.9438489815 0.8573181335 0.4510650236 0.3188402417 0.8362897685 0.7913171550 0.4080934438 0.2191788914 0.5026018366 0.3709129609 0.2573339959 0.7274562524 0.3087742544 0.5351875804 0.3432256534 0.8302752226 0.4375343860 0.0701137428 0.8979324498 0.4140496056 0.3102237104 0.1601504912 0.8464011158 0.1721885149 0.9722147500 0.6842140689 0.4018371540 0.0942664640 0.6625613117 0.5183014621 0.4911684690 
0.6064102927 0.3756195951 0.9422334926 0.9252505344 0.2119093631 0.7335506471 0.3333439777 0.4310882545 0.2361524833 0.7042569386 0.6884222504 0.9636087357 0.0130311926 0.2236098308 0.3068343887 0.8433064152 0.6611442169 0.3769481319 0.7412388645 0.0751938224 0.6871718423 0.9013893562 0.9215949382 0.8593603572 0.8736041057 0.6058090071 0.2611975108 0.9678705698 0.2683703184 0.7794989728 0.4590390383 0.8747806111 0.1551185675 0.4012725304 0.8000311450 0.3670279311 0.1348231771 0.1333751223 0.7981161856 0.3709756603 0.8376320609 0.4865384360 0.3345843960 0.8506632535 0.7101482668 0.6414187847 0.6939696687 0.3712924832 0.0183669161 0.4352085327 0.4464863057 0.7055387584 0.3365978884 0.3680812439 0.5648991152 0.2102019937 0.9738902510 0.8260966264 0.1780725635 0.2422605689 0.6055955987 0.6371116017 0.1170411795 0.7607141667 0.0383841321 0.9170723245 0.1277420973 0.1732073092 0.0504474463 0.9258582829 0.5441829700 0.8880795072 0.4123967185 0.8787673660 0.7387427603 0.1225449849 0.5201861502 0.4327124285 0.4938374686 0.5385530668 0.8679209616 0.9403237742 0.2440918247 0.2045188496 0.3084050176 0.8089909404 0.4147208437 0.2822952682 0.6350875663 0.5927934072 0.5245558370 0.2406831646 0.2299050084 0.6415970165 0.0013973308 0.2682891406 0.5586693406 0.1291394281 0.4414964502 0.6091167869 
0.0549977110 0.9856794202 0.4971962937 0.4673944295 0.8644467857 0.2359390539 0.5899394148 0.3846329355 0.6686514824 0.0837768829 0.9231860023 0.5365724436 0.0241006566 0.1672778270 0.7410912936 0.3325056747 0.9762687674 0.1558121369 0.6148009429 0.6113563332 0.7486055441 0.1393567799 0.8520394977 0.9785105525 0.7809537965 0.8534368290 0.2467996931 0.3396231371 0.9825762571 0.6882961433 0.9487399240 0.0375739676 0.6739755630 0.4459362176 0.5049683976 0.5384223482 0.6818752716 0.0949078119 0.9230552837 0.3505267535 0.1786846948 0.8462412860 0.8870991975 0.2027853514 0.0135191125 0.6281904907 0.5352910261 0.9897878799 0.7840026276 0.1500919690 0.6011442126 0.5326081712 0.2894487489 0.4531837099 0.5111187233 0.0704025450 0.3066205384 0.7579184164 0.4100256820 0.2891967955 0.4462145592 0.3587656060 0.3267707631 0.1201901218 0.8047018237 0.8317391606 0.6586124700 0.4865770948 0.9266469725 0.5816677537 0.8371038483 0.1053316668 0.4279090392 0.7242030454 0.3081170187 0.4414281517 0.3523935356 0.8434080448 0.4312160310 0.1363961627 0.9935000138 0.0323602432 0.6690043340 0.2829487623 0.4855439530 0.1801230573 0.3533513077 0.7921644919 0.9380414737 0.7633769898 0.0813612868 0.3842560329 0.1221425953 0.4081320499 0.5044461547 0.9268444189 0.2398712105 0.1630586247 0.4134215132 0.1665181826 
0.7447263784 0.2505253615 0.2718498499 0.1726354170 0.9747284069 0.5799668685 0.6140635687 0.3271219425 0.4233749129 0.0452795993 0.4635181052 0.4168749267 0.0776398424 0.1325224392 0.6998236890 0.5631837955 0.3126454965 0.0531749963 0.3553482869 0.2506869697 0.8165519865 0.4367095737 0.6349430027 0.9386945818 0.8448416241 0.1393891574 0.8655390008 0.0847128341 0.3024477820 0.2789605135 0.2512310167 0.0471741599 0.5294858751 0.5230808666 0.2198095770 0.5042142819 0.1030477346 0.8338731457 0.8313362244 0.5264226480 0.8791527450 0.2948543291 0.9432975747 0.9567925874 0.4273767683 0.6431212633 0.5199763824 0.7400222648 0.6962962601 0.8753246697 0.9907092350 0.5128482462 0.3120342429 0.6256522372 0.4515428275 0.1568758665 0.7650413945 0.3170818278 0.2415887007 0.0674891761 0.5960423418 0.4928197178 0.1146633360 0.1255282164 0.0159005839 0.3344729130 0.6297424983 0.1189483191 0.1683460582 0.4610787222 0.6453709671 0.0474988027 0.7559330518 0.5886685413 0.0042913896 0.1833098196 0.2317898042 0.5242677725 0.9233320849 0.9280860643 0.3995924417 0.9140413194 0.4409343099 0.7116266846 0.5396935560 0.8924771379 0.8685025516 0.3047349506 0.2095589653 0.1100912518 0.3722241267 0.8056013071 0.6029109697 0.4868874631 0.9311295240 0.6188115541 0.8213603761 0.5608720219 0.7377598731 0.9897064348 
0.0219507441 0.3831308397 0.0372052370 0.7778837959 0.9717993811 0.0414966271 0.9611936156 0.2035891848 0.5657643995 0.8845257000 0.1316752490 0.9653568412 0.7985670188 0.5726095590 0.6769835254 0.3382605749 0.4650866964 0.5454860765 0.6429955255 0.6746456622 0.6555773288 0.0152196516 0.4802469688 0.2584882980 0.5021071148 0.4113764923 0.8772998521 0.3234674909 0.9722485146 0.6150597248 0.3131739252 0.9941992587 0.9981905646 0.3503791622 0.7720830542 0.9699899452 0.3918757892 0.7332766693 0.1735791299 0.9576401887 0.6178023692 0.3052543790 0.9229970295 0.4163693876 0.8778639379 0.5999805548 0.7546299625 0.3429506344 0.1454666309 0.3976254875 0.0175962960 0.8010439597 0.4128451396 0.4978432648 0.0595322578 0.9149522543 0.9092197576 0.9368321099 0.2384197448 0.8814682718 0.5518918347 0.5515936699 0.8756675301 0.5500823988 0.9019728326 0.6477505838 0.5200723440 0.2938486213 0.3810272526 0.6936514739 0.2514888101 0.9988296218 0.9989058529 0.1744858391 0.4151990094 0.8767697904 0.7744663939 0.1698289715 0.2197204243 0.9199330252 0.5674544594 0.2373167203 0.7209769845 0.9802995990 0.7351599856 0.7805092422 0.8952518529 0.6443797427 0.7173413521 0.1336715976 0.5258480141 0.2692331864 0.6852652676 0.4015155436 0.8193155852 0.5872380997 0.0492661270 0.3393879288 0.8810867215 0.4302933796 
0.0330394022 0.1325755311 0.4291230014 0.0319452547 0.3070613701 0.8443220108 0.9087150455 0.0815277640 0.0141509818 0.1284354693 0.0014607888 0.5816054412 0.3657521901 0.7224377732 0.5619050397 0.1009121752 0.5029470155 0.4571568926 0.7452919179 0.2202883671 0.5908284903 0.2711399315 0.4895215535 0.2760937574 0.6726554752 0.3088371383 0.8633318575 0.7219216021 0.6482250675 0.7444185786 0.1522149812 0.6812644697 0.8769941097 0.5813379826 0.7132097249 0.1840554793 0.4256599929 0.6219247699 0.2655832433 0.4398109752 0.7503602392 0.2670440321 0.0214164159 0.1161124288 0.9894818058 0.5833214561 0.2170246040 0.4924288208 0.0404783483 0.9623165219 0.7127171879 0.6313068385 0.2334564530 0.2022387410 0.9074005959 0.9061119281 0.5110758792 0.7707324530 0.6280335298 0.1593009462 0.5151510311 0.7802485115 0.8405654164 0.3921451403 0.3615864936 0.5537751408 0.5762006201 0.7872464870 0.1756999102 0.8417838634 0.2270574617 0.9260601494 0.1088278955 0.2484738777 0.0421725782 0.0983097009 0.8317953338 0.2591971821 0.5907385217 0.8722736821 0.2215137040 0.3034557092 0.5035805202 0.4549701570 0.5056944501 0.4109811161 0.3610820851 0.0167703289 0.1817135686 0.9891156149 0.1760712756 0.6968646002 0.7693641259 0.0166366915 0.0890097400 0.1309506195 0.5704118323 0.6652103600 0.9181971065 0.7461117426 
0.5069942235 0.1452545678 0.6721718915 0.6158221190 0.3937284455 0.7143444697 0.7141318199 0.2255237793 0.9735416523 0.3048703411 0.0977974609 0.1950553559 0.6083260503 0.6013779815 0.6500255129 0.1140204999 0.0123590971 0.0111075975 0.1307908288 0.1940726657 0.0002232124 0.3068621044 0.8909372659 0.7695873383 0.3234987959 0.9799470063 0.9005379579 0.8939106282 0.6451573659 0.8187350639 0.6400223703 0.1521515889 0.9639896317 0.3121942618 0.7679737079 0.3577180772 0.0265387311 0.4821055273 0.5832418565 0.0000803829 0.7869758684 0.6810393174 0.1951357388 0.3953019182 0.2824172984 0.8451612521 0.5093224181 0.2947763956 0.8562688496 0.6401132474 0.4888490618 0.8564920620 0.9469753518 0.3797863272 0.6260794004 0.2704741476 0.3597333330 0.5266173578 0.1643847754 0.0048906989 0.3453524217 0.8044071462 0.1570422878 0.3093420529 0.1166014076 0.9250159962 0.6670601301 0.1431401387 0.4071215230 0.2503019861 0.1432205220 0.1940973914 0.9313413039 0.3383562608 0.5893993096 0.2137586019 0.1835175125 0.0987217278 0.5085349979 0.0397863621 0.7388349752 0.9973840597 0.8962784241 0.6858103265 0.3771703864 0.5223578240 0.9562844741 0.7369037199 0.0489751818 0.1206692495 0.7417944189 0.3943276035 0.9250763957 0.8988367067 0.7036696564 0.0416778028 0.8238527024 0.3707297865 0.1848179415 0.2309742254 
0.6210317726 0.3280384635 0.4250716169 0.5523730761 0.6663947248 0.0144709260 0.7661316785 0.8499122373 0.1131926538 0.2746666760 0.8896985994 0.8520276290 0.2720507352 0.7859770236 0.5378379554 0.6492211216 0.3083348471 0.4941224290 0.3861248411 0.3573100289 0.6147916786 0.1279192595 0.7516376324 0.5398680738 0.0267559663 0.4553072888 0.5815458766 0.8506086687 0.8260370753 0.7663638186 0.0815828937 0.4470688475 0.0944022816 0.5066545105 0.9994419240 0.7607970064 0.5211254370 0.7655736021 0.6107092437 0.6343180908 0.0402402776 0.5004078427 0.4863457198 0.3122910128 0.2863848658 0.0241836747 0.9615121344 0.5947197134 0.5183061038 0.3476369755 0.9520297423 0.1330977823 0.4755562351 0.7036673747 0.6729658561 0.5023122013 0.1589746630 0.2545117327 0.3529208700 0.9850117383 0.0208755508 0.4345037637 0.4320805852 0.1152778324 0.9411582746 0.4315225088 0.8760748393 0.4622837112 0.1970961104 0.4867840826 0.0966018015 0.2373363880 0.9871919253 0.5829475213 0.5496274007 0.2735767911 0.6071311960 0.5111395351 0.8682965044 0.1254372998 0.8587765106 0.8203262462 0.2585350821 0.3343327452 0.5239936204 0.9315009382 0.8366449470 0.6829682834 0.1860126705 0.1895658165 0.6679800212 0.2068882213 0.6240695802 0.1000606064 0.3221660542 0.5652278543 0.5315831152 0.1982408931 0.0275115650 0.7286792261 
0.6850249757 0.1241133670 0.9660156141 0.6722169005 0.7070608883 0.5156430148 0.9457936915 0.3141920843 0.0267825495 0.8140901955 0.4396293841 0.8855590601 0.6344164417 0.6981644662 0.2198918048 0.1584100617 0.6296654039 0.0565367514 0.8413783455 0.8156780749 0.2461025679 0.5093583663 0.0225662957 0.8701721485 0.6094189727 0.3447323499 0.4354000024 0.1410020879 0.5429732430 0.4629115679 0.8696813140 0.2279982181 0.5870249349 0.8356969277 0.9002151191 0.2940858227 0.3513399420 0.8460088101 0.6082779069 0.3781224915 0.6600990056 0.0479072905 0.2636815511 0.2945154469 0.7460717567 0.4835733564 0.4529255086 0.3757371606 0.5401101078 0.2943038537 0.1914152350 0.7862126761 0.8036622204 0.2139815307 0.6563848241 0.4130811926 0.5587138811 0.0917848261 0.5540832805 0.1016871236 0.5546963939 0.4237645941 0.3296853422 0.1417213283 0.2594615218 0.2299004608 0.4358071515 0.6108014638 0.0759092705 0.0440850579 0.9889239557 0.7360082761 0.0919923489 0.2526055063 0.0305237225 0.8380641056 0.7361788627 0.4834492316 0.2138012658 0.2762889705 0.7777530853 0.4052165008 0.0625016461 0.5814153052 0.6191980320 0.7188864703 0.9944964983 0.1779119126 0.8106712963 0.5485797783 0.2795990362 0.3653676903 0.9723443729 0.6092843784 0.5070890186 0.2318058942 0.8391848392 0.9428961700 0.8426073579 0.9150941101 
0.9869812285 0.8315313132 0.6511023858 0.0789735769 0.0841368195 0.6816261088 0.9170376826 0.8203156822 0.1650753399 0.1308389484 0.0966046523 0.9428284252 0.5360554492 0.1591062984 0.5242437304 0.1552534807 0.8779927687 0.5187402282 0.3331653934 0.6886640651 0.0673200060 0.6127644301 0.0540317549 0.0396643784 0.2220488080 0.5611207735 0.2714702726 0.0612336472 0.5040169435 0.1140776305 0.9763277573 0.4909981715 0.9456089437 0.6274301427 0.5699717484 0.0297457627 0.3090562510 0.4870094305 0.8500614454 0.4741315909 0.6178483789 0.9466660977 0.4169600161 0.1539038281 0.1057723961 0.9412037465 0.3091573088 0.9837651648 0.4599439741 0.6423227026 0.6724292294 0.5272639801 0.2550871322 0.7264609843 0.5669283590 0.4771359402 0.2875817578 0.8383986316 0.5383695874 0.7915987013 0.9524762621 0.5146973443 0.2825968723 0.8980852058 0.1421274869 0.8525686207 0.9278309685 0.4511837379 0.3395780508 0.7778924134 0.9253153293 0.9574264302 0.7245585112 0.3422753449 0.1113302578 0.8303309073 0.2834790909 0.4204875666 0.8140960717 0.7434230651 0.0628102687 0.4865253011 0.2706870447 0.3178974010 0.2129862850 0.8376154037 0.7950333416 0.5005680427 0.6760140353 0.3334029286 0.2921667436 0.6284902970 0.8481002733 0.5747636159 0.5265755023 0.9902277603 0.4273322362 0.4544064707 0.4414114977 0.7669102874 
0.2322988837 0.3667268266 0.7243367171 0.9568573949 0.7090021715 0.8356669749 0.7871883017 0.9924812624 0.2561545410 0.6012843734 0.7359043270 0.3189648103 0.0878096740 0.0065913717 0.6368622112 0.3007959590 0.8442067755 0.4318955524 0.8013640022 0.5202208103 0.7652984815 0.0935307453 0.1487111073 0.6133987543 0.6682943616 0.6752866095 0.6036265141 0.0956265973 0.1296930798 0.0450380114 0.8625368848 0.3619919640 0.4117648385 0.5868736015 0.3188493584 0.1207670095 0.4225405759 0.1060376601 0.1132482719 0.6786951174 0.7073220335 0.8491525989 0.9976599277 0.7951317075 0.8557439707 0.6345221385 0.0959276660 0.6999507461 0.0664176909 0.8972916682 0.2201715560 0.8317161723 0.9908224139 0.3688826633 0.4451149262 0.6591167751 0.0441692728 0.0487414398 0.7547433724 0.1738623526 0.0937794513 0.6172802572 0.5358543166 0.5055442897 0.2041538582 0.8547036754 0.6263112997 0.6266944346 0.9607413355 0.7395595716 0.3053895516 0.6680633685 0.5887121701 0.3030494788 0.4631950755 0.4444561407 0.9375716173 0.5591227415 0.1444068864 0.0039893077 0.4564144097 0.3645784424 0.8357054800 0.4472368231 0.7334611061 0.2808204057 0.1063535978 0.7776303789 0.3295618456 0.8610969702 0.9514927314 0.4233412973 0.4783772270 0.4873470480 0.9288855870 0.6825310856 0.3420507230 0.5551968862 0.3092255198 0.3027920580 
0.2947564573 0.6146150714 0.9708554265 0.8834686279 0.9176645502 0.4340505015 0.3279247681 0.8552361670 0.9931732430 0.4723316545 0.8592254752 0.4495876522 0.8369100969 0.6949309547 0.8968244753 0.5703712025 0.9757513609 0.0031780726 0.3480015808 0.3053132060 0.8642750433 0.2994943123 0.7286545032 0.3426522698 0.7868413603 0.6575400902 0.0251833550 0.1288920828 0.2127369760 0.3344088748 0.4316841408 0.5074934338 0.9490239462 0.4025395668 0.3909620612 0.8666884959 0.8365900683 0.7188868293 0.7219246629 0.8297633109 0.1912184834 0.5811501376 0.2793509631 0.0281285797 0.2760810919 0.1761754379 0.5984997827 0.2518324523 0.1793535110 0.9465013635 0.5571456587 0.0436285539 0.2459956753 0.2858001614 0.3862808237 0.0328370351 0.9433402517 0.4114641791 0.1617291179 0.1560772276 0.7458730539 0.5934132587 0.6635706614 0.6948970001 0.9959528255 0.0545327221 0.5615854955 0.8325428934 0.7734195514 0.2835101580 0.6623062043 0.9646380348 0.8646602956 0.9416571674 0.9927666145 0.1407413874 0.1178326049 0.5912663967 0.3925738397 0.2971861159 0.5377677602 0.9497194984 0.3408146698 0.7837634356 0.2355196598 0.7270954939 0.8166004712 0.1788599110 0.1385596726 0.9783295891 0.3349371386 0.8844327265 0.5717428478 0.9985078000 0.5793297261 0.5676956729 0.0530405217 0.1409152216 0.4002385663 0.8264600732 
0.4244253796 0.0625447701 0.7910981075 0.2890856752 0.0042019370 0.7838647220 0.4298270626 0.1220345419 0.3751311183 0.8224009023 0.4192206582 0.9128988785 0.7721204007 0.7600353280 0.6966623141 0.0076400600 0.4871308214 0.5132627848 0.1864999711 0.6256904940 0.4915923735 0.5214371102 0.5101232205 0.0633352208 0.5199449097 0.0894529461 0.6310308942 0.5729854319 0.2303681677 0.0312694600 0.3994455046 0.6547935478 0.0938142301 0.1905436121 0.9438792229 0.0980161671 0.9744083341 0.3737062851 0.2200507090 0.3495394519 0.1961071869 0.6392713672 0.2624383305 0.9682275876 0.3993066952 0.9591006446 0.9758676477 0.8864375166 0.4723634289 0.1623676187 0.5121280106 0.9639558024 0.6838047289 0.0222512307 0.0272910232 0.2037496381 0.1117041768 0.6583219174 0.7767350701 0.3420723450 0.6895913774 0.1761805747 0.9968658928 0.7834056075 0.3667241867 0.9407451153 0.8814217746 0.3411325204 0.3144513999 0.1014724831 0.6906719723 0.5105585868 0.7407438507 0.9531103028 0.4787861744 0.1400505454 0.9122109469 0.4546538216 0.0264880615 0.3845743753 0.6170214403 0.5386160722 0.3485301777 0.3008261688 0.5608673028 0.3758212008 0.5045758074 0.6725714801 0.0341431177 0.2813108770 0.0146438247 0.7237344951 0.4574914516 0.0115097170 0.5071401021 0.8242156384 0.9522548322 0.3885618762 0.1653481583 0.2667062316 
0.4900343593 0.8560201311 0.7772648184 0.2307782095 0.8091304334 0.2560509924 0.3708287549 0.7213413803 0.7107048145 0.3973168169 0.1059157551 0.3277262544 0.9359328891 0.4544459327 0.6285524236 0.4968001919 0.8302671336 0.1331282305 0.1693716716 0.8644102513 0.4144391075 0.1840154963 0.5881447460 0.8719305596 0.1955252132 0.0952848476 0.6961461975 0.1477800450 0.4838467238 0.8614943562 0.4144862766 0.9738810835 0.7175144869 0.1917510946 0.2046592926 0.5266449198 0.4478020875 0.5754880479 0.2479862996 0.1585069015 0.9728048649 0.3539020551 0.4862331559 0.9087377535 0.8083479879 0.1147855791 0.4055379449 0.6386151214 0.2479138096 0.5749096165 0.5030253723 0.6623529176 0.7589251128 0.0911701182 0.5342834767 0.9544503260 0.1864549658 0.2304296737 0.1022303706 0.6703016901 0.0919240294 0.5167166472 0.6441827731 0.8094385163 0.7084677423 0.8488420657 0.3360834361 0.1562698293 0.4243301132 0.5840697356 0.3147767309 0.3971349776 0.9379717908 0.8010098868 0.3058727311 0.7463197786 0.9157954664 0.7114106760 0.3849348996 0.1637092755 0.2863202925 0.8879602719 0.8260621931 0.0452454048 0.9791303901 0.3603456693 0.9996957313 0.1655853559 0.5907753434 0.1019261014 0.8358870460 0.6826993728 0.6186427491 0.4800698187 0.4921378891 0.3271104909 0.3289118839 0.8282213252 0.4833803202 0.7532419976 
0.4122910604 0.7981570511 0.1503769747 0.3502628512 0.5991669375 0.4562497057 0.0965826293 0.5149624033 0.1676603817 0.4815175289 0.6786716793 0.4539806742 0.3694778003 0.5047338719 0.4992260791 0.3486081904 0.8650795416 0.4989218100 0.5141935463 0.4558548846 0.6008479118 0.3500805918 0.1385542569 0.2194906605 0.8301504105 0.6306921461 0.5466011514 0.1590622939 0.4589134708 0.0299814711 0.9123042915 0.8712045317 0.8281385223 0.0626812661 0.2214673824 0.4273054592 0.5189309719 0.3180500117 0.9422678631 0.6865913536 0.7995675405 0.6209395419 0.1405720274 0.1690453403 0.1256734133 0.6397981069 0.5176535307 0.9907529550 0.1387199164 0.0318470765 0.4466078391 0.7395678282 0.3819276683 0.5851620965 0.9590584887 0.2120780783 0.2158542421 0.5056596396 0.3711403726 0.6747677134 0.5356411108 0.2834446636 0.5459722446 0.3637796325 0.3461259298 0.7674396270 0.7910850923 0.8650569021 0.0854896382 0.7333529548 0.5516482552 0.8850571787 0.3542924963 0.6922202831 0.0541025186 0.4799659096 0.3320183895 0.5717560498 0.4707188646 0.4707383059 0.6036031263 0.9173267036 0.2103061342 0.9855307951 0.5024887996 0.1693646224 0.1976088729 0.7183430422 0.6750242625 0.5687492455 0.3931107551 0.2106653728 0.8521939096 0.9390829997 0.5744450058 0.1983198389 0.7065226262 0.3655300976 0.0633767406 0.7920122644 
0.0988830519 0.6150249963 0.6770694427 0.4531755482 0.3072452789 0.7311719613 0.9331414578 0.6392636684 0.3029280106 0.4038603219 0.1100019739 0.9065311374 0.3211870256 0.3203081080 0.8920619320 0.8236758252 0.4896727309 0.0896708044 0.5420188669 0.1646969929 0.6584200504 0.9351296220 0.3753623657 0.5106139595 0.8742126212 0.9498073715 0.7089337985 0.5807352469 0.3153374686 0.7723105395 0.3727475108 0.4142205205 0.3873355353 0.0498169530 0.8673960687 0.6945808142 0.7809889148 0.8005375265 0.3338444821 0.0839169249 0.2043978480 0.4438464560 0.9904480623 0.5255848735 0.7641545645 0.8825099938 0.3492606987 0.2538272949 0.9721807986 0.8912795656 0.4185242878 0.6306008485 0.8264091876 0.7938866535 0.1412148076 0.7006218083 0.7436940250 0.8501486060 0.2813570552 0.0590314931 0.6224591451 0.6541045660 0.4732520140 0.0097946799 0.7039215195 0.3406480822 0.7043754941 0.4849104339 0.1411856083 0.0382199758 0.5688273588 0.3455834567 0.4820664322 0.5592754211 0.8711683303 0.2462209963 0.4417854144 0.2204290285 0.5000482912 0.4139662126 0.1117085941 0.9185725790 0.0445670607 0.9381177816 0.7124592321 0.1857818683 0.6387395894 0.4561532566 0.0359304743 0.9200966446 0.5151847501 0.6583896194 0.5742012107 0.9884367641 0.6681842998 0.2781227298 0.3290848459 0.3725597935 0.7630331636 0.4702704546 
0.4107797697 0.3318605220 0.8158539114 0.8928462020 0.8911359431 0.6870222412 0.1390671977 0.3329213575 0.9074512701 0.6391154889 0.7468875701 0.0191598637 0.5576880675 0.7914546313 0.9572776453 0.2701472991 0.9772364995 0.5960172343 0.7263005561 0.0131669734 0.5161138789 0.2414853057 0.6715565932 0.0903150891 0.2299220693 0.3397408926 0.3684378189 0.5590069152 0.7123006860 0.1314709820 0.0292773694 0.1230804553 0.4633315040 0.8451312808 0.0159266568 0.3544674471 0.5321535219 0.1549938545 0.6873888046 0.4396047916 0.7941093435 0.4342763743 0.4587646553 0.3517974105 0.2257310051 0.4160423001 0.6219447100 0.2029675046 0.0120595340 0.3482452656 0.2161344780 0.5281734129 0.5897305713 0.8876910712 0.6184885020 0.8196526406 0.2274319633 0.9869263209 0.3786595554 0.9397326498 0.1183973025 0.4079369253 0.0628131046 0.5817288070 0.2530682056 0.0787397619 0.9361962541 0.7852217275 0.2337336164 0.6235850582 0.2248265186 0.0278429599 0.0578614320 0.6835911738 0.3796403703 0.2835924375 0.0996334735 0.0015850798 0.4865599421 0.1116930079 0.3498303454 0.7026944201 0.6398664208 0.9395609167 0.5903854913 0.2583549229 0.7592135569 0.8178174546 0.2452812433 0.1378731123 0.7575501039 0.3636785463 0.5458100375 0.8203632090 0.9454073533 0.7988782431 0.8991029709 0.8816036069 0.5840999706 0.1328365869 
0.5051886647 0.8089264891 0.1606795467 0.5630500967 0.4925176629 0.5403199175 0.8466425342 0.5921511364 0.5419049973 0.3332024758 0.7038441443 0.8917353432 0.0358968959 0.3437105652 0.8312962595 0.6262823872 0.6020654880 0.5905098163 0.4440998414 0.8473467314 0.7283829286 0.2016499453 0.2110252773 0.2741929657 0.0220131539 0.1564326301 0.0730712084 0.9211161248 0.0380362366 0.6571711789 0.0539527112 0.5432249012 0.4660976680 0.2146322584 0.1062749979 0.9586153310 0.7549521759 0.9529175320 0.5507664669 0.2968571728 0.2861200079 0.2546106112 0.1885925155 0.3220169038 0.5983211764 0.0198887750 0.9482992911 0.2003866640 0.6103985913 0.3923991320 0.0477333949 0.3387815195 0.5940490773 0.2587586726 0.6129744852 0.6160622312 0.4151913027 0.6860456936 0.5371783555 0.4532275398 0.3432168725 0.5911310672 0.9964524410 0.8093145405 0.8057633256 0.1027274384 0.7679298710 0.5607155010 0.0556449704 0.3186963374 0.8575726738 0.3417649783 0.5733069487 0.0461651893 0.6637818821 0.1716281246 0.0660539642 0.6120811727 0.3720147886 0.6764525555 0.0044803042 0.4197481840 0.0152340746 0.5985293820 0.6785068566 0.6282085598 0.2145916127 0.0936981589 0.3142542529 0.7517699687 0.5469256987 0.6574711253 0.3429010354 0.5433781396 0.4667856654 0.1486643605 0.6461055780 0.2347155359 0.7093798615 0.7017505484 
0.5534118738 0.5669525347 0.0435155262 0.1267188220 0.6131177240 0.7072974084 0.2983469471 0.6791716882 0.3193785806 0.6703617357 0.3556242433 0.3238588852 0.0901099192 0.3708583179 0.9223882672 0.7686167759 0.9990668776 0.1369798794 0.8623149352 0.3133211305 0.8887498481 0.4092406334 0.9707922558 0.2316508830 0.9526187731 0.4375779212 0.3803152434 0.5987243511 0.6722934571 0.0896951044 0.3004748990 0.2257053304 0.6566476397 0.3439904257 0.3524241528 0.2697653632 0.0512878336 0.6507710999 0.9489370519 0.3706664147 0.3211328352 0.3045612948 0.6945252999 0.4112427549 0.6754196131 0.6169135667 0.1798595303 0.6744864903 0.7538934461 0.0421744650 0.9878076208 0.6426432941 0.4514150989 0.9585998766 0.8742941771 0.4040338716 0.3961777973 0.2546094205 0.0027582222 0.0684712539 0.3443045250 0.3032331217 0.2941765847 0.0009521642 0.6472235474 0.6466007375 0.2707175278 0.6985113810 0.2973718370 0.2196545793 0.0691777952 0.6185046721 0.5242158740 0.7637030952 0.0297474265 0.1996354867 0.3806166613 0.2096069573 0.8741219774 0.1345101074 0.2517814223 0.8619295977 0.7771534015 0.7031965212 0.8205294739 0.6514475782 0.1072303928 0.2167072707 0.9060569987 0.1099886150 0.2851785250 0.2503615237 0.4132217366 0.5793551098 0.2513136879 0.0604452836 0.2259558468 0.5220312157 0.7589566651 0.5233276838 
0.7416857950 0.8281344603 0.1418323555 0.2659016691 0.5918375554 0.1715797825 0.4655371557 0.9724542168 0.3811867397 0.3396591327 0.1069643237 0.6329681620 0.2015887304 0.8841177253 0.3361646833 0.0221182038 0.5355653034 0.4433950761 0.2388254750 0.4416223017 0.5533836910 0.5240040000 0.6919838254 0.9666054281 0.1033591093 0.9432975137 0.0270507112 0.3293149561 0.4653287290 0.7860073763 0.8526426399 0.2070145240 0.6141418366 0.9944749954 0.4729161931 0.2059793916 0.1660547774 0.9384533488 0.1784336079 0.5472415171 0.2781124815 0.2853979321 0.1802096791 0.4797012119 0.1695156569 0.5163743624 0.5018194157 0.7050809603 0.9597694385 0.7406448907 0.1467032620 0.5131531290 0.2646488902 0.8386870873 0.4797585567 0.3680079996 0.7819846006 0.5068092684 0.6973229557 0.2473133296 0.2928166442 0.5499655952 0.4543278536 0.9069584808 0.5444405906 0.9272440467 0.1129378719 0.7104953680 0.8656973950 0.2913714802 0.2577368851 0.1438098760 0.5767694123 0.4379465643 0.6235110879 0.7462850692 0.9543209267 0.1253305036 0.4513660294 0.9140903647 0.8659753943 0.5980692914 0.4272434932 0.1306242846 0.4367563782 0.9070020504 0.4986322841 0.2187409788 0.4138113183 0.1959552398 0.4660543084 0.7066279625 0.7459208349 0.9203821621 0.6135864433 0.2903614250 0.8476262083 0.7265243152 0.0008567930 0.7133236028 
0.0178957949 0.2585936781 0.8571334793 0.5946652072 0.6965402424 0.4806445667 0.3409502764 0.6508611686 0.6059750703 0.7923163058 0.5649515328 0.4719504646 0.3903855967 0.9921950260 0.6025747492 0.8271419750 0.8991970759 0.1012070328 0.0458829534 0.3130083938 0.2971622726 0.5119372618 0.0196363563 0.0430831076 0.4323194234 0.6332227996 0.3334445326 0.2799456312 0.3597471143 0.3343013256 0.9932692344 0.3776429097 0.5928950038 0.8504027132 0.9723081170 0.2894352457 0.3310472794 0.3132583929 0.9402964143 0.9370223502 0.1055746982 0.5052479466 0.4089728144 0.4959602950 0.4974429726 0.0115475631 0.3231022699 0.3966400481 0.1127545960 0.3689852233 0.7096484423 0.4099168691 0.8809224856 0.7292847986 0.4529999767 0.3132419085 0.3625075977 0.7864445093 0.5931875401 0.7222547120 0.1207458350 0.5864567741 0.0998976212 0.7136408387 0.4368594868 0.0722057382 0.0030760844 0.7679067663 0.3854641311 0.9433724987 0.7049291160 0.4910388298 0.4486204453 0.1139019300 0.9869991247 0.9460634179 0.1254494931 0.3101013942 0.3427034655 0.2382040896 0.6790866180 0.0523519074 0.6481209587 0.5600091031 0.7816367060 0.1011209349 0.8732510115 0.1441443032 0.8875654442 0.4664385512 0.8663990157 0.0083112787 0.0528953248 0.9662966369 0.7219521179 0.4897548116 0.0385023747 0.7250282023 0.2576615779 0.4239665062 
0.6684007005 0.9625906939 0.9150053360 0.1170211454 0.0764926239 0.9020044603 0.0630845628 0.2019421170 0.2121058545 0.4057880288 0.4401462066 0.8911924725 0.4581399362 0.0882671648 0.4512015751 0.2397766422 0.1893880997 0.3244525862 0.3839209454 0.0769535439 0.7908911378 0.2503199606 0.0852648225 0.8437864626 0.2166165976 0.8072169404 0.3335412742 0.2551189723 0.5322451422 0.5912028521 0.6790854785 0.2006458427 0.5537935456 0.5940908140 0.3176669880 0.6302861695 0.4960952743 0.3807515513 0.8322282870 0.7082011289 0.7865395801 0.2723744932 0.5993936009 0.2446795158 0.3606416585 0.0505951755 0.4844561580 0.5500297582 0.3750477617 0.8683771039 0.6269833020 0.1659388990 0.1186970641 0.7122481250 0.0097253616 0.3353136616 0.5194650649 0.3432666358 0.5904326344 0.0517102070 0.9344694880 0.2695181124 0.2523560497 0.4882630331 0.8636089269 0.5700230378 0.1185492026 0.3597042008 0.9507745891 0.9507774897 0.0679053292 0.7373141687 0.2231519824 0.6672989301 0.9819936850 0.5837936409 0.7178941056 0.4664498425 0.1338233990 0.0929418668 0.3348269459 0.7608067010 0.2588807662 0.4535240105 0.4730548255 0.2686061278 0.7888376721 0.9925198909 0.6118727637 0.3792703060 0.0442300975 0.5463422511 0.6487884189 0.2965861472 0.0346052838 0.5123973454 0.8666091849 0.1531544864 0.8721015462 0.8173837740 
0.1039319756 0.9400068754 0.5546979422 0.3270839585 0.6073058050 0.5366916268 0.9108775993 0.3251999101 0.0031414693 0.0447009979 0.4181417769 0.3379684153 0.8055076994 0.6770225431 0.7914924257 0.2785625245 0.9456286710 0.5803300979 0.2710824149 0.5575014341 0.9596004039 0.3153125124 0.1038436848 0.6083888223 0.6118986595 0.1384489691 0.1207861673 0.4785078445 0.2916034555 0.9928877135 0.2958916180 0.3955354315 0.9328945884 0.8505895603 0.7226193900 0.5402003930 0.3872811871 0.6334969889 0.8654003031 0.3904226564 0.6781979872 0.2835420800 0.7283910717 0.4837056862 0.9605646231 0.5198834974 0.7622682107 0.9061932941 0.1002135948 0.0333506256 0.4636947277 0.0598139982 0.3486631379 0.5675384130 0.6682028210 0.9605617979 0.7059873821 0.7889889883 0.4390696420 0.9975908375 0.7818767018 0.7349612600 0.3931262686 0.7147712897 0.5855508198 0.1157456581 0.2549716827 0.9728320069 0.7492426474 0.1203719853 0.3632546628 0.4274406342 0.4039140653 0.0916457344 0.9111463204 0.3644786884 0.6115292318 0.6734145305 0.2706719820 0.7117428266 0.7067651561 0.7343667097 0.7715568248 0.0554282940 0.3019051223 0.4397596454 0.0159900915 0.0078925039 0.2287486336 0.4550597335 0.0054833414 0.0106253349 0.1900209930 0.3986096100 0.7253966246 0.7755718128 0.5143552686 0.9803683073 0.7484038196 0.2635979155 
0.1007402926 0.1116584819 0.6910385497 0.5046543579 0.2033042164 0.6021848696 0.8691330463 0.8148334482 0.2755993997 0.1398050278 0.5265762743 0.9823645563 0.8741717380 0.2981330991 0.0377928498 0.1760768598 0.7378927445 0.0537829413 0.1839693641 0.9666413781 0.5088426748 0.1894527055 0.9772667130 0.6988636678 0.5880623155 0.7026633377 0.4744354801 0.1024175836 0.6830316445 0.2228392992 0.3660154992 0.7837719371 0.3344977816 0.0570540484 0.2884262951 0.5378019980 0.6592389181 0.1575593409 0.3526354462 0.9348383182 0.2973643692 0.8792117205 0.9172028740 0.1715361067 0.1773448191 0.9549957239 0.3476129665 0.9152375641 0.0087786648 0.5315823306 0.8818789417 0.5176213395 0.7210350361 0.8591456548 0.2164850068 0.3090973517 0.5618089920 0.6909204869 0.4115149353 0.2448406360 0.9137597866 0.7775304349 0.0286125732 0.2482575678 0.8345844833 0.3170388682 0.7860595657 0.4938234014 0.4745982091 0.1386950114 0.4286617192 0.7719625783 0.0179067319 0.3458645927 0.9434986850 0.1952515511 0.3008603162 0.2911116515 0.1104891147 0.3096389809 0.8226939821 0.9923680569 0.8272603205 0.5437290182 0.8515137112 0.0437453268 0.8528263699 0.4133227027 0.7346658137 0.2643413047 0.6581633387 0.6484255999 0.0418717391 0.6867759119 0.8966831676 0.8764562229 0.0038147797 0.6827427334 0.3702796238 0.4784129893 
0.8214377448 0.7989413430 0.2503755671 0.8393444767 0.1448059353 0.1938742521 0.0345960278 0.4456662514 0.4849859036 0.1450851425 0.7553052324 0.3076798852 0.1374531990 0.5825655524 0.8514089034 0.9889669102 0.6263108792 0.7042352728 0.4022896124 0.3609766925 0.9685765779 0.0604529511 0.0094022923 0.0104483166 0.7472288631 0.9060854599 0.8869045395 0.7510436432 0.5888281928 0.2571841629 0.2294566320 0.4102659376 0.0561255054 0.4798321992 0.2496104139 0.2009314407 0.6737064513 0.2842064417 0.6465976921 0.1586923544 0.4292915847 0.4019029240 0.4663722401 0.5667447837 0.9844684764 0.3177811430 0.5557116939 0.6107793551 0.0220164158 0.9580013063 0.9717560480 0.9905929938 0.0184542569 0.9811583403 0.0010413099 0.7656831205 0.8872437998 0.8879458499 0.5167267632 0.4760719926 0.1451300123 0.7461833953 0.8863379303 0.2012555181 0.2260155940 0.1359483437 0.4021869588 0.8997220457 0.4201547859 0.0487846509 0.0584143997 0.8494463707 0.4506875749 0.5247866397 0.4161911539 0.4351560513 0.8425677832 0.9719028477 0.0459354059 0.8645841991 0.9299041540 0.0176914535 0.8551771924 0.9483584109 0.9988497938 0.8562185023 0.7140415310 0.8860935936 0.7441643517 0.2307682937 0.3621655858 0.8892943644 0.9769516890 0.2485035156 0.0905498821 0.2029672829 0.3844518593 0.4927368409 0.1026893282 0.8046066453 
0.5415214917 0.1611037278 0.6540530155 0.9922090671 0.6858903680 0.0702441694 0.4273651179 0.5284581508 0.0421470166 0.4733005238 0.3930423494 0.9720511706 0.4909919777 0.2482195414 0.9204095816 0.4898417711 0.1044380432 0.6344511121 0.3759353642 0.8486023954 0.8652194063 0.7381009500 0.7378967594 0.8421710948 0.9866044656 0.8284466415 0.0451383773 0.3710563250 0.3211834819 0.1478277054 0.1756629698 0.8627049741 0.3089314337 0.8297159857 0.8549140407 0.9948218018 0.8999601551 0.2822791581 0.5232799521 0.9421071717 0.7555796820 0.9163223016 0.9141583424 0.2465716592 0.1645418425 0.8345679235 0.7364134308 0.2689798857 0.4690190351 0.1123487945 0.1175822807 0.3342384409 0.8504497450 0.8554790401 0.1764095357 0.8370542102 0.6839256811 0.2215479129 0.2081105347 0.0051091630 0.3693756188 0.3837735049 0.8678141371 0.6783070526 0.2134894902 0.7227281773 0.6731288539 0.1134496448 0.0050073350 0.1964088055 0.0555568161 0.7605870169 0.1127311066 0.9697151584 0.0071586762 0.2772729491 0.8042830815 0.7435721069 0.5462528349 0.2733021166 0.8559209015 0.6638351160 0.6075405574 0.7063706460 0.5193141557 0.7839500931 0.5434248562 0.2032398368 0.0054980060 0.7515353909 0.2083489998 0.3748736248 0.1353088953 0.0761631364 0.0531806769 0.3487983855 0.7988913137 0.7263095308 0.4622480303 0.8038986487 
0.9227183363 0.5178048469 0.5644856652 0.0354494425 0.4875200048 0.5716443414 0.3127223916 0.2918030863 0.3152164478 0.8589752265 0.5651052029 0.1711373493 0.5228103420 0.1726457598 0.8775079953 0.0421244977 0.9565958534 0.4209328510 0.2453643345 0.9620938594 0.1724682419 0.4537133344 0.3369674838 0.3077771372 0.5298764708 0.3901481607 0.6565755232 0.3287677841 0.1164576910 0.1188235530 0.1326664324 0.0391760268 0.6366283999 0.6971520976 0.0746254693 0.1241484047 0.2687964389 0.3873478609 0.4159514911 0.5840128868 0.2463230869 0.9810566939 0.7551502361 0.7691334294 0.1537024533 0.6326582314 0.8112579271 0.1102983063 0.0535910819 0.0566222612 0.0723921652 0.2260593237 0.5103355956 0.4093596490 0.5338364614 0.0402120659 0.7995078097 0.1904119841 0.3689798500 0.9159655007 0.3092355371 0.5016462824 0.9551415276 0.9458639375 0.1987983795 0.0297669964 0.0700123418 0.4675948184 0.4171148573 0.4859638328 0.0516077052 0.6634379447 0.4670205263 0.8067579413 0.4325713736 0.6207229796 0.4394161722 0.2438293003 0.7310212863 0.4930072546 0.3004515615 0.8034134516 0.7190665783 0.8107871571 0.2127731006 0.2529030392 0.8509992230 0.0122809098 0.4433150233 0.2199790726 0.9282464110 0.7525505609 0.7216253549 0.8833879381 0.6984144979 0.9204237344 0.9131549350 0.7684268396 0.3880185529 0.3302697918 
0.2543906720 0.4396262581 0.9937077365 0.7214111982 0.2463841989 0.4262791096 0.3421341774 0.6858003715 0.6701084099 0.0731554632 0.1788076256 0.9705599714 0.8765689153 0.8978742039 0.7813471280 0.0893420154 0.1507772431 0.6323463505 0.1016229252 0.5940922664 0.8523254231 0.0298693357 0.3466428268 0.5739507776 0.9132572743 0.0450573242 0.4943745120 0.8264122088 0.8134841639 0.8823930649 0.1566820001 0.0678748354 0.3220193225 0.1503897366 0.7892860336 0.5684035214 0.5766688462 0.1314202110 0.2542038924 0.2467772561 0.2045756742 0.4330115181 0.2173372271 0.0811445890 0.3308857220 0.9986843555 0.1704866044 0.4816629651 0.6310307056 0.2721095301 0.0757552311 0.4833561287 0.3019788658 0.4223980584 0.0573069058 0.2152361396 0.4674553827 0.5516814178 0.0416483479 0.2809395465 0.4340744822 0.1983303484 0.3488143819 0.7560938046 0.3487200850 0.1381004155 0.3244973260 0.9253889313 0.2695206265 0.5787012184 0.1721661869 0.4740963008 0.0117127365 0.3895034145 0.5552408903 0.3425984584 0.3881877695 0.7257274947 0.8242614236 0.0192184746 0.9978370247 0.9000166547 0.5025746033 0.2998158905 0.3224147127 0.5598815095 0.5150520301 0.7898700958 0.1115629268 0.5567003784 0.0708096419 0.5456374095 0.7550307269 0.4196240238 0.3017312136 0.1037508115 0.5577244393 0.6262285396 0.0291397423 0.8272450659 
0.2049297580 0.2013059297 0.3013413666 0.2166424944 0.5908093441 0.8565822569 0.5592409529 0.9789971136 0.5823097511 0.3835023760 0.9982155883 0.5801467759 0.2835190302 0.5007901916 0.8799626664 0.6059337433 0.0606717007 0.3950146960 0.3958038387 0.1722346275 0.9517150745 0.4666134806 0.7178720370 0.7067458009 0.8862375044 0.0196032506 0.8104966124 0.4439619437 0.6458317901 0.8396363551 0.2712070091 0.8507615481 0.0409422843 0.5725483757 0.0674040420 0.6317516284 0.4291306322 0.6266449949 0.6107487416 0.0114403833 0.0101473704 0.6089643294 0.5915871591 0.2936664011 0.1097545205 0.4715498250 0.8996001444 0.1704262212 0.8665645210 0.2954039827 0.3426608491 0.8182795955 0.7620174632 0.0605328856 0.5250253959 0.6482549671 0.0801361362 0.3355220083 0.0922169104 0.7259679268 0.1751583629 0.3634239199 0.5767294744 0.2161006472 0.9359722957 0.6441335169 0.8478522756 0.3651029278 0.2707785113 0.4586010168 0.3765433111 0.2809258822 0.0675653457 0.9681304702 0.5745922833 0.1773198667 0.4396802948 0.4741924272 0.3477460879 0.3062448154 0.7695964099 0.6904069370 0.1245244104 0.5316138726 0.7509398231 0.6495498068 0.1798688393 0.8310759593 0.9850718151 0.2720857501 0.5570438856 0.1602301775 0.6355096701 0.1337733600 0.3763308247 0.5714819653 0.7779068769 0.2241830999 0.9365848931 0.0486853877 
0.6827841167 0.3131282038 0.3296112699 0.7503494624 0.2812586735 0.9042035532 0.9276693291 0.7209389683 0.3783959799 0.2754154169 0.0271837837 0.1479923893 0.9658223539 0.1517081941 0.6796062620 0.7167621766 0.8012580009 0.8594751017 0.5478381359 0.7863298155 0.1315608514 0.1048820210 0.9465599931 0.7670705215 0.2386553810 0.3228908173 0.3385524863 0.0165622574 0.5470739173 0.2751373794 0.0652476456 0.2298580335 0.5882655832 0.3948589155 0.9802074963 0.8695242572 0.2990624687 0.9078768249 0.5904632251 0.6774584487 0.1832922414 0.6176470088 0.8254508385 0.1491145953 0.7693552034 0.5050571000 0.8658767719 0.5706132038 0.3645322013 0.4137149073 0.3569430194 0.4960930527 0.5185969288 0.3035030120 0.2631635737 0.7572523098 0.6263938298 0.6017160605 0.7738145677 0.1734677466 0.8768534399 0.8390622134 0.4033257805 0.4651190226 0.2339211284 0.3835332763 0.3346432794 0.5329835972 0.2914101008 0.9251065049 0.2104420458 0.4747023426 0.5427535132 0.0358928838 0.6238169380 0.3121087161 0.5409499838 0.4896937094 0.8827219204 0.9054821855 0.9034086172 0.2396649393 0.4015752377 0.4220055455 0.5431679513 0.6647388119 0.1792578549 0.1695617806 0.2664548719 0.9530724226 0.3430295276 0.1433083113 0.7921346355 0.7463553081 0.6084273339 0.0260557640 0.1298885840 0.9430706138 0.5590393611 0.4212986847 
0.8681771182 0.7694814069 0.8960010274 0.4109306309 0.8053742907 0.5198179649 0.7230393475 0.3463242745 0.0095116743 0.6057612675 0.2518064595 0.9129202915 0.8454262069 0.6533816972 0.3349258366 0.3885941577 0.3181205086 0.5141836915 0.5581559388 0.5845753805 0.4672561141 0.9011854664 0.7278836918 0.2593907492 0.6475407740 0.3363110257 0.2854465131 0.7774293580 0.2793816390 0.8444858747 0.1987280423 0.1475587567 0.6139672811 0.0947290697 0.5584893876 0.4193415718 0.6145470345 0.2815287347 0.7656658463 0.6240587088 0.8872900023 0.0174723053 0.5369789999 0.7327162087 0.6708540025 0.8719048364 0.1213103664 0.9889745116 0.3860885279 0.6794663052 0.5735498916 0.8533446420 0.5806517711 0.3014335834 0.1127353907 0.2281925446 0.6377446091 0.3981819043 0.0056219022 0.9171262481 0.2426677785 0.2043499445 0.0646850043 0.8566350596 0.2990790141 0.6231743920 0.2759766310 0.9136260491 0.9047031272 0.0416424768 0.5376847575 0.7919931290 0.0591147822 0.0746637574 0.5247093376 0.7299687852 0.9465685938 0.6460197040 0.7189432963 0.3326571213 0.3254860087 0.2924931875 0.1860017628 0.9061377798 0.5939267709 0.2987371540 0.1343303240 0.2316713795 0.6969190583 0.1399522261 0.1487976271 0.9395868368 0.3443021706 0.2134826315 0.7962218960 0.6433811852 0.8366570239 0.0721985270 0.5570072339 0.7413601506 
0.1138410038 0.0946919909 0.5333532791 0.1729557864 0.1693557483 0.0580626163 0.9029245716 0.1159243421 0.7040823203 0.6218678675 0.4485814634 0.0295683285 0.9143610550 0.6345832267 0.9357061083 0.5082878259 0.9333203807 0.0700364318 0.7399592054 0.6302394386 0.2099886579 0.8887568330 0.5698262749 0.5542908290 0.1022394640 0.3660481704 0.1976720138 0.9388964879 0.4382466974 0.7546792476 0.6802566381 0.5520877016 0.8493712385 0.2136099172 0.7250434881 0.0187269868 0.2716725335 0.6279680592 0.1346513290 0.9757548543 0.2498359262 0.5832327924 0.0053231823 0.1641969807 0.2178160186 0.9410292911 0.6724848066 0.1511363989 0.0110657224 0.4124440120 0.7813758374 0.2210543809 0.3012008445 0.3512021119 0.7753452099 0.4034403085 0.7172502827 0.9730172236 0.3423367964 0.1554969797 0.7276964708 0.0225934340 0.7075846813 0.5770677089 0.2362033512 0.4326281689 0.5957946957 0.5078758851 0.0605962277 0.7304460247 0.4836307389 0.3104321539 0.3136788170 0.4889539212 0.4746291351 0.5314948356 0.4299832119 0.1471139412 0.6826312350 0.4410489348 0.5595579532 0.4640070719 0.6621033157 0.8607587977 0.8152091842 0.4374485251 0.2641991061 0.5324594665 0.4104657482 0.6065359025 0.6879564462 0.1381622186 0.6291293365 0.3955411275 0.7152299274 0.8653326881 0.8281692964 0.3110246231 0.3732085728 0.8887655246 
0.0414706473 0.8568393117 0.1991976780 0.3551494644 0.3457932325 0.6738268131 0.8866443005 0.7757764448 0.8209407548 0.5692755350 0.2168253792 0.3804987075 0.0332826064 0.8789286948 0.2412575051 0.8484917906 0.3163772194 0.5054566113 0.3809512567 0.7268429677 0.1119925133 0.0689077028 0.8650051862 0.7411218499 0.4644488303 0.5802351132 0.6064545375 0.2926181263 0.8912597363 0.9796631103 0.1813836504 0.9327303841 0.8365024216 0.3805813288 0.2878798481 0.1822956541 0.0544081414 0.1745241481 0.9580720989 0.8753488962 0.7437996831 0.1748974776 0.2558476037 0.7770822899 0.0538261719 0.4971051088 0.6255740801 0.3702033914 0.0025617196 0.0065253368 0.0970463586 0.1145542330 0.0754330396 0.9620515448 0.8556760828 0.5398818699 0.5422866575 0.4621306204 0.8324999962 0.4335463938 0.4417937302 0.0138836466 0.3662767775 0.2782961518 0.3944649754 0.6541566256 0.4605918058 0.4488731168 0.8286807741 0.4186639043 0.3242220130 0.5724804567 0.5935613818 0.5800696167 0.3495627462 0.6473875538 0.0771747250 0.9751368267 0.0175909447 0.0797364447 0.9816621635 0.1146373032 0.1942906776 0.0570952026 0.0766888475 0.0499667600 0.5969770726 0.6189755051 0.5120973804 0.4294770683 0.0525218984 0.9538911111 0.4433607149 0.4187986760 0.2321872624 0.8378256903 0.0729553015 0.6927790682 0.2866988072 0.9016360756 
0.1114429720 0.6109208202 0.4741165319 0.7050043539 0.1909904364 0.8236792785 0.3523919072 0.2681651615 0.7988161048 0.3699828518 0.3479016062 0.7804782678 0.4846201551 0.5421922838 0.8375734705 0.5613090026 0.5921590438 0.4345505426 0.1802845072 0.1042564242 0.8640276109 0.2328064061 0.0581475348 0.3073883258 0.6516050820 0.2903347971 0.1452140157 0.7245603836 0.9831138654 0.4319128229 0.6261964588 0.0945568369 0.0428336426 0.1003129906 0.7995611908 0.2338240790 0.9239922692 0.1519530975 0.5019892405 0.7228083735 0.5219359493 0.8498908467 0.5032866409 0.0065561039 0.3920831300 0.3408601109 0.5678651065 0.9842421743 0.7754106535 0.7481496137 0.0884985980 0.6394382639 0.9809560198 0.1466461328 0.9468265897 0.6325611019 0.4369809299 0.0920406054 0.3571214850 0.4200947948 0.5239534283 0.9833179442 0.5146516317 0.5667870713 0.0836309344 0.3142128220 0.8006111504 0.0076232031 0.4661659195 0.3026003909 0.7304315766 0.9881018689 0.1524912371 0.2337182170 0.9946579728 0.5445743676 0.5745783279 0.5625230789 0.5288165414 0.3499889808 0.3106726922 0.6173151394 0.9894272448 0.2916287120 0.7639612722 0.9362538345 0.9241898139 0.2009422016 0.0282944394 0.2813112984 0.6210369964 0.5522478677 0.2646292421 0.1356886277 0.1190349386 0.3482601765 0.4499014497 0.9196460894 0.3558833796 0.9160673692 
0.2222464798 0.0863149558 0.9041692377 0.3747377169 0.3200331728 0.8988272100 0.9193120845 0.8946115006 0.4613502885 0.4481286255 0.2446004810 0.7720229806 0.0654437645 0.2340277258 0.0636516922 0.8294050367 0.1702815598 0.9878415060 0.0303472378 0.1985759992 0.2691528044 0.6513842343 0.7508238669 0.5337820465 0.7870728619 0.8698588060 0.8820422235 0.2369743112 0.7895048949 0.2379256027 0.1530416799 0.0117513742 0.3242405589 0.0572109171 0.3864890912 0.6442737317 0.9560381272 0.3058011757 0.5388852323 0.4173884152 0.7539298012 0.7834857133 0.1894113958 0.8193735661 0.0175134386 0.2530630879 0.6487786023 0.1877949984 0.2409045940 0.6791258406 0.3863709976 0.5100573984 0.3305100744 0.1371948645 0.0438394444 0.1175829364 0.0070536700 0.9258816680 0.3545572475 0.7965585649 0.1638072707 0.5075989279 0.8083099391 0.4880478296 0.5648098451 0.1947990298 0.1323215608 0.5208479723 0.5006002055 0.6712067931 0.9382363874 0.2545300067 0.4546925064 0.1276477827 0.0739035723 0.4722059450 0.3807108711 0.7226821746 0.6600009439 0.6216154651 0.4018080148 0.0463719410 0.1316728630 0.7323180897 0.1835668055 0.1755123074 0.8499010260 0.1906204755 0.1013939754 0.2044582731 0.9871790404 0.2652012460 0.7120572011 0.7954889791 0.7532490756 0.2768670461 0.9902880094 0.8855706364 0.7977150184 0.4908882144 
0.5567774296 0.7359514054 0.7454182211 0.0114699355 0.8635991886 0.8193217934 0.4836758806 0.2443100592 0.5420039681 0.1436768240 0.8659255243 0.9438119828 0.1900487655 0.9975983873 0.6761300721 0.3736155710 0.1731106942 0.5260310976 0.5642360470 0.2745046696 0.7304893712 0.5514150870 0.5397059156 0.4425465718 0.3469040661 0.2929549908 0.7194136180 0.3371920750 0.1785256272 0.5171286359 0.8280802895 0.7353030568 0.2530800413 0.5734985106 0.7467729923 0.1166792294 0.3928203035 0.2304488724 0.3609892886 0.9348242716 0.3741256969 0.2269148125 0.8786362544 0.5641744624 0.2245131993 0.5547663260 0.9377900334 0.3976238935 0.0807974236 0.5020260799 0.6721285636 0.8112867949 0.0534411669 0.2118344788 0.2538333662 0.4003452330 0.5047894700 0.9732469846 0.7375373080 0.6833150972 0.4903756201 0.5656175970 0.4186181535 0.7434556613 0.1391161071 0.1653911454 0.8601348907 0.5319364111 0.3958400178 0.2211241788 0.4667606822 0.7699657147 0.4480389913 0.3453969361 0.3341401766 0.6725521906 0.9001632626 0.2719302100 0.0701760841 0.9809606862 0.7739562899 0.7423046477 0.7922474806 0.8273974568 0.9541391264 0.0460808464 0.2277426893 0.4589285960 0.0193278305 0.9652799973 0.1422436927 0.5097034511 0.5308975943 0.5608618462 0.2531591119 0.6700137014 0.7262529916 0.1132940027 0.2019501120 0.1220930094 
