104 100
0.1082145355 0.1566813845 0.0597523535 -0.1021444769 0.1894644644 0.1077312305 -0.0201729894 0.0352394262 0.0162015213 -0.0352480155 0.1518724832 -0.1217106367 -0.0911602397 -0.1199777198 -0.0085115836 -0.0552930188 0.0407768030 -0.0497777756 0.0354145080 0.0352768435 0.0822810800 0.0152282436 -0.0266364861 0.0807859530 0.0672381468 0.1632804190 0.0470848643 -0.1152811789 -0.0014505751 0.0656931177 0.1456836330 -0.0388459591 0.0045179963 0.0025004723 0.0176266219 0.0369295239 0.1646046115 0.0284749899 0.0812988443 0.1896068730 0.0108239228 0.1838010770 0.0017772010 0.0029696399 -0.0275582186 0.1866566164 0.0460582236 -0.0198765822 0.1640433597 0.0178300018 -0.0873307530 -0.0971504280 -0.1108794001 -0.0985988008 -0.0635371932 -0.0332309159 -0.0561858577 0.1444638815 -0.2166213966 -0.1338515078 -0.2029971143 0.1254923970 -0.0814016530 -0.0672898644 -0.1246957416 -0.0549029252 0.0630256496 -0.0280551232 0.0788568412 -0.2056190222 0.1066485609 -0.0214807220 0.0054135311 0.0904712691 -0.0245915900 -0.0034381546 -0.0286750632 -0.0163998857 0.0434382102 0.0051813567 0.0113270538 0.0543007941 -0.1695379648 0.0377210002 -0.1040140936 -0.1317796200 0.0666314828 -0.0194190936 -0.0579551181 -0.1477139488 -0.0039944183 -0.1385366972 0.1325197909 -0.0742041444 -0.0270353802 0.1514505508 -0.1961195964 0.0071380564 0.0910239404 -0.1264016351 
0.1001997576 0.0549756989 0.1894142250 0.0049779438 0.1043443153 0.1046816711 -0.1823548630 -0.2295298764 -0.0059939424 0.0157840889 -0.0377056074 -0.0679703324 -0.0882184648 -0.0930849858 -0.0005533917 -0.0289708592 -0.0065335805 -0.1066666347 -0.0997522298 0.0583712203 0.0055287164 0.0017063607 0.1376821750 0.0816960483 -0.2048819810 0.1911501973 0.0065319225 0.2056223094 0.0981343781 -0.1409621754 0.0479412605 -0.0408686952 0.0184956880 -0.0312333788 0.0409413654 0.0385481717 0.1629084124 -0.0009495178 -0.0138843526 -0.0342597811 0.0917041878 -0.1149890078 -0.0775905540 0.0035507698 -0.0447805901 0.0166509315 0.1003352320 0.0503997862 -0.2069162233 -0.1835349818 0.0029731299 0.0990652797 0.0594177203 0.0322405886 -0.0227776045 0.0885119107 -0.0589816487 0.1399504233 -0.0942821490 0.0249702795 0.1474230099 0.0469973559 0.0155276704 0.1082080638 0.0658978484 0.0371138202 0.2032432647 0.2672635976 -0.0819568916 -0.0128305963 -0.0919063609 0.0108112613 0.0985449802 -0.1021529664 0.0710871095 0.1200482001 0.0753839539 0.1025401479 0.0174380242 -0.0553977232 -0.0667561638 0.0962398954 0.0384935203 -0.0080976388 0.0751998915 -0.0364391393 0.0891233784 -0.1628955216 -0.0243073836 -0.0871761274 -0.0047106976 -0.0792730630 0.1714987108 -0.0496977654 -0.0095039766 0.0043345266 0.0331192444 0.1146771970 -0.1546078612 0.1524103954 
0.1027000651 0.0369716597 -0.0178826144 -0.2143981798 -0.0156688112 0.0013242533 -0.0425410441 -0.0668658256 0.0719048098 -0.0519483584 0.0635166626 0.0341867302 -0.0765318197 0.0668449811 0.0677865210 -0.1525132754 0.0283154612 0.0511304716 -0.1121221291 0.0549857408 0.0434724891 -0.1654180038 0.0747569519 -0.2266884677 -0.0613052820 0.0999620373 0.2205331302 -0.0205332972 0.0437380504 -0.1199105648 -0.0155891663 0.0763684476 0.0228324792 -0.0049463021 -0.1224017819 -0.1056748199 -0.1463750655 0.1333829101 -0.0209347211 -0.0141571958 0.0450518109 0.0518420337 0.1796142520 -0.0458335153 0.1178026699 -0.1223004542 -0.0025374520 0.0094676419 0.0355684999 0.0299433886 0.1108446229 0.0350088140 -0.0223051313 -0.1468810004 -0.0504116461 -0.1008566687 0.1945310617 -0.1293041522 -0.1492582069 0.0156027998 0.0724915698 0.0337811513 -0.1303976763 0.0243994527 0.0743585804 0.2117705981 -0.0868977791 0.0862188013 0.0722414706 -0.1226611163 0.1060424191 -0.0538014716 -0.0039189383 0.0917971369 -0.0807817594 0.1572080718 -0.0029173002 -0.0533358176 -0.1390690489 0.0650028522 0.0161973126 -0.1208067155 -0.0271281173 -0.0771638890 0.0010931846 0.0138139226 -0.0892896811 0.0073125791 -0.2127100591 0.0062375977 0.0965987332 -0.0470238709 -0.1279236768 0.0990641043 -0.1588491119 -0.0373832124 -0.0462744521 0.1173336449 -0.0686738162 0.1864766758 
0.0958188529 -0.1412632052 0.0266034904 -0.1695811255 -0.0338334006 0.1977548093 0.0860082362 -0.0506399544 0.0493230355 -0.0454183093 -0.1149225039 0.0413403215 0.0816701406 -0.0647265603 0.0307238151 0.1051095188 0.0531864701 0.1064762437 0.0021869982 -0.0936463350 0.0390723044 0.1078035717 -0.1278804013 -0.1156142730 -0.1070446938 0.0480866327 0.0835715422 0.1182540282 0.0138033310 0.0453794576 -0.0055393190 -0.0949234614 -0.2501990916 0.0828076001 -0.0784934414 -0.0254039108 0.0544306848 -0.1510601921 0.0040536947 -0.0843122207 0.0561722651 0.0737980732 0.0619449890 0.0821590473 0.1054937185 0.0980346697 -0.0566057185 -0.0320226212 -0.0244240636 -0.1873328033 -0.0685717591 0.0522587798 -0.0307772421 0.0520786295 0.0011055287 0.0981096700 -0.0382653676 -0.1018019487 0.0532211625 0.0412118442 -0.0583042159 0.0799502929 0.0059406250 0.0017313141 -0.1504555879 0.0304299424 0.0484321141 -0.0429674123 -0.0268807542 0.0471464042 -0.1151837022 -0.2924372281 0.0890684143 0.0806838465 -0.0969466798 -0.1524532532 0.0277621514 -0.1486090784 -0.0511270605 0.0491007279 0.1373863025 0.1165108793 -0.1078009976 -0.2174410471 -0.0304726922 0.0082944162 -0.0666223299 0.0010748356 -0.0678060056 0.0531992471 -0.1837290210 -0.0736431663 -0.0973336389 0.0234722531 0.0431246685 0.1974419088 0.0045345779 -0.0430883244 -0.1265289510 0.0413487316 
0.0925437234 0.1169797362 -0.0130609138 -0.0663567747 -0.0877851203 0.0441022498 0.0411407658 -0.1146955943 -0.0021422346 0.0023697508 0.0050939739 0.1505036779 0.0366049680 0.0886038818 -0.0838649826 -0.0295385633 0.1318456835 -0.1195960536 0.1032077503 0.0725378139 0.0442449445 0.0368916735 -0.0192243031 0.1007779415 -0.0477082139 -0.0757437466 -0.0520540303 0.0535806122 0.1989903411 0.1046295186 -0.0203013650 0.0605381579 -0.1100996138 -0.0493147079 0.0651672770 0.1376220717 0.0118064239 0.2170270318 -0.0786909069 0.0060835144 -0.0556118729 -0.0963757544 -0.0580048935 -0.1140551051 0.2177933131 -0.0915597653 -0.1055032772 -0.0640352078 -0.0658596449 0.0562480726 0.0533296582 -0.0432208071 -0.1098552174 -0.1036553661 -0.1394330852 0.1565036781 -0.0226776396 -0.1244298964 0.0514746856 0.0063543786 0.1323007123 0.0807523802 0.0631743054 -0.0742306034 -0.1937089106 0.1269877697 -0.0649684166 -0.0265271031 -0.1597807556 -0.1294695951 0.0344474765 -0.1085531749 0.1260670785 -0.0322891153 -0.0354901123 -0.0258105655 0.1446073302 -0.0049520327 0.0764614955 0.1240255143 0.2249934093 -0.0405955195 0.0967781867 -0.0135073807 -0.1452419990 -0.0680794067 -0.0302732130 -0.0933841445 0.2311956468 0.0598704633 0.1009654025 0.0398997232 0.0782115467 -0.1180294588 0.0602173936 0.0313277095 -0.1291885714 0.1301058734 0.0482249980 -0.0740971745 
0.1160643545 -0.0852725469 -0.0562107507 0.1680270951 0.1092658942 0.0049994241 -0.0035857279 -0.0526388856 0.0092135848 -0.0219527769 -0.0608027940 0.0245809406 0.0222295087 -0.0741786642 0.0422469967 -0.0010540465 -0.0936765766 -0.0556528606 -0.0481724719 -0.1694596424 0.0833969119 0.0565498440 -0.0266225319 0.1306545880 0.2004951291 0.1408244831 0.0462707487 -0.0689527522 -0.1649624239 0.0279066746 -0.0298936359 -0.1099937880 0.1115485579 -0.0678111736 0.0727005063 0.0075276239 0.1137510475 -0.0005154558 -0.1702437457 0.0603480135 -0.0538934212 -0.1844542448 0.0543334823 0.1122742435 -0.0775865570 -0.0141225923 0.0473470603 -0.0475740320 -0.0154798210 -0.1031957628 -0.0098235511 0.1110813647 0.0825195138 0.1771987340 -0.1027054434 -0.1235224551 0.0112128118 -0.1710808273 0.0342341493 0.1799106917 0.1100683555 0.0522096207 0.0754693250 -0.1005176195 -0.0454518919 -0.0352915363 -0.1088509923 -0.1046173307 0.0639171241 0.0770509746 0.0275875080 0.0104565053 -0.0978962990 -0.0615146474 -0.0773314197 0.2105946851 0.0924502357 0.0016542596 -0.0340040378 0.0681135231 0.1909181814 0.0141259159 -0.0646307433 0.0345855674 -0.0527492508 0.0077125314 0.1461545699 -0.1225734195 -0.1170206032 0.2655285609 -0.0392075859 -0.1366262527 -0.0030835641 0.0688252455 0.1006306849 0.0228607205 -0.1657970178 0.0311959147 0.0095328224 0.0658649302 
0.0979862338 -0.1140617226 0.0631662153 -0.1100918524 0.0871148366 0.0013974275 -0.0384807043 0.1415234896 -0.0044356140 -0.1096987451 -0.2233124430 -0.0662777027 0.0778320978 -0.0034986364 -0.0225489470 -0.0367977305 0.0116101814 -0.0170395184 0.1254115001 0.0795726910 0.1389778862 0.0707277383 -0.0721530204 -0.1390667842 0.0539826879 0.1218336136 -0.0910261981 -0.0808853186 0.0870601944 0.1239006650 0.0634237145 -0.0651603356 -0.1838633975 0.0540800545 -0.2050949352 0.0766947729 -0.0329174001 -0.1042385752 -0.2397596267 -0.1101076778 -0.0327213040 -0.0279526386 0.0913288474 0.0222324101 -0.0902328445 -0.0705372812 0.1404897789 -0.0587919548 -0.0446877276 0.0654220563 0.0372301623 0.1162612702 -0.0562790666 0.0053066234 -0.1157191376 0.1054523206 -0.2423386154 0.1250522560 0.1162945949 0.0493750097 -0.0502755180 -0.1407086540 -0.0150535874 0.0419872006 0.0557014239 0.1624541800 -0.0305052019 0.1433776403 0.0763659579 -0.0532060334 -0.0466907512 0.0123647168 -0.1663088028 -0.0893049690 0.0970708508 -0.0120190081 0.0631974793 0.0671865929 -0.0083082802 -0.0464664058 -0.0598225513 0.0562333263 -0.0347353136 0.0684880807 0.1047354676 -0.0979257133 -0.1147373127 0.1202099618 -0.0271255318 0.0025239431 0.1522106354 -0.0341841065 -0.1060921187 0.0365881725 -0.0011805951 0.0896659293 -0.0271693531 -0.0206379555 0.1150027048 -0.0189279461 
0.0961654716 -0.0623563788 0.0886944544 0.0173576199 0.0666987637 -0.1912418595 0.1921727961 -0.1315462152 0.0750275310 -0.0790832915 0.0300396000 -0.0663952237 -0.1000954227 -0.0689516675 -0.1129193709 0.0056743392 0.0350158761 0.0132961926 0.1012854520 0.0127281699 0.0341853270 -0.1068908690 -0.0641111173 0.0724523644 0.1481783530 0.0658242993 -0.0942756477 -0.0872442896 0.0208808221 -0.1002809230 -0.0310689000 -0.0307326901 0.0985374641 0.0864991900 -0.0303011779 0.0038052077 0.2178325515 0.1263683051 0.1422366398 -0.0160602293 -0.0907596256 0.0754127638 0.0859412921 -0.1239360440 0.1821035371 -0.0604409685 -0.1103001913 0.0944774981 -0.0250332222 0.0549030798 -0.1583776815 -0.1324706349 -0.1393058210 -0.0791536775 0.1248735018 0.0191615368 0.0809059632 -0.0912929676 0.1497357931 -0.0241201458 0.0660918029 -0.1495149614 -0.0080983192 -0.0205275261 -0.0178855124 0.1071223104 0.2076200679 0.1411369263 0.0459139427 0.2110180238 -0.1482750935 -0.0258925651 -0.0950890834 0.1996513018 0.0524705275 0.0427691683 -0.0510089556 -0.0785023464 -0.0098768987 -0.0563501016 0.0098925492 -0.0510020587 -0.0705535236 -0.0508987241 0.2039336149 0.0211448912 -0.0413589145 -0.0385974064 0.1347136059 0.1013857816 -0.0283027359 -0.1601054710 0.0648118942 0.0405475386 0.1472455585 0.0404083760 0.0975736258 -0.0729675188 0.0084575619 0.0699542701 
0.0971862781 -0.1361798549 0.0050409570 0.1041662184 0.0256253822 0.0561872773 -0.0467283892 0.1547591980 0.0277691586 -0.1245892014 0.1340251392 0.0757970817 0.1067368324 -0.1040549503 0.0938299384 0.0990074921 -0.0799613836 0.1122490359 -0.0028179801 -0.0428004112 0.0590965239 -0.0207594435 0.0028688799 0.0963237669 -0.0923574109 0.0120426502 -0.0173701589 0.2132334391 -0.0634609751 0.0596921587 -0.1082308244 0.0233557044 -0.0346125862 0.2958838581 0.0189579425 0.0378035743 0.0103201049 -0.0720453940 0.0266988914 0.0909939261 -0.0444270477 -0.1823597406 0.0402389256 -0.1441910405 0.0320869955 0.1110739100 -0.1735546447 -0.0885677287 0.0195636598 0.1224809904 0.2209800078 -0.1736292686 0.0171539457 -0.1159476224 0.0011321735 -0.0692906609 0.0150135233 0.1199298996 -0.1067112258 0.0323532424 0.1126483883 -0.1888158605 -0.0715787689 -0.0146695947 0.2135756808 0.0307603767 -0.0221309883 0.0099685278 0.0103640666 -0.1072649969 -0.1860521853 0.0687226601 0.1430526981 0.0355359528 -0.1609338059 -0.0691407850 0.0504652323 -0.0135005522 0.0051425726 -0.1312937761 0.1601137902 -0.0800043439 -0.0690694653 0.1011703812 0.0626630974 -0.1803851689 0.0361504580 0.0950761403 -0.0969614026 0.0892747859 -0.0979644140 0.0789858555 0.1012711617 -0.0258223886 0.0226097992 0.0246029638 0.0168658988 0.1328332684 0.0173643552 0.0137782192 
0.0964490464 0.0110176506 -0.0330469751 0.0483589505 -0.0679975896 -0.1986213982 -0.0428937740 -0.0704405696 -0.0468875785 -0.1776953987 -0.1012153396 -0.0320081190 0.1467767535 0.0536126641 -0.0191254964 -0.0756260910 -0.0727954395 0.0332199350 -0.1508584238 -0.0727505728 -0.0469250916 0.0397501535 -0.0441316941 0.1508065918 -0.0307889384 0.1518586367 0.0165838887 -0.0340540089 -0.0706379214 -0.0295141502 -0.0936702133 -0.2266025944 -0.1766409740 -0.0994462289 -0.0572370121 0.0118058061 -0.0748754906 0.1617624046 0.1628718111 0.0767104312 -0.0331621429 0.0077472873 -0.0431484169 0.1904073894 -0.1340622068 -0.0084796665 0.0123071907 -0.0346279013 0.0893268160 0.0258001409 0.1182171303 -0.1221671450 0.0349382745 -0.0642835184 0.0591403514 0.0434729136 -0.0836453653 -0.0046285274 0.0003557020 -0.0334444844 -0.1075893836 -0.3055605867 -0.0278865549 -0.2057681182 -0.0824256676 0.1904650465 -0.0415758509 0.0350469524 0.0322143760 -0.0489723716 0.1608305460 -0.0341389976 -0.0248900215 0.0199514221 -0.0720310713 -0.0865385659 0.0691886150 -0.1044386360 0.0661936268 -0.0704593599 -0.0259627890 0.1011525075 0.0227479571 0.0640067283 -0.1122163317 0.2085261589 0.0309160947 -0.0757681255 0.0902440051 -0.0547790272 0.0064823892 -0.0006329686 0.0935725620 -0.0964896909 -0.0805335381 -0.0445948108 -0.0330873552 0.0042221996 -0.0837353971 0.2724680756 
0.0985055979 -0.0232938505 -0.2318912131 0.0443900654 0.0467966448 0.0027045337 0.0179150428 -0.0079210251 -0.2000396455 -0.0648543124 0.0902652437 -0.0002757539 -0.0520533943 -0.0639569292 -0.0684097944 -0.0464077837 0.1217380972 -0.0099163298 -0.1380275696 0.0985959072 0.0244629013 0.2129267330 0.0864038070 -0.1530119605 0.1456446876 0.1919248691 0.0052026382 -0.0435985408 0.0403518277 -0.0498955099 0.0333310116 -0.0604540985 -0.0635196562 0.1383010235 0.0838899075 0.1534044150 0.0404045430 -0.1440276367 -0.0536849669 -0.2451040294 0.0892143566 0.0367183604 -0.0324082280 -0.1585183021 0.2054861012 0.0718166477 -0.0582221538 0.1124342095 -0.0239736879 0.0417192441 0.0292294514 0.0853070790 0.0752351567 0.0350554155 -0.0937058200 -0.0704290025 -0.0429881488 0.1423962985 -0.0889965927 0.0091860141 0.0192636243 -0.0907832712 0.0421399434 -0.0892027426 -0.0370718294 -0.1444126168 -0.0225070715 0.0273334488 -0.0991967641 0.1383032730 -0.0372429737 0.0082434204 0.0182302786 0.1802629101 -0.0720585175 0.0879602091 -0.0500111003 -0.1244273715 0.0198928043 0.0439061644 -0.0654487563 -0.0593991882 -0.0461410317 0.1219219073 -0.2245962504 0.1411619397 -0.0612276838 0.0195911412 -0.0088298330 0.0670145447 0.1984802612 0.0225394197 0.0655580138 -0.0321514296 0.0005498390 -0.1573567686 -0.0345506228 -0.0269364899 0.1342625419 0.0279805981 
0.0938223161 -0.1526263745 0.0045108963 0.1305422762 0.1765204467 0.0172422780 0.1131368833 -0.0314422050 0.1317712320 0.0613811340 0.0998795260 0.0276882594 -0.1282923772 0.0590005557 0.0808638141 -0.0721254990 -0.0134617324 0.0730055262 0.0321623057 0.0628182343 0.0452508351 -0.0441684757 -0.0071344097 -0.0155616567 -0.0932644936 0.0154341071 -0.1346896599 -0.0840565658 0.0396377723 0.0206386950 0.0892848231 0.0481169461 -0.2268900482 0.0931808658 -0.0484925871 -0.1201712466 -0.1846978738 -0.0951226714 0.0117290237 -0.0015625045 -0.0883367376 -0.0428874363 -0.1084570944 0.1644038614 0.0213502128 -0.1382873836 -0.0889746635 -0.0784743021 -0.0629304485 -0.2390783057 0.0838718078 -0.0066440537 -0.1091025575 -0.1866632516 0.0757544462 -0.0917472994 0.0643584513 0.0878022618 -0.1338151880 -0.0217804873 0.0473531667 0.0297082063 0.0561922472 -0.0639579109 -0.0818238225 -0.0348801192 -0.1081801582 -0.0635907069 -0.0220708875 0.0656661972 -0.0598498477 0.0022017133 -0.0581224087 0.0627296856 -0.0311217634 0.1177191942 0.0177054579 0.2092000531 -0.0795649391 -0.1052745068 -0.1280981270 0.0400070514 0.0785625196 0.1596732968 -0.1457662767 0.1105347619 -0.0451719573 -0.0365133893 0.1693835926 0.0566426115 -0.1487323096 -0.1394442593 0.0343731262 -0.0931146732 -0.1187242571 0.0418629124 0.0253202047 -0.1532654866 -0.1457492850 -0.1844583940 
0.0985902024 -0.2081118809 0.0455528132 -0.1214778317 -0.1999557982 -0.1384388408 -0.0671280806 -0.1055289308 0.0157534475 -0.0502768840 -0.0704827523 0.0393626465 -0.0171679946 -0.0788955766 -0.0373653640 0.1010341609 -0.1187775553 -0.0617741506 0.1696069469 -0.0512072859 0.1250011888 0.0473621298 0.0550898394 -0.0394616505 -0.0701497308 0.0976652569 0.1439526272 -0.0929583219 0.0857447999 -0.1537605631 -0.0203546116 0.1537180337 0.0121909756 -0.0359843286 -0.1343908909 -0.2126922902 0.1002553236 0.0523571926 -0.0334357186 -0.0395946622 0.0894522703 0.1394413310 -0.1191914193 0.1099726088 0.0070374714 0.0632290729 0.1004001318 -0.0435911708 -0.0907212010 -0.0411073355 0.0269772774 0.0592496163 0.0768879854 -0.0341210134 -0.0302273191 -0.0347524852 0.1111592895 -0.0513038795 -0.0687866987 -0.0639045971 -0.0334865437 0.0134970560 -0.0945933507 -0.0923491317 -0.0984743333 -0.0312910458 -0.0555650950 -0.0585937389 -0.1362392295 0.1394486144 -0.1108278416 0.1119249066 -0.0889254868 0.0076939042 -0.1373561036 -0.2338069557 0.0087825646 0.1371621318 0.0476762862 -0.0925715644 -0.0388313760 -0.1567475539 -0.0963871307 0.1426529831 0.1000538294 -0.0087968577 0.1188450728 0.1557682416 0.0557112682 0.0301746869 0.1109167839 0.0315689364 0.1246618020 0.0146004956 0.0835074963 -0.0702964931 -0.1659883289 0.1435343767 -0.0078100240 -0.0956981615 
0.0929474232 -0.1427686009 -0.1286132682 -0.0376571789 0.0329030224 0.0782972679 0.0225988787 -0.0522687315 -0.1418802146 0.0913600358 0.0176699016 -0.0645533383 -0.0363277230 0.0597295736 0.1764596427 -0.0661039598 -0.1146285545 0.1171667146 0.1587313706 -0.1155823709 -0.0571779612 -0.0609974371 0.0701582615 -0.1199550480 -0.0572083476 0.1988208435 -0.0726179316 -0.0329906797 -0.0081908271 -0.0550566346 0.0319865303 0.0242192411 0.1699883871 -0.0414962696 0.0485525498 -0.0480883070 -0.0044282649 0.0910339136 0.0683627102 0.1859245534 -0.1874976634 -0.0437982854 -0.0479113851 -0.1632420016 -0.0126674332 -0.0685515916 -0.1233045607 -0.0749874702 -0.0330416045 0.0255766501 -0.0613476102 -0.0707261723 0.1540019057 0.0918253462 -0.2123721612 0.1133181498 -0.1532696382 0.0405049244 0.0101836142 0.0447811695 0.1024440440 -0.0591657294 -0.1400047275 0.0591709325 -0.0930997235 0.0853322165 -0.1284940193 0.1007239532 -0.1409948488 0.0844443109 0.0629444306 0.0701762790 0.0690201122 -0.0759149967 -0.0532523956 -0.0717330489 -0.1407483346 0.0087785943 -0.0191694688 0.2138896371 0.0720303238 0.0159987140 -0.0600964549 -0.0151516935 -0.0138869677 0.1603751367 0.0559309121 0.1283165068 -0.0314991984 -0.2270239946 -0.1242253302 -0.1223099517 -0.1125958488 -0.0531987201 0.0821672030 0.0104850937 -0.0132490761 -0.1051279105 -0.0323499871 -0.1182885221 
0.0944657950 -0.0004461766 -0.0527010783 0.1160883855 -0.1025079674 0.1082884296 -0.0110752287 0.1179350345 -0.0303749023 -0.0140559661 -0.0360944304 0.0639103536 0.0443972313 0.1530334875 -0.1225897905 -0.1236298563 -0.0696637562 -0.0552412174 -0.1235763941 -0.0095433648 0.0641676954 -0.2923802293 0.1429887956 -0.1123440500 0.0101993415 -0.0454516242 -0.0301272841 0.0283552408 -0.1395914686 0.1417659211 0.0759586239 -0.0307967000 -0.0255596426 0.0009238393 0.0974195492 0.0331328775 0.0808157070 0.1651585619 -0.0218785448 -0.1168312736 -0.2532120692 0.1614380232 -0.0186206349 -0.0026807470 -0.1254530873 -0.0328339063 -0.0130800260 -0.1315036614 0.0187661326 -0.0389990090 0.0009732585 0.0877254407 -0.0632637958 0.1361924913 -0.0465577069 0.0247489066 0.0618081037 0.0236326033 0.0705433442 -0.0447634836 -0.1396441329 0.1630276014 -0.1132108658 0.0261184227 0.0570541370 -0.0742256678 -0.0963196365 0.1889281665 -0.0681268554 0.0276927301 -0.0555037112 0.0173036614 0.0304510345 0.0526818548 -0.0792845058 -0.1037236620 0.1600084567 -0.0094087475 0.1579566742 -0.1032405959 0.0058538727 -0.0099049644 -0.0422992627 0.0639216195 0.0676153914 0.0030320775 -0.2452900320 -0.1139125554 0.0198435951 0.1060558871 0.0212906120 -0.0819105606 0.1745759647 0.1134731038 0.0269333094 -0.0885711824 -0.0294399784 0.0681362530 -0.0859790466 -0.0977331389 
0.1004429989 -0.0599960888 0.0690396717 -0.1129828119 0.1237062224 0.0277362169 -0.0407753207 -0.0156352628 -0.0764127034 0.0654566808 -0.0716002699 0.1542836519 0.2501809722 0.0673956626 0.0432729172 0.0079370489 0.0973980694 -0.1493562857 -0.0494689684 -0.0469523345 0.1493447173 -0.1291612123 -0.1856062882 0.1200819211 0.1020964816 -0.0513242350 0.0004953376 -0.0486741185 -0.1562543211 0.0128257986 -0.0766905347 0.0393313708 -0.0531827852 -0.2059016591 0.0363483454 -0.0266161507 0.0847873318 0.0474610954 0.1746535728 -0.0705418534 0.0999795963 0.0128331411 0.0116948013 -0.0636511996 0.1240030042 -0.0459527281 -0.1222784737 0.1229772417 0.0532706182 -0.0820502159 0.1485270485 0.0726890329 -0.0732954662 0.0191262572 -0.0998383938 -0.0778669541 -0.0342524060 0.2105808034 0.0673815564 0.0154322477 0.0734296765 0.0414633394 0.0071294463 0.0270996046 -0.0202638991 -0.0510973021 -0.0790269696 -0.0797422103 -0.0681259484 -0.0968937430 0.0140105903 0.0497467281 -0.0951012568 -0.0114375268 -0.0068441080 0.1363637027 -0.2346524007 0.0822449480 0.1262970932 -0.0790771174 -0.0825110190 -0.0668758858 -0.0457334085 -0.1389582279 0.1017660792 0.1383064457 -0.0130532564 0.1267876177 -0.1059050569 0.0895590964 -0.0369738280 -0.1468898782 0.0213147593 -0.1076934367 -0.1187541969 0.0895564563 0.1518091320 0.1909525460 0.0013431019 -0.0508773505 
0.1070268176 -0.0675046002 0.1960090306 -0.0050310101 -0.1537904066 0.2218557590 0.0946912664 -0.0857211361 0.0047962292 -0.1396162714 -0.1407042127 -0.0388988780 0.0422542800 0.1612761291 -0.0756851799 0.1411900352 0.1004350934 -0.0456933757 -0.0743661447 0.0345405949 -0.0450136910 -0.1087530649 0.0188938406 0.0214567469 0.0320198926 0.0418837154 -0.1262380272 -0.0535258015 -0.0361672396 0.1444327850 0.0830663240 -0.0734746267 0.0977472787 0.2055890936 -0.0054067996 -0.0430795786 -0.1221613353 0.1186212054 0.0841056276 0.2682688158 0.0288332543 0.1084722749 0.0031264073 -0.1148267219 0.0371312759 0.0490066471 0.1307954882 0.0157140796 -0.1562585696 -0.0155350444 0.0685446365 0.0875980793 0.0356983773 0.0786319199 0.0397141654 -0.0047127916 -0.0320432018 -0.0519001469 -0.1134630322 -0.0097417597 0.0381302970 0.0900096384 0.2120370665 -0.1031389099 -0.0365309827 0.0747671498 -0.0295426255 -0.0235917086 0.1338947445 0.1161977760 0.0049564951 0.0710849098 0.0346773066 -0.0467018334 0.1404686366 0.0011076269 -0.2059040830 -0.0508916823 -0.1797988409 -0.0640611814 0.0528519211 0.0869704686 -0.0450692029 0.0351443260 -0.0293035873 -0.0654777096 0.1218522026 0.1336789687 0.0710429163 0.1217295217 0.0458920847 0.0647658667 0.0055081227 -0.0427317390 -0.1944839623 -0.1443289561 -0.0535030483 0.0585504404 0.1046983170 -0.0296145148 
0.0985951183 0.1059232920 0.1323087680 0.0876443554 -0.0406181844 -0.1160424895 0.0310263954 -0.0307875047 0.0912692640 0.1186413385 -0.0122626036 0.2271060610 -0.0533557242 0.1299214440 -0.0864604803 0.1593083420 0.1220972265 -0.0071582335 -0.0564534597 -0.1194516554 -0.0405268980 0.0220283978 0.1413929991 0.1242600525 0.0944432151 -0.1232815485 -0.0152643623 -0.0176196968 0.0462166644 -0.0922999848 0.1559600808 -0.0182516143 -0.1715018626 0.1264874169 -0.1385682872 0.0327980711 0.0496306055 -0.1329382538 -0.0029972748 0.1127652903 0.0446423268 0.1141014872 0.1461792678 -0.0864688443 -0.1477150191 0.0000149835 0.0292804859 0.1530764478 0.0648619101 -0.0198605048 -0.0300311862 -0.0923694260 0.0850373433 0.0309617591 -0.2686555066 -0.0578592280 0.1442063711 0.0442175100 0.1262476650 -0.0643962326 -0.0717730701 -0.1222630617 -0.1153736899 -0.0215571911 0.0111555771 -0.0049624666 -0.0663999546 0.1464907300 -0.0891002726 0.0640142184 0.0331795641 0.0181177572 0.1310258020 -0.1553456337 -0.1202719586 0.0782443754 -0.0612328753 0.1412135241 0.0206574634 -0.0596113461 0.1460372022 0.1070461618 0.0074924301 0.0249246861 -0.0971856176 -0.0215197722 0.0146968320 0.1047566824 -0.0039466560 -0.0692673601 0.1941348431 -0.1025989638 -0.1088578546 -0.0299775808 0.0592508642 0.0586076807 0.1241424256 -0.0784777269 -0.0826319652 0.0189453696 
0.0995951284 0.0166905238 0.1221407246 -0.0355438984 -0.2013690161 0.0026443745 0.0742864916 0.0724049683 0.1425577602 -0.1772499743 0.0467450510 -0.0070187565 -0.1018591994 -0.0008575937 -0.0019191813 -0.2115673478 -0.0132781152 0.0519997446 -0.0147264824 -0.0171249617 -0.1223215241 0.0347340379 0.0147717826 0.1555600107 -0.0649757141 -0.1229300103 -0.0501160441 0.0919457614 0.0291969659 -0.0820722882 -0.0203406195 -0.1971114487 0.0908279864 -0.1668447067 -0.1004434581 0.1995435700 -0.0749834494 -0.0375809984 -0.0595591064 -0.1018444013 0.0845131576 -0.1215908510 -0.0760206660 -0.0940793663 0.0163956135 0.0311082979 -0.0031885577 -0.0123404561 -0.1224853823 0.0590672206 -0.1034751768 -0.1334252982 0.0466526788 0.0933392958 -0.0059359569 -0.1415333255 -0.0788679894 0.0763583089 -0.1155284288 0.0174117866 -0.0299704218 0.0984179287 -0.0383351531 0.0106153976 -0.0543507594 0.0905269515 -0.0905006181 -0.0663755771 -0.1312693357 0.0172062818 -0.0291128632 -0.0061428367 0.0762734905 -0.0566435936 -0.0082358959 0.0525029193 0.0858821909 -0.0844429783 -0.0956756014 -0.1514842804 -0.2254875962 -0.0715428052 0.1275719828 -0.0383781461 0.0253266479 0.1164359508 -0.0560170009 0.2221199881 0.0203897380 0.0765240050 -0.0507588823 -0.2790562178 -0.0966239186 0.0335005240 0.0589879135 0.0239328752 -0.0817418500 0.0485719913 0.1406512975 -0.0577928629 
0.0925873768 -0.0820156348 -0.2822428502 0.0337002409 0.0115354181 -0.0389029153 0.0290450427 0.0349654144 0.0436349742 0.2093586205 0.0343430618 -0.0215708255 0.1477353413 0.0877099952 0.0125859633 0.2474341335 0.0595909399 0.1340160924 -0.0204588558 0.1158617851 -0.2714817231 0.0072860807 0.0581112705 0.0146965961 0.0649918844 0.1572164110 0.0560226628 0.0053804323 -0.0368495665 -0.0051399961 -0.0173565603 -0.0760215797 0.1305440388 0.0195331763 -0.1045822322 -0.0220512196 -0.0423783512 0.1428043350 -0.0266292766 -0.0066893523 0.0736877900 -0.0006987634 0.0941876486 0.0421697790 0.1162852160 0.0305591918 0.1404240362 -0.1058801386 -0.0081805865 0.0545568157 -0.0109139521 0.0658891324 -0.1266585043 0.0178184353 0.0095968673 0.0666136783 -0.0081915226 -0.0605634150 -0.1390278991 0.0758822377 -0.1175614322 0.0798519653 -0.1060607270 -0.0050897293 0.0766305606 0.0818476473 0.1288770819 -0.0397664784 0.0382286871 0.0355526553 -0.2029735528 -0.0030985202 0.0845647010 -0.1432627804 -0.0025352867 0.1911181348 0.1265871128 0.0200904673 0.1448061883 0.0653709591 -0.0692084546 0.1475977280 -0.0673674858 0.0238002606 0.0544989820 0.0651336111 -0.1520227845 0.0972487518 0.0906954990 0.0061706999 -0.0029088755 -0.0616272306 0.0621138205 -0.2354270567 -0.0612387086 0.0015171324 0.1260402245 0.0570923563 -0.0099016790 -0.0371169686 
0.0981250430 0.0990866729 0.2025018115 0.1197060660 -0.0505406778 -0.1054121249 -0.0154885617 0.2007978220 -0.0400248051 -0.0900206120 -0.1305272135 -0.0128201301 -0.1408963405 -0.0097748911 0.1049628541 -0.0193087953 0.0015304155 0.0144810230 -0.0680088316 0.1513495195 0.1202781936 0.0239781314 -0.1503870950 -0.0975663985 0.0767984048 0.1014536203 -0.0323458657 0.0618929736 0.0003611918 -0.0517450349 0.0007864401 -0.0392670900 0.0267150606 0.0558040809 0.1129335849 -0.0005420271 0.0504539365 -0.0162714120 0.0728479184 0.0855843526 -0.2032699272 -0.0069327762 -0.1106764271 0.0520232709 -0.1155970244 0.0773243980 0.0972097329 0.0645826752 0.0023331254 -0.1256524948 -0.0347349739 -0.0521627094 -0.0939094264 -0.0541848780 0.1401034982 -0.0242473106 -0.0286021553 -0.1000281978 -0.0882143660 0.0380250102 0.0579449416 -0.1109946533 -0.0916778026 0.0430533717 0.0788855241 0.0512376278 -0.1497488932 -0.1752052912 -0.1637877397 -0.0392227296 0.0315701955 -0.0420101039 0.0785894158 0.0161854833 0.1434893015 0.1409810414 0.0355458011 0.0453850517 0.0135559789 0.2633783932 0.0031562735 0.0263242770 -0.1546341542 -0.1122761954 0.0813470919 -0.0352972175 -0.1907523669 0.1533806236 0.0710382183 -0.0221400572 0.1228626419 -0.0024407912 0.0191824027 0.0102389951 0.1099049981 0.0070789033 0.0711422393 0.1361092238 -0.0111424222 -0.0785680524 
0.0923235646 0.1404620127 0.0319520603 -0.0206703593 -0.0172177589 -0.1402562715 -0.0100328116 -0.0967332235 0.0496718482 0.0044959596 -0.1393244467 -0.0544614297 -0.1404544916 0.1341384509 0.0831992001 0.1131710045 0.1528973553 0.1062778729 0.0970330837 0.1245624761 0.0475092100 0.0949010935 0.0184999701 -0.0831324573 -0.0671855311 0.0313371883 -0.0019775978 0.0840492920 0.0142214381 0.0369394976 0.1068226100 -0.2126093526 0.0762256816 0.0800862870 -0.0392320656 -0.0391928784 0.0593663622 0.0707812339 0.0955419772 -0.2103876435 -0.1360644782 -0.0190596248 -0.0182809008 -0.1306228070 -0.1585896234 -0.0228141525 0.0573658048 0.0033103005 0.0778055456 0.0350141162 -0.0987410517 0.0039850951 0.0565606219 -0.1166692098 -0.1445468333 -0.1360072280 -0.0231384127 -0.1988238495 -0.0370445218 -0.1742335423 0.1593218491 0.0285505312 0.1208525620 0.0493879073 0.0253484383 -0.0813244365 -0.0174410491 -0.1556654184 0.0128332187 -0.1478471278 -0.1625393969 0.2044088517 -0.1033812829 0.0288482816 -0.0754297520 -0.0637350776 0.0131426091 0.0396498948 0.0812519933 -0.0597868295 0.1016933655 0.0487575155 0.0753877639 0.0748022152 -0.0132750492 0.1625912384 -0.0007949442 -0.1709473185 -0.1787004777 0.0863139930 -0.1086779736 0.0382166095 -0.0792945347 -0.0033202184 -0.1196700362 0.1312763943 0.0197101445 0.0060515131 0.0555709232 -0.0140666835 
0.1059041561 -0.0281399029 -0.0981751512 -0.1758729257 -0.0822019943 -0.1248957368 0.0347913854 0.0208261435 -0.0065444121 0.0187439384 0.0158698406 0.0740170211 -0.1515752621 -0.0399363008 -0.0923378615 0.1905178850 -0.1387255471 -0.0517720862 0.0458595756 0.0694867901 0.0476310070 -0.1475400897 -0.0258431106 0.1249967325 -0.0744488219 -0.0971770032 -0.0323647562 -0.0289824384 -0.0693254744 0.0124558376 -0.0664621590 -0.0730509441 -0.1504056991 -0.0402599622 0.1315550330 -0.0112121412 -0.0732525248 0.1035701778 -0.1853415979 0.1254839258 -0.2367803343 0.0085434409 -0.0270844634 0.0448246608 0.0985131074 0.1927739085 -0.0155699853 -0.0020610447 -0.1263576721 -0.0378047793 -0.0637552795 0.0188889034 -0.0054250924 0.0607978665 -0.0407544934 -0.1040360089 -0.0587258180 -0.0405820346 -0.0214242316 0.1116542697 0.0128524697 -0.0718792678 0.1054146497 0.0613410371 -0.1379633880 -0.1141264238 -0.0258751599 0.2290742344 0.0784366801 -0.0840869418 -0.0268037786 0.0406265729 0.0154165030 0.0333061585 -0.1279841264 -0.0350482301 -0.0505630839 -0.1012521266 -0.1750422768 0.0831563512 -0.2491275967 0.0170226317 0.0205370057 0.0777830286 -0.0092186970 -0.0344452583 -0.0332792866 -0.1071654954 -0.2147348464 -0.0899698772 0.0427572906 0.0193406272 0.0421503978 -0.0480015281 -0.0457453480 0.1165134171 0.2512256637 -0.0109796772 0.1682162447 0.0378083361 
0.0959823630 0.0204399829 -0.1007507922 0.0488060472 0.0498586773 0.1184415751 0.1012432953 -0.1105579557 0.0298485790 -0.0373397305 0.1122664173 0.0278620842 0.0354568090 -0.0140840274 0.0653177135 -0.0729059867 0.0228990613 0.0267676771 0.0733699433 -0.1655775212 0.1739806555 -0.1385878648 0.1446123749 0.0569065549 0.0036991434 -0.0307702155 -0.0278082850 0.0036935283 0.0264409380 -0.1198370213 -0.1097720793 -0.1289547054 -0.1324123335 0.0093152162 -0.0083364301 0.0632657346 -0.0718400299 -0.0408057420 0.0455862014 -0.0998506273 -0.1279464851 -0.1208463170 0.0465451211 0.1433671382 0.0154840841 0.0473582668 0.1238030273 0.1320601871 -0.1721163294 0.0139863179 -0.1633363417 0.2115374244 0.0281377338 -0.1223676520 0.0718347769 0.0017704727 0.1700926855 -0.1292089292 0.0289959496 -0.0112053698 -0.2415903310 0.0336293982 -0.1514318182 -0.0465398411 0.1449643524 0.0569671930 0.0461104974 -0.1098970590 -0.2120915996 -0.1576588155 -0.0058055202 0.0619382997 -0.0622032864 -0.1561555399 0.1716696268 -0.0052505551 -0.1373161232 -0.1851900267 0.0578950932 0.0246678498 0.0856196221 -0.0859160361 0.0005414344 0.0501031465 0.0156191565 -0.0406102406 0.1200846242 0.0604367319 -0.0569162878 -0.0195092380 0.0156185802 0.0946517628 0.0675984053 -0.1728140615 0.0117853792 0.0430859466 0.0597657350 -0.0899601981 0.1505538291 -0.0526655992 
0.1037588840 0.0255632321 0.0963919651 0.1010264579 0.1138834311 0.0660322436 0.0174008879 0.0350836671 -0.0723113461 0.3304076468 -0.0958973279 -0.1047459284 0.0863418033 0.0760296243 -0.0472377675 -0.0138622807 -0.0440794481 0.0249442519 0.0247766176 0.0066194330 0.1381899483 0.0720817232 -0.1026470627 -0.1062308150 0.0068739966 -0.0598589920 0.0801643747 0.1185248141 0.0590828185 -0.0365136926 0.0511230125 0.0824292664 -0.0306803896 0.0043845047 0.1738567692 -0.0847420225 -0.0612862177 0.2004871929 -0.0211611110 -0.0366499609 -0.0725094602 -0.1387314857 0.0628830765 0.0453066695 -0.0484430123 0.2440323360 0.0286832339 -0.0580344876 -0.0341266970 0.1719999988 0.0195192451 0.0671335139 0.2072752685 -0.0047625625 -0.1047923103 0.1728886632 0.0547981507 0.0610995849 -0.1029694367 -0.1295048577 -0.0132501127 -0.0017168603 0.0219977465 -0.1288451566 0.1014957900 0.0205843092 0.0325554589 -0.0288680817 -0.0876830887 -0.0000445990 0.0448813621 0.0370335295 -0.0109262144 0.2550970133 -0.0187471536 -0.0337743606 -0.0168777097 -0.1010299251 -0.1024610207 -0.1671783324 -0.0700144675 0.0582018337 0.1246507791 -0.1699155754 0.0415493659 0.0671471873 0.0721988703 0.1215928212 0.1694392149 0.0760565953 0.0672926367 -0.1119389395 0.0102282800 0.0905903088 -0.0240849624 0.0750768915 0.0695871738 -0.1386247275 0.0403353812 0.0996665997 
0.1022047749 -0.0868999172 0.0298698068 0.0392019789 0.0310641578 -0.1782865266 -0.0497513072 -0.1290105285 -0.0595702390 0.0028396902 -0.0946097282 0.0730848018 0.2956136674 -0.0895544446 0.0365002240 -0.0701793036 0.1936673968 -0.0730450139 0.2228219434 -0.1104073081 -0.1762176981 -0.0971425535 -0.0707447593 -0.0355079786 -0.0872769461 -0.0083755223 -0.1721027011 0.0968799982 0.0488273694 0.0461190565 -0.0520735942 -0.0187699363 0.0174841691 0.0373689016 -0.0301618145 -0.0236049422 0.0646831807 -0.0077946337 -0.0438416615 -0.1280730856 -0.0889876364 0.0305613312 0.0101525850 -0.1468211581 0.0016103583 0.0589737485 0.0874620822 0.0854741732 0.0490272261 0.1783961426 0.0796630456 0.0761429813 -0.0256757816 -0.0120735235 0.2724679679 -0.0022791451 0.0858182794 0.0272795045 -0.0833047358 0.0226783483 0.0804849424 0.0388714389 0.0398059461 -0.0339594871 -0.0118553042 -0.1311115188 -0.1970102218 0.0054352833 0.0697059613 0.0278972381 0.0002951604 0.0141925810 0.0035110300 -0.0617343630 0.1308245867 -0.0295273803 0.1417055998 -0.0541832036 -0.0041728363 -0.0524283628 -0.0099412199 0.0055943751 -0.0912821482 -0.0230751756 -0.1215787164 0.0577646529 0.0580759366 -0.0768395266 -0.0983857400 -0.3394739073 0.0344720030 -0.1199687073 0.0208864246 0.0774994654 -0.0363363032 0.0257747940 -0.0347328634 -0.0232113477 -0.0178913114 -0.0705686546 
0.0966179748 -0.0903050180 0.0645967589 0.2145491589 0.1979691606 0.1464196805 -0.0786687879 0.0693531158 0.1252499697 0.0443200127 -0.1270290276 0.1479918637 -0.0519954328 -0.0264827030 -0.0446734493 -0.0206210515 0.0449330964 -0.1269633533 0.0072329303 -0.0207707955 0.0309988500 -0.0299724551 0.0554184651 -0.0579915573 -0.0910389523 0.0413798570 -0.0790342884 0.1222386358 -0.0490747941 0.0697459817 -0.0367988462 0.0241912596 0.0751803967 -0.0145654886 -0.0694602987 -0.1061882000 -0.0480109512 0.0470094917 0.1026665988 -0.1347706421 0.0833977198 -0.0378090410 -0.0752251286 0.0579934857 0.1577793559 -0.0223634359 0.1012676708 -0.1057315587 -0.0380221276 0.0196869146 -0.2250256243 -0.0815433155 -0.0511466313 0.1195182112 0.0712502605 -0.0092256396 -0.0540029280 -0.1954894706 0.0272568647 -0.1606896516 -0.0460053475 -0.1376598825 -0.0616422588 0.0599011923 -0.0264590703 -0.1625719833 -0.1290876788 -0.0454557856 0.1431224270 -0.0270364726 0.0248889081 -0.1322871667 0.0199454483 0.0160818253 -0.2431878056 0.0601520604 -0.1516970912 0.0474313998 0.0514033511 0.0857975338 -0.0371655885 -0.1039079329 0.0737012640 0.0660261855 -0.1078106904 -0.1868010478 0.0150881364 0.0518303029 0.1089751961 -0.1803450036 0.0451832010 -0.0944055253 -0.0690302430 0.0085937116 0.0086172904 -0.0981853797 0.0591595373 0.0581834456 0.1326722775 0.2475002566 
0.0923367790 -0.0058197887 0.0484647589 0.0811849997 0.0013068576 0.0002086220 0.0413642578 -0.0686582785 -0.1273002593 0.0740771856 0.0658744871 0.1799059729 -0.0310759786 0.0676405420 0.2773725059 0.1234153431 -0.0960214437 -0.0983303712 -0.0411381862 -0.0204827008 -0.0059128359 -0.1775832666 -0.2036773416 -0.0540572275 0.0114555730 0.2585593028 -0.1091386729 0.1073043312 0.0576965951 -0.0394539926 0.0532502457 -0.0872307143 0.0120814929 -0.0776214884 0.0723020833 0.0443000111 0.0865966005 -0.1671849567 0.0120866353 -0.0443886213 0.1557269314 -0.0866048898 0.0117394738 -0.0019982205 -0.0152451883 -0.0387608903 0.0766675254 -0.1747979903 0.0126351852 0.1440494740 0.0902899024 -0.2261288961 0.0048215868 0.0345437651 -0.0110426069 -0.0686728971 0.0756669788 -0.1322522869 -0.0130584318 -0.0400451743 -0.2258766645 0.0137876526 0.0746772863 0.0760181232 -0.0769990101 -0.0043732206 0.1833599709 0.0252387027 0.0296166466 0.0163854016 0.0708985734 -0.1232364385 0.0371772710 -0.0421368988 0.0240355188 -0.1808891778 -0.0826726730 0.0387159265 -0.0620480932 0.0063186659 -0.0923517541 -0.0416220749 0.1311623234 0.0116709570 0.0541479217 0.1589199806 -0.0425500994 -0.0748311836 -0.0161016226 0.1046418687 0.1992075384 0.1471252491 -0.0135898740 0.0616380539 -0.0342187304 0.0627091593 0.0226559489 0.0768756974 0.0083012443 -0.1861349520 
0.0876226488 0.0111787560 -0.1746727002 -0.1927764773 0.0132864434 -0.0089580644 0.0848322262 0.0355933793 0.1689009070 0.0361460311 -0.0906853877 0.0223784456 0.1168582304 -0.0175993472 -0.0045245183 0.0524577925 0.0194042591 0.1486129227 -0.1009285137 0.1996561448 0.0866209162 0.0669623969 -0.0178034255 0.1258173461 -0.1033529478 0.0934713915 -0.0469067512 -0.1009818632 0.0079566078 -0.0366884043 0.0705112976 0.0333077402 0.0410788340 0.1076272237 0.2038877531 -0.1310971149 -0.0056977296 0.0063578060 0.0452455742 -0.0831119826 0.0528299546 -0.0920743123 0.2008476309 -0.1270358380 -0.1673440412 -0.0135435993 0.0044968541 -0.0904456659 -0.0512657388 -0.1000675098 -0.1315454824 0.0051148659 -0.1906575630 -0.0044606145 0.0044286631 0.0430042233 0.0760424605 0.0553422843 0.0430210726 0.0275080342 0.0311991399 -0.1890332066 -0.0816228200 -0.0753017703 -0.1291598095 -0.2096808267 -0.0423154551 -0.0363736889 -0.0344151624 -0.0841349138 0.1759181671 -0.0470917266 0.0162291804 -0.1728128514 -0.0547834247 0.0825542672 0.0702451212 -0.0875668121 -0.1000822126 -0.1640771138 -0.0530799190 -0.0176488302 0.1103064100 -0.1369133993 0.1947179003 0.0028698913 0.1382507938 -0.0630941138 0.0444638445 -0.0714302162 0.0256452098 0.0511850748 -0.0267978753 0.0529036257 0.1040716360 -0.2044046894 -0.0973715138 0.0618846091 0.0309975540 -0.1465245628 
0.1044882911 0.1182975852 -0.1004595833 -0.0247864338 0.0924704081 -0.0570397053 0.0615529428 0.0641023574 -0.0379214271 0.1027054679 -0.0137208436 -0.0082548026 -0.0321958172 -0.1531366977 0.1852515943 -0.0924067718 0.0937648953 0.0307875092 -0.0090758142 0.0241674927 0.1169219582 -0.0102998728 -0.1072485012 -0.0392104667 -0.1611446303 -0.2232661778 0.1694791699 0.2093825338 0.1877984601 0.1631305553 -0.0199683334 -0.0383378896 -0.0498009330 -0.0483689114 -0.1278561825 0.0961420991 0.0613824850 0.0060357679 0.0700110373 0.1663935600 -0.0454790901 0.1451803843 -0.0355319784 -0.0495160303 -0.0125678468 -0.1346215079 0.1777608597 0.0266230320 0.0510999536 0.0556229232 -0.0548831684 -0.0527262924 -0.0899745424 0.1606646644 0.0179869114 0.0189102708 0.0224404527 0.0074538144 -0.0928929159 0.3202322117 -0.0065904422 -0.0121590215 0.0781221281 -0.2306201516 0.0212670112 -0.0300356237 0.0249994553 -0.0381668058 -0.1149776669 0.1551799867 -0.0023255625 0.0681475676 -0.0260997374 -0.0352462045 -0.1744209913 -0.0408688533 0.0004076044 0.1291637831 0.0217927183 0.0675560263 -0.0916912933 -0.0274641683 -0.0989670395 -0.0293885917 0.1166634758 -0.0189960754 0.1271167648 -0.0537161206 -0.0039227938 0.1111303303 0.0657270293 0.0093748410 0.0133654935 -0.0633808421 -0.0945224926 -0.1528408706 0.0747260942 -0.1154755379 0.0168208883 0.0560158059 
0.0940726066 -0.0401225167 0.1259377073 0.0420038874 -0.1294808802 0.1573084185 -0.1147934666 -0.1163809734 -0.1074670903 0.0935465986 -0.0241539900 0.1523271053 -0.1120206381 -0.1028408084 0.0087217942 -0.0100365473 -0.0962343142 0.0574746773 -0.0290496394 -0.0191634779 -0.1005457083 0.0782154260 0.0362058654 0.0838057432 0.0890872974 0.0185728472 0.0912705278 -0.1108620078 0.0406871374 0.1344290427 -0.1864117559 0.0389249382 -0.0487450242 -0.0805982991 -0.0968330040 0.1038960119 -0.1279153346 0.0123268970 0.2173819773 0.0046696698 -0.0257759166 -0.1427171291 0.0852257618 -0.1297544364 -0.1476758250 0.0495254384 -0.0517272810 -0.0094290854 0.1108172928 -0.1837780275 0.0482544531 0.0190142096 -0.1775826111 0.1401753482 0.0386533097 0.1517576918 0.1391561885 0.0406468402 -0.0970682571 -0.1095454935 0.0483897775 0.0016584900 0.0007114531 -0.0413222089 0.0190684967 0.0676266024 0.1038169422 0.0007587032 -0.0308219611 -0.0828804351 -0.2543039474 0.0726623495 -0.1837310423 -0.0933254029 -0.1134777088 0.0187115405 -0.0545947301 -0.0862648273 -0.0396813943 0.0263423337 -0.0820892895 -0.0291451947 -0.1566680862 -0.0187855743 -0.0764871184 0.0526179131 -0.1095308935 -0.1326410730 0.0800320980 -0.1001932091 0.0677353395 0.0594218531 -0.0813738913 0.2428136003 0.0173241837 -0.0291037353 -0.0159669989 -0.1150079276 0.1632090222 -0.0740415440 
0.1107854171 0.1597390324 -0.1716491136 0.0822943620 0.0206883784 -0.0235383646 0.1892122498 -0.0533941039 0.1557284611 -0.0979148752 -0.0030168900 -0.0019079444 -0.0076826428 0.0562582699 -0.0999447406 0.0168535186 -0.0375895434 -0.0766190489 0.1188626141 -0.0453765659 0.0829070714 -0.0326117661 0.0227862631 -0.0452123012 -0.0071941483 0.0701343962 0.0915381796 0.1307146454 -0.0055175222 -0.0523168306 -0.2709484818 0.1752664788 0.1137094775 0.0156178734 -0.0299854657 -0.1179971464 -0.1640968228 -0.0975151447 -0.0357335760 0.0089798500 0.1078808755 -0.0424836393 -0.1094598315 0.0078576338 0.0247191604 0.1031645972 -0.1615601004 0.0759045529 0.0827851030 0.0583448064 -0.1293205027 0.0510986739 -0.1072927765 0.0483562763 -0.0760400691 -0.0123864152 -0.0330363222 0.1522788007 -0.0360731495 0.0058410495 -0.0416341722 -0.1367116782 0.1526949274 0.0902683037 0.0945446050 0.0594297055 0.0283970043 0.0373677029 -0.0643409307 -0.0026427429 0.1190097811 0.0284308264 -0.1118486174 -0.1058718484 0.0509912474 -0.1491202696 -0.0037268177 0.1504912706 0.0379244095 0.0881355690 0.0822099252 0.2960348661 -0.0339653316 0.0370439218 0.0651041298 0.0291590166 -0.0561412697 -0.1272326789 0.1156424805 0.0491483886 -0.0014417161 -0.1329013244 -0.0238459934 0.1371730241 -0.1762694387 0.0489505945 -0.0612377472 0.1338519610 0.1525912147 -0.0244844606 
0.0945006477 0.0784417648 0.0452934386 -0.0598756243 0.1168546988 -0.0894843943 -0.0279738638 0.0844862859 0.0554054775 0.0566857049 -0.1120466907 -0.0036856478 -0.0451300235 -0.0156172003 0.0000190604 -0.0189610153 0.2550524169 -0.0711082557 0.0014166651 -0.1675334648 -0.2308101271 0.1073535342 -0.0027849256 -0.1250036999 -0.0700775571 -0.0507793925 0.1771511918 0.1010788386 0.0028599523 -0.1232155729 0.0437367394 0.0305260678 -0.0551350776 -0.0300207012 0.1715765535 -0.1538223057 -0.0817887253 0.0229324274 -0.1057484125 0.1266357324 -0.2199849621 -0.1964261000 -0.0687583981 -0.0006007039 0.0664884666 0.0992025095 -0.0016588060 0.0876149256 0.0808830536 -0.2149257616 0.0327897343 -0.1421286950 -0.0224964417 0.0019246236 -0.0201346317 -0.0312332869 -0.0242388488 -0.0095851164 0.1745481572 0.1116266157 -0.1608115998 0.0329249003 -0.0979687689 -0.0013226914 0.0052819590 0.0590493808 0.1867704563 -0.0200401117 0.1605366835 0.0527287007 -0.0972466261 -0.0387506857 -0.0488180484 0.0097915224 0.0770052261 -0.0639590598 -0.0799977943 -0.0528866801 0.0091818807 -0.1797401392 0.0433388282 -0.0466092573 -0.0080009212 0.0703385230 -0.1144067661 0.0801034441 -0.0617813009 0.0345960143 -0.0661564423 0.0056939867 -0.0004630293 -0.0549902059 0.0062222930 0.0097805651 0.0174771868 -0.2482996171 -0.0838639693 0.1798052704 0.0881722347 -0.1394277343 
0.0887672721 0.0745216995 0.0103211542 0.0090664322 0.0823611542 0.0849954267 -0.0023035781 -0.1772937132 -0.0436521049 0.1881699201 0.0443314906 -0.0009438268 -0.0607605980 -0.0353736522 -0.1923384573 -0.0855089215 -0.0629806001 -0.1123059922 -0.1109703644 0.0076108129 -0.0528476448 0.0163134137 -0.0183184959 -0.0177343661 0.0876989628 0.0046893466 0.0268762634 0.0091615588 -0.0231888969 -0.0643705875 0.0278929620 0.0414350479 -0.0306309077 0.2403984776 -0.1495958104 0.1042550860 -0.1712859060 -0.0978781515 0.0871943129 0.1787381186 -0.0848122264 0.0115736529 -0.1310189500 -0.0033757326 0.0578637429 -0.1381915650 0.1123159723 -0.1213038110 -0.1181356573 0.2370435423 -0.1112627918 -0.0609571963 0.0220171392 -0.0052204137 -0.0224209250 0.1095420843 -0.0523810337 0.0709611890 0.1984915839 -0.0395135553 0.1209336501 -0.0165451724 -0.0411192674 -0.0021232803 -0.0080843150 -0.0986337034 0.0430571769 -0.2147015686 0.1054783635 -0.0559118353 0.0891833066 -0.0664049670 -0.1036490066 -0.1435566654 -0.0413000197 -0.0802889726 0.1581454330 -0.1485924997 -0.0032124999 -0.0800712720 -0.0753495512 -0.1491062463 -0.1121017108 0.0680344215 0.1500050880 0.0821534534 -0.0654616586 0.0074656155 -0.1832422794 0.0682616551 -0.0435809449 -0.1050493669 0.0377748228 0.0079025459 -0.0452330959 0.0636569433 -0.0316782654 0.0736634662 -0.1210615377 -0.0441701236 
0.1058072391 -0.0451409895 -0.1160657222 -0.0275308901 -0.0994782330 -0.0012561906 -0.0661652015 -0.0218198449 0.0475186286 0.0661175015 0.0346221591 0.0899754767 0.0223874826 0.1227557467 0.1595714360 -0.2853382775 0.0064507992 -0.0003873351 0.0454959792 0.1894239778 -0.0339938819 -0.1083867842 -0.0289282209 0.1744130477 0.1487579080 0.0274130843 -0.0983947990 0.0820491403 0.0605274956 -0.0933169596 0.0941467583 0.2191134354 0.1036495599 0.1115431244 -0.0341190604 0.0986963553 -0.1259996588 -0.0555115869 -0.1146784342 0.0122778356 -0.1087405315 -0.0233408075 0.1096368532 -0.0076346594 -0.2060741828 -0.0813176706 0.0354993921 0.2024346175 -0.0005714682 -0.1469571870 -0.0269982251 0.0711762567 0.1529337976 -0.1137233191 0.1089193314 0.0600830949 -0.0829478442 0.0615625644 -0.0237727981 0.0573508735 -0.0648122817 -0.0618275786 0.0317820014 0.0498691369 -0.1573213791 -0.0470694027 0.0342474164 -0.1205562316 0.0784614310 0.1263408804 -0.1287188606 -0.1328179309 0.0634004561 0.0680231036 -0.0831564637 -0.1580631708 -0.2181301908 -0.0414286875 0.1382471975 0.0325280545 0.0182693142 0.0785788676 0.0216855818 -0.0906500494 -0.0009973730 -0.0625439314 -0.0254200903 -0.0353782297 -0.0636620213 0.0418197730 0.0327933476 0.0114404700 0.1514518043 0.0579032575 -0.0631728832 0.0289595618 -0.0534796641 0.0425874963 0.0247509713 0.1670938636 
0.1021577088 -0.0646000030 0.1570245649 -0.0495937562 0.1693347098 0.0373046833 -0.0793864577 0.0043652984 0.0463508405 -0.0914364456 0.1693858062 0.0227471440 0.0901679770 0.1519962945 -0.1252427668 -0.0266969101 0.1496926313 -0.0540447985 0.0583829249 -0.0201695069 0.0118645352 -0.0770178648 0.0314956272 0.0152670667 0.0156718007 0.0671940602 0.1983469325 0.0035352951 0.0317297828 0.1516872589 -0.2356815383 -0.0506533297 0.0722106039 0.0196875400 0.0775159059 -0.0982516132 0.0392195736 -0.0363422893 -0.1251847791 0.0963452771 0.1052290643 0.0605294523 0.1126079564 -0.2319022722 -0.1404847668 0.0604934247 -0.0636139491 -0.1917995263 -0.1078690781 -0.1790497599 -0.1595891041 -0.0851213712 0.2175196267 -0.0850879910 0.0547100383 -0.0873517883 -0.0178264289 0.0151903599 0.0475338733 0.0108192346 0.0045159129 -0.0629303439 0.1017663901 -0.1154344819 -0.0078104184 -0.0425490220 0.0327375590 -0.0804028012 -0.1308528155 -0.0111706776 0.0201982651 0.0183684590 -0.1355243733 -0.0085142198 0.1145523636 -0.1016259648 0.0912357335 -0.0600169241 0.1372269408 0.1475515614 -0.1657999513 -0.0486062634 0.0687725470 0.0244780220 -0.0568694825 -0.0140233321 -0.1809270134 0.0231711679 -0.0188120394 0.0098609501 0.0247553161 0.0935334167 -0.0835176441 -0.0984956717 0.0209439029 -0.0969529634 0.0888910869 -0.1285359757 -0.1941329686 0.0382431128 
0.0985088685 -0.0817198028 0.0046920927 0.0489077958 0.0063665714 -0.0351594659 0.0209446870 0.0660463229 -0.0308012528 0.0053546715 0.0320469482 -0.0868054780 0.0252793352 -0.2184205281 -0.0468773464 -0.0188046411 0.0404134468 0.0303736428 0.1201034686 0.0798570883 0.1104982111 -0.0766438308 0.2184312900 -0.0135612631 -0.0785890105 0.1021106987 -0.0051418495 0.0589808528 -0.0769514840 0.1796874065 -0.1661312892 -0.0273363727 0.0097176161 -0.0855047271 -0.0156432355 -0.0254568351 -0.2495871305 0.0694790345 0.1301275424 0.0469823638 0.1285726826 0.0236531187 0.1661026220 0.0949147427 -0.1019103433 -0.1170045474 0.1763188119 0.2748897132 0.0383908739 -0.0162120279 0.1313153492 -0.1103967564 0.0562284137 0.0455116976 -0.2227571694 -0.0254356149 -0.0225040122 0.0207654518 0.1659626458 -0.0189893722 -0.0201279632 0.0355578509 0.0269909886 -0.1315114427 -0.0905391328 -0.1438418493 0.1172961117 -0.0638108790 0.0502682199 0.0658624422 -0.0700903022 0.0204261328 0.2314643738 0.1862863485 0.1679750092 0.0245607240 0.0910745919 0.0062015687 -0.0710917377 0.0739351042 0.0540757533 -0.1211439631 0.1780544709 0.0520512335 0.0859351717 0.0028613454 -0.0994319542 -0.0551536796 0.0131085841 -0.0684719822 -0.0302783899 -0.0475977743 -0.0306891598 0.0149579230 0.0595810661 0.1240724557 -0.0200450928 0.0884842721 0.0469982472 -0.0929195349 
0.0883100883 -0.1348530311 0.0889495459 0.0884901287 -0.1681288156 0.0063041418 0.0154768897 -0.0403367172 0.2243537862 0.1005318264 0.2158191799 0.1611553420 0.1121976694 -0.1472565542 -0.0170701581 0.0613718138 0.0431208293 -0.0674578832 0.0953262723 0.0037854649 0.0935970337 -0.0580515598 -0.0900896126 -0.0483073729 -0.0661195976 -0.1395566862 0.0930005215 -0.0139037971 0.0163023670 -0.0477538733 0.1956431507 -0.0758234313 0.2178657912 -0.0238285504 -0.0764581179 -0.1119792008 0.1646443837 -0.0370269361 0.0370312749 -0.0410267905 0.0666527823 -0.0623481210 -0.0044707221 0.0410818543 -0.2037689005 0.0325822440 -0.0426918748 0.1263583085 0.0163128830 0.0770941676 0.0196770363 0.0700565264 -0.1204920480 -0.0192643969 -0.0844542020 0.1872302588 -0.2621672736 0.0241628820 0.0369876850 0.0329618919 0.0923144132 0.0129545758 -0.1934774857 0.0322611361 0.0284403020 0.0425635613 0.0049102346 -0.0206158607 0.0704233889 -0.0730017954 0.1211872742 0.0019218460 0.0023792929 0.0709932733 0.0170833655 -0.0178150737 -0.0331395623 -0.0748575985 -0.1523349770 0.0715826164 -0.1069777470 0.0286888141 -0.0410813515 0.1216711556 -0.1640016489 0.0801486964 -0.1824242338 -0.0779847354 0.0016515933 0.1496520113 -0.0796793628 0.1017189492 0.0542020982 -0.1381999028 -0.0039550481 -0.1302164362 -0.0213099433 -0.0809238455 0.0844515867 0.0682009690 
0.1089587162 0.0620653550 -0.1118617008 -0.1143227632 -0.1545270392 0.1296031432 -0.0026470197 0.0204309694 0.0926629661 0.1689577759 -0.1709315223 -0.1113629671 0.0216816446 -0.0087154147 -0.0573210762 0.0619337368 -0.1261474120 -0.0791467464 0.0306086643 -0.0502961545 -0.0430438000 -0.1519300644 -0.0161139438 0.0965871874 0.0359331178 0.1041834102 0.0454578777 0.0366516974 0.2183406358 -0.1227249866 -0.0019239882 -0.1210154673 0.0129880009 -0.1426341768 -0.0300882922 0.0551812372 -0.0655417260 -0.0770959811 -0.0078147734 -0.0229557354 -0.1065203572 0.0937707147 -0.1100061953 -0.0510949081 -0.0304979271 -0.0568950621 -0.0753792080 0.0216855474 -0.0312214127 0.0830664533 0.0299869666 -0.0407742218 -0.0373926768 0.0956267896 0.0509201839 0.0361470948 -0.0340423900 -0.0367525030 0.0210728687 0.0044384812 -0.0352493158 -0.2645297503 0.1078225791 -0.0779040619 0.1926552442 -0.1652817298 0.0402825923 0.0516462124 -0.0198768633 -0.0466427680 -0.0687918396 0.0242240641 -0.1019341540 0.2033006386 0.0749697422 0.2031524000 -0.1252308976 0.1035762693 0.0454075178 -0.0638071891 0.0221138633 -0.1095816698 0.0392980047 -0.0840099673 -0.2196118074 -0.1674274176 -0.0711176334 0.0408306186 -0.0284306437 0.0156499196 -0.1242439335 0.1295092863 -0.1117880397 -0.1170545225 0.0261746452 0.0338410901 -0.2107387005 0.0419674718 -0.1930602345 -0.0983084419 
0.0976336356 0.1579533635 0.1295798962 -0.1084175638 0.0421667290 -0.0587247977 -0.0146857222 0.0233505577 0.1095260749 -0.1593043184 0.0842355056 0.0124998254 0.0183434177 -0.1335716828 0.0026390263 -0.0097052906 -0.0460874405 -0.2365346934 0.0315428737 0.0174216759 -0.0353859611 0.0395989643 -0.0638635486 0.0523399455 0.0836524221 0.1337371073 0.0166351436 -0.0856410081 -0.0312128391 -0.0210082433 0.1608724801 0.0266980398 -0.1335146432 0.0012180093 0.1756723041 -0.1378745773 -0.0904847322 -0.0179191738 0.0071617166 -0.0386137634 -0.0957497075 -0.0241760096 0.0987323389 0.0035600803 -0.0149294203 -0.0870908016 -0.0208250919 0.0456752358 0.0931675650 0.1389820277 0.1344257134 0.1046629225 0.1377418196 0.0209603610 0.0358347339 0.1530557685 -0.0130656999 -0.1241628908 -0.0309032217 0.0242556940 -0.0480310661 0.0357581487 0.1614448548 0.0962626775 0.0783561402 -0.1254584161 0.0862888781 0.0736502497 -0.1942001997 0.0615450125 -0.0247592489 -0.0882446768 0.1503391116 -0.1598846949 -0.1147764326 0.0679369402 0.0610471543 0.0045470242 0.0394985242 0.0463394067 0.0305523660 -0.1812267271 -0.1241986711 0.1469227430 0.1140203628 0.0745646696 -0.0560095729 0.0873319175 0.1608792139 -0.0312425353 -0.2502184261 0.0313952488 -0.1502379550 0.0251244087 -0.1997826475 -0.0976266259 0.0391731420 -0.1297818310 0.0817153554 0.0509841793 
0.0944528946 0.0381771720 0.2232097107 -0.0422435499 0.0788253967 0.0055165654 0.1476896962 0.0684776489 0.0349952192 0.0803929703 0.0841903473 0.1073129436 0.0921424312 0.1088374167 -0.1420190268 -0.2286085667 -0.2523053561 0.0269021456 -0.0795357754 -0.0268310592 -0.0971538311 0.1286443051 0.0647418747 -0.1845837627 0.0388036362 0.0758116199 -0.0598331234 0.0339776129 0.0319514520 0.0168594015 -0.0375721348 0.0260721092 -0.0138642767 -0.0732181354 0.0486890034 0.0878099482 -0.0310648997 -0.0053311757 -0.0250583592 -0.1150897491 -0.0452508367 0.0610615109 0.0671251708 0.0023180803 -0.0638942391 -0.0965377008 -0.0579605643 0.0001860311 -0.0349621997 -0.0135824239 0.0389894847 -0.0551665791 -0.0396252394 0.0186300729 -0.0210810673 -0.0718303247 -0.0129842657 -0.0178477450 -0.1013066064 0.0593110836 0.0733821370 0.0342598701 -0.1154451941 -0.0181764916 -0.0073947183 -0.0480335952 -0.0023223971 0.0467900255 0.1131185277 0.0680090146 -0.0407794311 -0.0293476290 -0.1364458370 0.0587167956 0.1094582837 -0.1222739158 0.0133593919 0.1033729533 -0.1014500941 -0.0533767903 0.1188345787 0.0235462941 -0.1401311277 -0.0235042984 0.0687557218 0.0088218944 0.2030734418 -0.1758308428 0.0299564367 -0.0462604863 0.0043854964 0.1451661622 -0.1399692600 -0.3994499723 0.0784921214 -0.0327720210 0.1452596513 0.1130248865 0.1819291259 0.0076854497 
0.0993932999 0.0567770012 0.0718316672 0.0446753801 -0.0056987454 0.0847961260 -0.0380191532 0.0205757660 0.0972769578 -0.0036429586 -0.0366252587 0.1321986437 -0.1134495379 0.0019598350 0.1269655629 0.0149614829 0.0137553095 0.1609112144 0.0196302005 -0.0384629996 -0.1815951366 -0.0917039019 -0.0205151590 0.1363214139 0.0874842607 0.1534146150 0.1265794276 0.0007976548 -0.0810174614 0.0055335546 -0.0555647800 0.1006270518 -0.1781818641 -0.0305990890 0.2718760813 -0.1574553250 0.0121790581 -0.0716432794 -0.1312569915 0.0427391021 0.0870659886 0.2159312118 0.0181435681 0.1191987962 0.0247514908 -0.2105982830 0.1500270279 0.1179163173 0.0256805005 0.2258118138 -0.1307059115 0.0839121014 -0.1514388706 0.1183212425 0.0282183800 -0.0497457590 0.0050920068 0.1163724391 -0.0622829900 0.0176778507 0.2280003307 0.0169467210 0.0546525052 0.1179712346 0.0617149900 0.0616584252 -0.0052866588 -0.0629655710 -0.0330433791 -0.0404369424 -0.0188252148 0.1361865795 -0.0495649466 0.0839485630 -0.0170161632 -0.1651225524 0.1262764058 -0.1050979095 -0.0891058647 -0.0600044954 0.0697238850 0.0252125454 0.1017759288 -0.0883143839 -0.1517650258 0.0370587041 -0.0470041095 0.1147296627 0.0128137298 -0.0150715957 0.0278762585 -0.0012826286 0.1055603580 -0.0527610144 0.1637094165 0.0023128995 0.0163874740 -0.0571972619 0.0078662904 0.0398180560 
0.0923021402 0.0596891618 0.1121454522 -0.0361069826 -0.0611673994 -0.0701343605 0.1326562711 -0.0510398213 -0.0209665421 0.1229774405 0.1650116671 -0.0397508106 -0.0037057881 -0.0239081524 -0.0910072983 -0.0184452674 0.1397674030 0.1894462148 -0.0522316734 -0.0871969144 -0.1331955837 0.0799567470 -0.1032960101 -0.1243916849 -0.0191076799 0.1008261628 -0.2126608947 0.0882803894 0.0407525140 -0.0127238800 0.0362898212 0.0615795621 0.1296351742 -0.2449880091 0.0200227024 -0.0478489863 0.0272815203 -0.0395229622 -0.0898302982 -0.0203437263 -0.0143492569 0.0198334985 -0.0668612788 0.1884223453 -0.1219745962 0.1017484411 -0.0620465742 0.0074627339 -0.1101616019 0.0129647915 0.1205308076 0.0373983359 -0.0702538300 -0.0186674625 -0.0887499624 -0.0293083359 0.2074236228 0.1333305787 0.1244741694 -0.1438750134 0.0099121013 -0.1142885806 0.1258517074 -0.1484694181 -0.0238067450 -0.0053028678 -0.0930886944 -0.0177086505 -0.0083706322 0.0858874310 -0.0154613264 -0.0369021361 -0.0412262547 -0.1241848506 -0.0884989845 0.0847244582 0.0779046701 -0.1491250728 -0.0911302187 0.2040373625 0.0213888480 -0.0722808042 -0.0531256691 0.0149654431 0.0106874127 -0.2720308456 -0.0575145182 0.0413104066 -0.0778292218 0.0485271465 -0.0072907647 0.0238027943 0.1174646398 0.0722770233 -0.1605377763 0.0317353294 0.0858740392 0.0314167508 -0.0497947953 -0.0166388184 
0.1031536686 -0.1148901905 0.1054192198 -0.1840004227 0.0218386273 -0.0660728739 -0.0999916202 -0.0968140573 -0.0310037051 0.0646656368 0.0858488363 0.1229358567 -0.0954943458 -0.0823096785 0.0700378635 -0.1275428881 -0.0159229981 0.0299379447 -0.0833712485 -0.0659013067 0.2462054776 -0.0059352493 -0.0075682661 -0.0857618662 0.0917451084 -0.0320450909 -0.1123745085 -0.1693786309 -0.1933415199 -0.0349394695 -0.0400043609 -0.0373220288 0.0373834481 0.0338598734 -0.0704952746 0.0529050215 0.0552941452 -0.0337017667 0.0924669424 0.0061486354 -0.0628014109 -0.0449563417 -0.0921509100 0.0252970394 0.0270562606 0.0603018310 -0.0913375643 0.0222668157 -0.0128307551 0.1194544871 -0.1677898543 0.0331350824 -0.0485157007 -0.0158814896 0.0361658631 0.1387489574 0.0594315432 0.0048039021 -0.0585618226 0.1535367928 -0.0994461911 0.0109481879 0.1087742253 -0.0908998599 0.0783011795 -0.0031053919 0.0850266289 0.0656156600 0.1486714431 0.0204333977 -0.0653777192 0.0622697797 0.0993572220 0.0296403727 0.0146786458 -0.0173323217 0.2302245428 0.0830475859 0.0465308502 0.0206050895 0.1371934065 0.2054482482 0.3389586731 -0.0874171609 -0.1240224307 -0.0382164713 0.0000658177 0.1279320599 -0.0537150428 -0.0565947554 0.0051930617 0.0249702151 -0.1303063470 0.0428394335 -0.1090036326 -0.2442674398 0.0271649758 0.0677851623 -0.0566546293 -0.1041291978 
0.0936217384 -0.0259120742 -0.0129101822 -0.0500915019 -0.0703644467 -0.0605143372 -0.0805962674 -0.0443747689 -0.1565420832 -0.0229326607 0.1200298740 0.0628631312 0.1102965669 0.0582180338 -0.1767437500 -0.1010313520 -0.0304940824 -0.0796356895 0.0316714434 0.0843710590 0.0242621677 0.0109703465 0.0878563515 0.0219860745 -0.2858414294 0.0520676563 0.0728170621 0.0079282078 -0.1625479997 0.1528441936 0.1824463885 0.2026483978 0.0099680406 -0.0686633352 0.0425501480 0.0381477436 0.0689644139 -0.1499564170 -0.0382373870 0.1168109592 -0.0839359353 -0.1486996720 -0.0045259479 0.0414993650 0.0612830078 -0.0919000022 -0.0345463430 -0.0635107751 0.0803946272 0.1375217493 -0.0258314690 0.0634477506 -0.1618131824 0.0226650688 -0.0935336383 -0.2275272177 -0.0503517504 -0.2113757467 0.0831085042 -0.1283342678 -0.0350440832 -0.1150507982 0.0985072749 -0.0306799309 0.0340123690 0.1550045816 0.0890801171 -0.1651832457 -0.0949573710 0.0149588303 -0.1559624071 -0.0861732482 -0.0039269802 0.0379668722 0.1036211100 0.1503239672 -0.0660786403 0.0977472072 -0.0310759010 -0.0859341101 -0.0856640767 0.1729339421 -0.0299319254 -0.0813316736 0.0324696850 0.0012657931 0.0481330230 0.0873374870 -0.0998672528 -0.0878755418 0.0488723114 0.0277511750 0.0876976729 0.0252561424 0.0695572739 -0.0481222869 -0.0682000693 -0.2144308487 0.0095848442 0.0386562348 
0.1056702866 0.0333121359 -0.1481750358 0.0686626883 -0.0970381038 -0.0607518766 -0.1237556912 -0.0421266343 0.1377197613 0.0678426406 0.1720039525 0.0520305501 -0.0827760634 0.1228047653 0.0065825494 -0.0824801303 -0.0733217887 -0.2389498306 0.0126827724 0.0771265845 -0.0246500764 0.1143698637 -0.1041292968 -0.0535892003 -0.0890566766 -0.0923326897 -0.0252935780 0.0009831568 -0.1707527533 0.0780078653 -0.1266361421 -0.1443722574 -0.2282785057 0.0923828891 -0.0845908164 -0.1508123383 0.0198493969 0.0975429635 -0.1182084575 0.0269122958 0.0993093296 -0.0625897304 -0.0686686066 -0.1480805840 -0.0743129044 0.0626547431 0.0376011418 0.1432216497 0.0927383419 0.0401368991 0.0077234081 0.0383306646 0.1808499357 0.0867267228 0.0478577344 -0.0421753062 -0.0290130002 -0.0347148318 -0.1156574453 -0.1004460285 0.0042103491 -0.0495481176 -0.1393516122 0.0589519575 -0.0136746420 0.0305730395 0.0688099177 0.0506975299 0.1495471503 0.1512116590 0.0129702148 -0.0374515389 -0.1581695095 0.0100540023 -0.0067144186 0.1625894538 0.0727942140 -0.0391608863 -0.0569753696 0.1344936678 0.0456502535 -0.0907325120 -0.0048875687 -0.2385309175 0.0712525476 -0.0702692901 0.0941142941 0.0250606510 0.1045285611 0.0068847630 0.0089049459 0.0428688884 0.0872070016 -0.0288651564 -0.0063212518 0.1112533440 -0.0510970979 -0.0061070144 -0.0876461057 -0.2379321787 
0.1048865247 0.1021961724 0.0546361825 0.2797693800 -0.0547561594 0.0724414569 -0.0519411244 -0.0562415413 -0.0450000171 0.0386034188 -0.0289286120 0.0359675338 0.0879742530 -0.0193639345 -0.0183619997 0.0765725423 0.0850300583 -0.0369405211 0.0873449024 0.1746844531 0.0272818562 -0.0389830192 -0.0433433624 -0.0425676488 0.1511564889 -0.0016267194 -0.0064368613 -0.1335572701 0.1308758043 0.0443306059 0.0111323127 0.0237052464 0.0075830477 0.0235579247 0.1328953098 0.0641025872 -0.0752135874 0.1069300530 -0.1385359223 -0.0774891355 0.1611728438 -0.0321330213 -0.0058997195 0.0779797749 -0.0919515081 -0.0294905029 -0.0423893364 -0.0610330289 -0.1207297477 0.0710621084 -0.0315014510 -0.1183037632 0.0237774010 -0.1764627053 0.0277123603 -0.1270178918 0.1274129032 -0.0193798539 0.1387375636 0.3293648886 -0.0150651117 0.0565200591 -0.1118581491 -0.0655631049 -0.0479889077 0.2104449991 0.1009210764 0.1257928633 0.0483431847 -0.0417820082 0.0236316670 0.0349795948 -0.0418123961 0.0899471957 -0.1319923759 0.0414619145 0.0227854530 0.1199392572 0.0588731569 -0.0017422148 -0.1121577751 0.0167331325 -0.0830691036 -0.0205670453 -0.0569809234 -0.0713671487 0.1206973566 0.0640134521 -0.1007700339 -0.1324461438 -0.2261131671 -0.0053214105 -0.0658606918 0.1324010506 -0.0040586423 0.0370153907 -0.0765920941 -0.0477192240 0.0893090826 -0.0565908358 
0.0929430368 -0.1156785918 -0.0232043679 0.0390335980 -0.0834578201 0.1260897093 0.1189482030 0.2417002115 0.1092948542 0.0626429334 -0.0346960275 -0.0607569578 0.0109888420 0.0982886473 -0.0004647652 -0.1546528505 -0.0183343283 -0.0389450377 0.1471340576 -0.1416525030 -0.0870281296 0.0131177754 0.1311636986 0.0944685141 -0.1689197046 0.0523881675 -0.0102108217 -0.1274225346 -0.1425180353 0.0086765244 0.1063934016 -0.0028209190 0.0666423953 0.0984328818 -0.0623058383 -0.0137071387 0.1852141331 -0.0268623615 0.0358655969 -0.0586629407 0.0092749819 0.0514748752 -0.0812259770 0.0441992675 0.1843020093 -0.0135244251 0.2377441876 0.1011967730 -0.0689435246 -0.0891203368 0.1524579512 -0.2344565573 0.0919233936 -0.1548047686 -0.0777480440 0.1411463568 0.0755011365 0.0684956553 -0.0159236826 0.1082591858 -0.0059826987 -0.0501100592 0.2216020030 0.0912598795 0.0313886573 0.0735026044 0.0781496420 -0.0160718466 -0.0932945369 -0.0953462884 0.1706139838 0.0019137343 -0.1603530813 0.0261839743 -0.0864823440 0.1132802017 0.0826017617 -0.0606925848 0.0816242242 0.0011338666 0.0233091339 -0.0020685969 -0.0507957788 -0.1170200675 -0.0284439444 0.0309824545 0.0125299338 -0.1439039945 -0.0467634367 -0.0003350175 0.0500765986 0.1130200202 -0.0210279768 0.1746271842 0.0012051812 -0.0494140149 0.1541476828 -0.0444563533 0.0794939623 -0.0636266275 
0.0872786456 -0.0134559195 0.0586783808 -0.0982426834 -0.0717960216 -0.1231316751 0.1763073906 0.1470362531 0.0408546577 0.0011305957 -0.0999560360 0.2007920938 -0.1577350322 -0.0441395922 0.0954848470 -0.0605465731 -0.0499161901 0.0310837165 0.0644742225 -0.0201603400 0.0680534616 0.1684428721 0.0675050959 0.0874684760 -0.0265498580 -0.0197655565 0.0529613237 -0.0641728014 0.1657772205 0.0672863807 -0.0526918974 0.1093958575 0.2499220494 0.1816914230 0.0697747323 -0.0152136571 0.0130848259 0.0855172746 0.0434213378 -0.0276035941 0.0471180438 -0.0554239975 0.0569723001 0.0864008745 0.0285851819 -0.1104955210 -0.0205096753 -0.0989937507 0.0869897915 0.0838586149 0.1588525443 0.0349618793 0.1511409041 0.2690181719 0.1009162052 -0.0858551519 0.0298058242 -0.0021061259 0.0503778467 -0.0252230235 -0.0510019761 0.0471187105 -0.0758430633 -0.0149278327 -0.0232534600 -0.0755792995 0.0369913746 0.1492613283 0.0096485694 -0.2251636932 -0.0542940928 -0.1780305423 -0.0829147483 0.0222767274 0.1923011826 0.0256499076 0.0183510717 -0.1285129680 0.1378026534 0.0178534290 -0.0559024426 0.0919657083 -0.0198230339 0.0701686726 -0.1212240628 -0.0641763819 0.1188291022 0.0429870175 -0.0210722062 0.0812983671 0.0402225605 -0.1614386588 0.0556601751 -0.0551916689 -0.1422254464 0.0642616461 0.0561310827 -0.0947584723 -0.1658176760 -0.0467497242 
0.0974615999 0.0853525298 0.0117451163 0.0445829727 -0.1406391116 -0.0376518823 -0.0388410147 0.0192824635 -0.1959104290 0.0036272113 0.1012694763 -0.0623675695 0.2543451171 0.1062621629 -0.1105145738 -0.0151750532 -0.0074145960 -0.0232188719 -0.0401870678 0.1288697535 -0.0835246134 0.0405972125 -0.0044939543 0.0577609546 -0.1599680178 0.0668228864 -0.0447157444 -0.1832942241 0.0867684170 -0.2299027693 -0.1018308062 -0.0898679801 -0.0135749992 0.0514091857 0.0165852942 -0.1245578015 -0.0787406778 0.0549258867 0.1146806079 0.0342085631 0.0093501079 -0.0932180182 -0.0010661302 -0.0018240017 0.0358714942 0.0055580174 0.0762091366 0.0177093750 0.0956369131 -0.0809848589 -0.0955021587 -0.0780369200 -0.1208120795 0.0189343172 0.1116296098 0.0786469972 -0.0788231523 0.0427283422 -0.0563462791 0.0192479531 -0.0218501372 0.1516607801 -0.0190288787 0.0174353633 0.0802137987 -0.1938193816 -0.0147166885 0.0484588543 -0.0901370000 -0.0030878785 0.0174491571 -0.1295524267 -0.0390280805 0.0392599144 0.0196916588 -0.1358044123 0.0671878744 0.2631287615 -0.1059965058 0.0821299481 0.1453945681 -0.0533872560 0.0428042435 0.0525121569 -0.1063346733 -0.1166010149 0.0372060272 0.0856736218 -0.2358252541 0.2510658091 0.0540614742 -0.1333279724 -0.0549532113 0.1090549972 0.0937959658 0.0581345544 0.1338004043 -0.1489697266 0.0529365785 0.0639688813 
0.0998444016 0.0051022395 0.0128928649 -0.0680784136 0.1794760840 0.1510004736 0.0139026664 0.0861388170 -0.0182054453 0.0381783087 -0.1340525323 0.0436960367 -0.0559050980 -0.0139197656 -0.0027881156 -0.1188886931 0.1253029388 0.0239412080 0.0246650438 0.0907371091 -0.1142200397 -0.0299465294 0.1128194327 0.1424102966 -0.0138540287 -0.0256640157 0.0618976010 -0.0268862774 0.0910465348 0.1059317573 -0.1875833018 0.0119037406 0.0434503722 0.0262236617 0.0895141242 -0.0723219708 0.0171338965 -0.0689438159 0.0075106320 -0.0826576169 0.0882755178 0.1133936662 -0.3156972657 0.0227296545 -0.1420952245 0.0381759403 -0.2865897100 0.1327476153 -0.0475146030 0.1000079040 0.1069393037 -0.0104170115 -0.0739322815 -0.0900122859 0.0248205066 0.1328432617 -0.0979109078 -0.2535575720 -0.0689404160 -0.0716199132 -0.1647321853 0.0542684632 -0.0722661222 -0.0617059266 -0.0230859576 0.0065452045 -0.0808498899 0.1156643727 0.0778516103 0.1533378992 0.0657578295 0.0319263987 0.0657539062 -0.0862471644 -0.0327125388 0.1357976910 0.0051609349 -0.0399755778 -0.0859377602 -0.0493706252 0.0574308174 0.0746209411 -0.0062577187 0.1066197371 0.1846784806 0.1505218157 0.0428657130 0.0764532579 -0.1888016379 0.1043596897 0.0756077266 0.1232684256 0.0366982282 0.0734651418 0.0954404508 0.0964240331 0.0213905678 -0.1019565607 -0.0500139431 0.0108724396 
0.1066696271 -0.0090986295 -0.0565136899 0.0749034470 0.1238957629 0.1058194851 0.0158723296 0.0905766846 -0.1177170230 0.0112942628 0.1030383404 0.2154619406 0.0843484033 -0.1214019588 -0.0226717999 0.1588360529 -0.1139857408 0.2181864324 -0.0556143963 -0.0462726662 0.0411944914 0.0509615550 0.1137273138 0.0656756915 0.0286945134 -0.0788730047 0.1259806323 -0.1027901848 0.2272823886 -0.0682620430 0.0358303618 -0.1007520066 -0.0077168853 0.0173003222 -0.1507943709 -0.0543178222 0.0290686256 -0.0102398299 -0.0946555127 0.0891182271 -0.1696561173 -0.0877065852 -0.1111256691 -0.0731552856 -0.1128638111 -0.0240891297 0.0326657542 0.0269152769 0.0739155510 0.0017285672 0.0806934032 0.1135746009 -0.0913601387 -0.1065420468 -0.0444717458 -0.0742338901 0.0155594628 -0.1025550421 -0.0673387276 -0.1515789734 0.0608043351 0.0403092383 0.2280189824 0.1630511937 -0.1263059192 0.0304482757 0.0262568115 0.0548769631 0.0725491308 0.1859293063 0.2162223263 -0.0380085127 -0.0001814897 0.0674426204 0.2027832101 -0.0400100107 0.0853833588 -0.0147836143 0.2294076537 -0.0208672314 -0.1116506033 -0.1370732166 0.0314740941 -0.1408816310 0.0086582827 -0.0294703479 0.0230455262 0.0693458313 0.0491727027 -0.0528907838 -0.0666282517 -0.0608991367 -0.0332105341 0.0592047077 0.0008046224 -0.0195998100 0.0509854444 0.1648838308 0.0740973160 0.0867116351 
0.1010278229 -0.0070295672 0.1551077979 0.0170399274 -0.0383760484 0.0567880416 0.0552346111 0.0799095703 -0.0052112849 0.0300135809 0.0878244262 -0.1006146327 -0.0341444878 0.1759999390 0.0890860119 0.0432283635 -0.0444625442 0.0712207402 0.0008843559 0.0412645070 0.0001881987 0.1648955657 -0.0728198577 0.1928697045 -0.3073775223 0.0742505860 -0.1683564457 -0.1475868228 0.0300061389 0.0843131986 -0.0331264110 0.0357459599 -0.0080279729 -0.0613823715 -0.0154391493 0.1174176968 0.0385402835 0.0264461319 -0.1671913239 0.0148650099 0.0691067775 -0.0082143964 -0.0620076116 0.0982709866 0.0871685724 -0.0609932089 -0.1050850195 0.0149421105 0.2804236681 0.0546991987 -0.1824483577 0.1513018716 0.0899174149 -0.1355769778 -0.0774896234 0.0585964234 0.0263565323 -0.0505209830 0.0654675877 0.1124429691 -0.0250695896 0.0743245926 -0.0528580088 -0.1310889136 0.1105932283 -0.1745551917 0.0645372779 0.0131770715 0.1518797729 0.0128309551 -0.0558595818 0.2114001191 -0.0178650893 -0.0687026391 -0.0284931211 -0.0685909653 -0.1186002463 -0.0826630005 0.0864072310 0.0202657482 -0.0184229333 -0.1129883739 -0.0780483732 -0.0408683813 0.0128649139 0.0567123902 -0.1247119956 0.0404539510 0.0730002820 -0.0463771068 0.0039164854 -0.0250967930 -0.0361853451 0.0374954866 0.0026880891 -0.0304672197 0.0072591352 0.1946693991 -0.0686954833 0.1321696251 
0.1062780624 -0.1795561464 0.2122686845 0.0988804861 0.1130354033 -0.1047906771 0.1340633345 -0.1817124345 -0.0286846709 -0.0531139277 0.0603216010 -0.0858353357 0.0053672234 0.0397212934 0.0480997022 0.1473132363 -0.1351631253 -0.0073023990 -0.0203399949 0.0121048262 0.0328653755 0.1204923181 0.1069051425 -0.1131398340 -0.0643720333 -0.1909023471 0.0335076009 -0.0453648454 0.0051193173 -0.0440305891 0.0391182590 -0.0347287146 0.0070562241 -0.1090528732 0.0987359876 -0.0636289671 -0.2061421078 -0.0106435064 -0.1260635812 -0.0534415115 -0.0476810855 0.2307514481 -0.0094258223 -0.1339718500 0.0448502965 -0.1784002738 -0.0523635005 -0.0955772334 0.0182715843 -0.0666442998 0.0889169203 -0.0857582673 -0.0268437716 0.0912284695 0.1854053287 0.1509709511 -0.0964306910 0.0708074092 0.0571325536 -0.0131102690 -0.1061273908 -0.1019324494 -0.0862269202 0.1274897629 -0.0601760645 -0.0373879651 0.1271704822 -0.1345695519 -0.0643281125 -0.0526267967 0.0261891293 0.1742737942 0.1175069962 -0.0310911716 -0.0604791739 0.1681136127 0.0520130836 -0.0552840967 0.1497586609 0.0586269164 0.0447125788 0.0798554625 0.0444290527 -0.1493886388 -0.0521300533 -0.0114591798 0.0766307553 0.0323063362 -0.1530702573 0.0669820289 0.0913226215 0.0669708855 0.1512595905 0.0603267408 -0.0609056886 0.0925562457 -0.0960405446 0.0156501755 0.1530708863 0.0400162196 
0.0942322302 0.1567904583 -0.0798409576 0.0829369330 0.1185468389 -0.0045469908 0.1176425767 -0.1224182827 -0.1907304762 -0.0105570210 -0.1339355425 0.1160142750 -0.1464450227 0.0479118953 0.1297088226 -0.0516666345 0.0335475611 0.0799227659 -0.0298046414 -0.1173175027 0.0140004204 -0.1914659487 0.0241654464 0.1272347762 -0.1899746243 -0.0411372208 0.0911661422 -0.0803672602 -0.0894394451 -0.0035318328 0.0857953860 -0.1623929154 0.1070124229 -0.1187458185 -0.0727841200 0.0177450423 -0.0830821387 -0.0761766335 -0.0634479741 -0.1308429737 0.0022016775 0.0766195544 0.2774797455 -0.0404314170 0.0802359267 0.1360870584 -0.1046910512 -0.0715348799 0.0859824749 0.0028272726 -0.0463458959 -0.0273750670 0.0950361439 -0.0742881392 -0.0219385648 0.0421684854 -0.1577251227 0.0542185900 0.0297281712 0.0404385493 0.0322747907 0.0034504281 -0.0870358436 0.0638261204 -0.0618647733 -0.0503164172 -0.0114781266 -0.0511532658 0.0044748828 0.0907209635 -0.0120039736 -0.0533580782 -0.0804217864 0.0347037880 0.1333646170 0.0216325278 0.1515074354 0.1065004881 -0.2156427741 -0.1010796728 0.0594012071 -0.0480436148 -0.1628312319 0.0407976727 0.0064355588 -0.1861637956 0.0013824147 0.0946898621 0.1718305633 -0.0161323881 -0.0410496269 0.1427596901 0.1304405237 0.1106052027 -0.1060594444 -0.0374841141 -0.0029463303 -0.0059045596 -0.0313552397 0.0290340319 
0.1056500064 0.0828563886 -0.0519254188 0.1083957987 0.0101870785 -0.1243177578 0.0131328856 0.1089517786 0.0638525628 0.1477305822 -0.0620685547 -0.1652003412 0.0207338937 0.0718538554 0.2124644514 -0.0001065965 0.0335722247 -0.1448241344 -0.0292985201 -0.1479074573 0.1185263963 0.0106734426 0.1425070793 -0.0424942345 0.0590331503 -0.0416544905 0.0882937679 -0.1855577888 -0.0304212373 -0.0742922645 0.0877749211 -0.0323375998 -0.0891870194 0.0279042394 -0.0715032965 0.0243264101 -0.0029761501 0.2118985696 0.0749492134 -0.0649504469 0.1247475442 -0.0928569604 -0.1907969895 -0.1135639287 -0.0439299230 -0.1562776507 -0.1709766134 -0.0161785073 -0.0362434982 0.0086200222 0.0684716539 0.1042871779 -0.0230301328 0.0395082249 0.0556962649 -0.0936016541 0.0148303608 0.0943263034 0.0043440365 -0.0056271378 0.0569911998 0.0405122737 0.1704543186 -0.0349774716 -0.1239981172 -0.0267983025 0.1183261709 -0.1396023884 -0.0427610845 -0.0383976585 -0.0777719603 -0.1301089198 0.0349957517 -0.0595662934 0.0152558339 -0.1127965128 0.0202890600 -0.1026126453 -0.2193235363 0.0240761039 -0.0600212014 0.1671640434 -0.0742817897 0.1323866647 0.0448320178 -0.1531636770 -0.0980746504 0.1048711160 -0.0536423063 -0.1605290585 0.0044814657 0.1444614751 -0.0024962161 -0.0066902672 0.2084329861 0.0263975645 0.0946820947 0.1183991123 -0.0471762244 0.0969833816 
0.0925114958 -0.0858824806 -0.2431165845 0.0127481744 -0.1031439910 0.1434068346 -0.1987855883 0.0335983875 0.1141162577 -0.1297758078 0.0680557982 0.0762544405 -0.0484945522 -0.0582151473 0.0748379930 0.0030344591 -0.0570006036 -0.1823881720 -0.0654317986 -0.1235621618 -0.1062677374 0.0841319654 -0.0338063773 -0.1148430153 -0.0843977112 -0.0097213819 -0.0484740643 0.0276738851 -0.0212773963 -0.0217010894 -0.0156324579 -0.0356486986 0.0707777183 0.0607449788 0.1748649035 0.0959643271 0.0285490485 0.1020221580 0.0792995216 -0.1305675548 -0.0486505333 0.2527777164 -0.1241077887 0.0074082698 -0.1351036778 0.0075764846 -0.0396600433 -0.0785958180 0.0604887524 -0.0890468286 -0.0518039954 -0.0323335715 -0.0693255614 -0.1085441566 -0.1087696888 -0.0237954917 0.1980157493 0.0044137539 0.1816244805 0.0236247932 0.0942937426 -0.0582639121 -0.0031829839 -0.0475274511 0.0048783370 -0.0603968849 0.1056249515 -0.0674977725 -0.0025425537 0.0447956932 0.0063967680 0.0387195903 0.1687168629 -0.0376918490 0.2178510164 -0.0623505478 0.0495662874 0.0508930343 -0.0673865601 -0.0910928229 -0.1028823652 0.0680649902 -0.1233613080 -0.1165288384 -0.0167019926 -0.0432280345 0.0754130589 0.0983197040 0.0325763108 0.0569454676 0.0487757468 -0.0957059363 -0.1352958253 -0.0332858799 -0.1879488651 0.1339361498 -0.0088880254 -0.0916770568 0.0908996961 0.1313055001 
0.1016826357 0.0506593825 -0.1072003609 -0.0951111228 -0.0496208400 0.1356034667 -0.0549175758 -0.0809829241 0.0800465493 -0.0272720980 -0.0824507489 -0.2331860133 -0.0715845136 0.0749772867 -0.0675110833 0.0094818521 -0.1950646243 -0.0418759881 0.0170229193 -0.1921585919 0.0303626845 0.0630631475 -0.2457418021 -0.1135010158 0.0478584717 -0.1282338176 0.0080067825 -0.1979932488 0.1208900813 0.1511289919 -0.1361618414 -0.0246264962 0.1025190827 -0.0549066341 0.0830425243 -0.0479308984 0.1047874640 -0.1426493596 -0.0889923497 -0.0044477401 -0.0599698364 -0.1111884123 0.1614725084 -0.1103849901 -0.0235756663 -0.1380549534 0.1154532676 0.1411349130 -0.1133599298 0.0321542046 0.0648581185 -0.1984112685 -0.1120511360 -0.0555698621 -0.0689231636 -0.0895473504 0.0257259110 -0.0009526376 -0.1143959125 -0.0967731327 0.0198077710 0.1085142840 -0.1287785435 -0.0827002363 0.0323648148 -0.0660479893 -0.0154779066 -0.0432073322 0.0359255882 0.0822808613 -0.0288817731 -0.1312230653 0.0569391920 -0.0761918159 -0.0460391688 0.0047423063 -0.0010809688 0.0452630577 0.1199347329 -0.0586704962 0.0437709493 0.0996192303 0.1256015406 0.1193775603 -0.0384471041 0.0303479551 -0.0549722289 0.1024862797 0.0200842594 -0.1111949153 -0.0686622149 0.0405395212 0.2267707134 0.0708470174 -0.0493273627 0.0140729759 0.1595203211 0.0141752704 0.0209109348 0.1536405307 
0.1007769826 -0.0059417698 -0.0980900555 0.0023442189 0.0737716306 -0.0522159631 0.0364393228 0.0308675952 0.1825250540 -0.0660413547 0.1124109519 0.1160357758 0.0302449358 0.0369666853 0.0694029215 0.0813071762 0.0390386930 0.1547631769 0.1259101047 0.1529790875 0.0032467543 0.0923784195 -0.0467688525 -0.1576006472 0.0627238384 -0.0195845507 -0.1640804634 0.0908323332 -0.0856577770 -0.0554101772 -0.0853962364 0.0041134395 -0.1808251270 -0.2712282431 0.0178742002 0.1876081196 -0.0077320210 0.1272947464 0.1312022809 0.1078441225 0.0501777114 0.1303757966 -0.0531602953 0.0335360301 0.0141236346 -0.0084323679 0.0252598808 -0.0550677867 -0.0712152621 -0.0131644436 -0.0117183691 -0.0154908548 0.1388835907 0.0684255430 -0.0957442059 0.0527971561 -0.0760381521 -0.0677678576 -0.1368016887 -0.0528335088 0.1914308650 0.0282424917 -0.0423174239 0.0219615871 -0.0031292790 -0.0364921210 0.1153027338 0.0544984832 0.0013504925 -0.0231005089 0.0822068465 -0.1474245231 -0.1114444031 -0.0697835650 0.1712548533 0.0331500242 -0.1302524425 0.0164252157 0.1420882964 -0.2222403593 0.0927951711 0.0097580999 -0.0257118605 0.1218928364 -0.0022800043 -0.1189056365 -0.0456615070 0.0669332279 -0.1397197744 0.0111831727 -0.0652332995 0.0646496381 0.0909735476 0.2537574301 0.0645930734 -0.1949130517 -0.0105369825 -0.1155090555 -0.0320762446 0.0173831928 
0.0959242721 -0.0268979674 -0.0017018476 0.0616169847 -0.0349694803 -0.0796670868 -0.1224880670 0.0960526537 0.1057680849 -0.1918090133 0.0191220771 0.0455573311 -0.0167124839 0.0762455784 -0.0142997322 -0.0239306533 0.0090398419 -0.0230960622 0.2373507467 0.1315986639 -0.0708466077 -0.0622313290 -0.1086870221 -0.1029863155 0.0934776502 0.0133619691 0.2044197686 -0.1199821571 0.0778774755 -0.0074019433 0.1316784288 -0.1308773449 0.1098531868 -0.1195446833 0.0430888065 0.1164576797 -0.1770941383 -0.2091919410 0.1579850815 0.0909645056 -0.0179567036 -0.0743939476 -0.0657714213 -0.0173761460 0.1153763259 0.1372307424 -0.0650865614 -0.1179668688 -0.0606343164 0.0350456011 0.1804538231 0.1259691196 -0.0086190622 -0.0062536708 -0.1048264540 0.0769153829 0.1294399452 0.0307609679 -0.0179976012 0.0812804098 -0.1290096443 0.0593100078 0.0064848780 0.0913609878 -0.0562366590 -0.1302980910 0.0094203951 -0.1035901172 0.0900685684 0.0481527561 -0.0054312376 0.1731562312 -0.0535183933 -0.0401928081 -0.0693860714 -0.0020442419 0.0263341329 -0.0389439606 -0.0488548260 -0.0727928717 0.1345912635 -0.0022561060 0.1015511508 -0.1210067163 0.0977041629 -0.1380218155 0.0252156170 -0.1637087273 0.0669758486 -0.0780307326 0.1129237225 -0.1510833679 0.0289804290 -0.1101402432 0.1369391308 0.0243844425 0.0856552157 -0.0708663523 -0.1492764560 0.1475492048 
0.0886437774 -0.0320132796 -0.1120899068 -0.0653247224 0.0905738525 -0.0787114337 0.0893904347 -0.1056315690 0.0313377975 -0.0159195255 0.2009794116 -0.1055998853 0.1118940907 -0.0699359454 -0.0217134185 -0.0003328112 -0.0178028139 0.0065285261 0.0158796859 0.0633906495 0.0689826723 -0.1411068808 -0.0902699797 0.1129479393 -0.0904378459 0.0713052030 0.0422355552 0.0842324138 0.0605066850 0.0415660108 0.2225819832 0.0240061178 -0.1088521394 0.0625181341 0.0203782238 0.1580440710 -0.0111798474 0.0580689910 -0.1462083899 -0.0430818422 0.0327031770 0.0092918498 -0.1100963596 -0.0906766690 -0.0705314933 0.0180336530 0.0206455785 0.0398192979 -0.0189884545 -0.1816366254 0.0400374041 -0.1996095929 -0.0995615471 0.2869984594 0.0226984884 0.0246955213 0.1802253041 0.0236500859 0.0671146142 -0.0708856973 -0.0508993887 0.1603769093 -0.0263677284 0.1203181541 0.1565928214 0.0207168327 -0.1328839116 -0.0348572264 0.1427702406 -0.0637338186 0.0077658059 0.1016595787 -0.1413595872 0.0892377077 0.0692988672 0.0039274975 -0.0172419539 -0.1104499315 -0.0073873024 0.1174285729 0.1021573332 0.0860577316 0.0213855264 0.1707091470 0.0303484892 0.1110951909 0.1136991729 0.1734482595 0.1586568758 -0.0242839987 0.0077308862 0.0551791814 -0.1602755471 0.1280456173 0.0433183367 0.0029887545 -0.0006740127 0.0463285151 -0.0817501876 0.1612141564 
0.0953943858 0.0644842134 -0.0963250437 0.0603895042 -0.1109302320 -0.0842878703 0.0666743116 -0.0895365177 -0.0264400847 -0.1415650722 -0.1195789054 -0.0441387215 0.0915367127 0.0987606638 0.0357274186 -0.0126678032 0.0184816676 -0.0189535639 -0.1264792290 -0.2011580451 -0.0174026482 -0.0816258126 0.1124189996 -0.0315417645 -0.0807767596 -0.0454285316 0.0079191927 -0.0599927852 0.2262513757 0.0466341718 0.0048849427 0.1864942254 -0.1678193589 0.1086222348 0.0987195174 0.0779295724 0.0896897910 -0.1131259967 0.1159274012 -0.1418591926 0.0073745586 0.0022161761 0.0267568442 0.1920561213 -0.0858628639 0.1554145960 -0.0384481768 -0.0476723586 -0.0413037812 0.0376548352 0.0092849291 -0.0749133747 0.0352147059 0.0839107143 -0.0094927518 -0.0166953310 -0.1211610853 0.0483508920 -0.0961811123 -0.0845361013 0.1329688934 0.0365829231 0.0143392921 0.0284249090 -0.1590502498 0.0473372508 0.1710992872 -0.0530564775 0.2679662676 -0.0942578721 0.0099277586 0.1779793838 0.0071883924 0.0076239262 -0.0199707483 0.0842217852 -0.0551592265 0.0458716394 0.0698129043 0.2473372904 0.0421440410 -0.1484832630 0.0874944562 -0.0817953267 0.1787008336 -0.0375709713 -0.0943904380 0.0646481735 -0.0514553136 0.0132799731 -0.0800224857 -0.1275923420 0.0065475825 -0.0803710163 0.0093698308 -0.2123056087 0.0255937171 -0.1303089229 0.0160112169 -0.0581525368 
0.0944188195 0.0998222301 0.0902227907 -0.0116388096 0.1518080475 0.0165884790 -0.0810612692 0.1394532202 0.0658989743 -0.0068606750 -0.0570748431 -0.0105455360 0.1622777583 -0.0743674352 -0.0865765845 0.1491831067 -0.2618389337 0.0453582478 -0.1151006251 0.0702412152 -0.0741223262 -0.0244300558 -0.1099860536 -0.0161585360 -0.1043923516 -0.1223908853 -0.1250613621 -0.0553543633 -0.0254264091 -0.0896349039 -0.1332109853 0.0030495874 0.0160463133 0.1437972165 -0.1202420374 0.0500445530 0.0011546639 0.0093171253 -0.0161635936 -0.1235057221 -0.0060357227 0.0213192578 0.1007175025 0.0828716369 -0.0306532146 0.0236491730 -0.1069750468 0.1027431380 -0.0200753782 0.0669268053 -0.0153334283 -0.1049344948 0.0439717150 0.0487579567 -0.0542347051 -0.0241220188 0.0457452800 -0.1249698194 0.0172448471 0.1069090565 0.0234646635 0.1463463697 0.0525523122 0.1417056904 -0.0712936918 0.0581617210 0.0856677526 -0.1530809588 -0.2729637481 0.1111975715 0.0464676548 0.1008082575 -0.0385385178 0.1016241694 -0.0148555019 0.0297995969 -0.1449847788 -0.1352563461 -0.1124237955 0.0427840576 0.0302389859 0.1133922060 -0.0105672680 0.1165769821 -0.0352134854 -0.0426186732 -0.0797142054 -0.1244088477 -0.0569167805 -0.1681256015 0.1556493381 -0.1266140951 0.0607476206 -0.0336074518 -0.1155833335 -0.1334940237 -0.1922386384 -0.0119479453 -0.1963968790 -0.0790526768 
0.0919046272 0.0999143572 0.0262258031 -0.0417705258 0.1079339773 -0.0466190320 -0.2611310900 0.0067577053 0.0423606084 0.0176355573 0.1909989384 -0.1757538260 -0.0089803951 0.0033318936 -0.0825204700 0.0823612253 0.0314350789 -0.1000982676 0.1723737640 -0.0776325773 -0.1436390756 -0.0301890433 0.2229744824 -0.0012182664 0.1342123396 -0.0165769464 -0.0975717232 0.0218513981 0.1429811897 0.1842978950 -0.0308329554 -0.0229556303 0.0901195685 0.0190552413 -0.0630706097 0.1168254732 0.0873329462 -0.0248640539 -0.0287806282 -0.0761300201 -0.0704339497 -0.0634396400 0.1203537804 0.2132586057 0.0731477647 -0.0355949645 -0.0100202816 -0.0563924192 0.1935904971 -0.0980412370 -0.0698756779 0.0801159725 -0.0159823132 0.1609342079 0.0763757412 0.1233969736 0.0736493784 -0.0313952623 -0.1387078221 0.0501046642 0.0479098233 -0.2075662542 -0.0560476268 0.0782161096 -0.2347857028 0.0777891340 -0.0738384623 -0.0553963952 -0.0729905767 -0.0560928455 0.1154530568 0.0222120165 0.0461901777 0.1032486860 -0.0268106392 -0.0546560088 -0.0399967098 0.0341293880 -0.1343982768 -0.1472291149 0.0103157842 0.0209602159 0.0418577960 -0.0283796109 0.0418604575 0.0481915361 0.0295198815 0.1467493181 -0.0361599050 0.1646580431 -0.0322999170 0.1134685972 -0.0153989842 0.0699193309 -0.0699287424 0.0019961596 0.1455135228 0.1374892478 -0.0693148926 -0.0964588141 
0.0953397614 -0.1049264666 -0.0186227811 -0.0678277207 0.1598883781 -0.0132899333 0.0312955748 0.1387388520 -0.2294955399 -0.1628823405 0.0691702385 -0.0253102687 -0.1162909740 -0.0581479922 0.0026599419 0.0125434401 -0.1020404863 -0.0759657383 -0.0515444324 0.0842947949 -0.0527523855 0.0607586251 0.0663627131 0.0173048281 -0.0534415623 -0.1214174879 0.0437292118 0.0831222049 0.0320532446 -0.1071997981 0.0470610570 -0.0686610947 0.0939736709 -0.0036130218 0.0880125853 -0.0235452470 0.1157985946 0.2596003255 -0.0454548475 -0.0931940325 0.1174306766 -0.0930842750 0.0398081990 -0.0378954924 -0.0744373983 -0.0981180895 0.0664951359 0.0457701285 -0.1269241823 0.0247806463 -0.0433988426 0.1051769459 -0.1269024578 0.0473830490 0.0412830312 -0.0288872053 0.0154731366 0.1179089766 0.0290208293 0.0040235222 -0.0865419440 -0.0840165808 0.1056064293 -0.0504872877 0.0334019762 0.1730839234 -0.0261467030 -0.0738064476 0.1748914623 0.0416184517 0.0813548193 0.0119188197 -0.0436404614 -0.1691837096 -0.1083248138 -0.1221795376 -0.1842891054 0.0756400217 -0.0375009304 -0.1227159952 0.2662720598 -0.1641212807 0.0343312834 -0.0539929024 -0.0827040494 -0.0501969900 -0.2352932066 -0.0345537649 0.0347234220 -0.0546119914 -0.0311250503 -0.0179107014 0.0156655834 -0.0338893103 -0.0846186696 0.1120905248 0.0163946019 -0.1954363144 -0.0967394515 -0.1180396554 
0.0932051600 0.0102411262 0.0166907719 -0.1178528074 0.0690162267 -0.0107140477 0.2051867547 -0.0818150141 -0.0822228863 0.0685692974 0.0026536309 0.0594944232 0.0815895765 0.0770828405 -0.1261377902 0.0036171827 -0.0749350926 -0.1378625242 0.0616592807 0.0503272962 -0.1021498687 0.0132414836 0.0150368005 -0.0413185924 0.0062417012 -0.0661857167 0.0225458981 -0.0330535268 0.1415759475 -0.0894411642 0.0170212947 -0.2491856538 -0.0083746105 0.0877745854 0.1237921890 -0.0431718274 0.0708125103 -0.0842000119 0.2449094967 0.0929234586 0.1099718605 0.0062988514 -0.0490531228 0.2037994869 0.0479437862 -0.1045877028 -0.0617339792 0.0337590249 0.0292053764 -0.0898781427 -0.0738204140 0.0994211769 0.1272045322 0.0633976406 -0.1177142971 -0.1947639996 -0.0354226632 0.0659186083 -0.0711486473 0.1321992486 0.0199160825 -0.0324193573 -0.0710679630 0.0600977865 0.1767883548 0.0936063165 -0.2544441407 -0.1007945426 0.1030702465 0.0087242745 -0.1183899501 -0.0165947952 0.2090170399 0.0722949154 -0.0069769042 -0.0478640372 0.0566031480 -0.1039848984 0.1378933016 -0.0044733625 -0.1275492357 0.0376350874 -0.0002601263 -0.0539468185 0.0746469798 -0.0805689728 -0.0194491819 -0.1049626288 0.0910253548 -0.0991469585 -0.0265154396 0.1744503582 0.0017234770 0.2351078060 -0.0064514440 -0.0062673430 -0.0568803599 -0.0057149143 0.0415603699 -0.0521751799 
0.0950244563 -0.0966107590 0.0055531771 -0.1484087117 0.0539133143 0.1717331573 -0.1013725962 0.0005750570 0.1015267502 -0.0695909140 -0.0081377310 -0.0351873850 -0.0206294713 0.1362328184 0.0326538495 0.0322171404 0.1106240495 0.1002626618 -0.1056947601 0.1563657834 -0.0738857150 -0.0177839682 0.1805778982 -0.0616661073 0.0508364433 -0.2743076502 -0.0056667815 0.0418274583 -0.0774801689 -0.2409302351 -0.0784431532 -0.0340946157 -0.0636865741 -0.0811383892 0.0695206731 -0.0147073545 0.2257304425 -0.0572363976 0.0692618486 0.0551144908 -0.0310501754 -0.1288853724 0.1197852154 0.0868551110 -0.0397811301 -0.0480695272 -0.0052288445 -0.0735680717 0.0592391257 0.1645999057 0.0653057414 -0.1035268652 0.0733360908 0.0000431526 -0.0151243382 0.1587760704 0.1270561419 0.0381457601 0.0831165875 0.0954393623 -0.0412015436 -0.0395292548 0.1776582544 0.0435801068 -0.0605292452 -0.0936225258 -0.1016184150 -0.0224518371 0.1176036925 -0.0612683334 -0.1471595648 -0.0483274207 -0.1583810054 0.0685032113 0.0723465569 0.0065053301 0.0537561429 0.1452623878 -0.0382080301 0.2357808258 -0.0782261355 -0.0029897135 -0.0695863969 0.1505478068 0.0501729825 0.1051127701 0.0870764537 0.0877427892 0.1286452727 -0.0521747507 0.0510076146 0.0024722456 0.1066695460 -0.0150630678 0.0205401910 0.1420131975 -0.1613584834 0.0081678085 0.0936453294 0.0571691468 
0.0956425111 0.1555749508 -0.0146784957 0.0741473830 -0.1058266173 0.0726472619 0.0898205825 -0.1332819217 0.0249956840 -0.0441328350 -0.0757530013 -0.0179233798 0.1157718430 -0.1120706891 0.0319716364 -0.0931611416 -0.0749300078 0.0634437018 0.1552424452 -0.0115881178 0.0929258305 0.2098481854 0.0744791844 -0.0463317265 0.0327267475 -0.0149829291 0.0690319200 0.0263109214 -0.0533003904 -0.0630888308 -0.0957099537 0.1194543640 -0.1058578370 0.0342289149 0.1573049822 0.1481980560 0.1101450976 -0.0177009915 0.0959231389 0.0148027477 0.0433390093 0.0435393830 0.0606828206 -0.1746331529 0.0309957121 -0.0714125611 0.1758010770 -0.1928036167 0.2115008524 -0.0788211330 0.0186556516 0.0532978815 -0.0016805853 -0.1228372531 0.0099005963 0.0927214350 -0.0046732209 -0.0863182471 0.1110303730 -0.0094997513 -0.1460769208 -0.0172368705 0.0347240436 0.1204076339 0.1073896563 0.0911738441 -0.1831800965 0.0465597084 0.0970870671 0.1846571173 0.0561631767 0.1101429491 0.0276200071 -0.0467921863 0.0229333343 0.0659232030 -0.1325817426 -0.0375040098 -0.2398162097 0.0475174158 -0.1865622513 0.0080483045 0.1449515823 0.0965134369 -0.1086711166 -0.0792455404 -0.0405687475 -0.0431899796 -0.0519372182 0.0448291875 -0.1045447986 -0.0481240777 0.1359765968 -0.0420867840 0.0061109643 0.0029118484 0.1197600027 0.1182679891 -0.1437868120 -0.0847096041 
0.1031550354 0.2445142949 -0.0852304096 0.0059443190 -0.0319499338 0.1119068226 -0.0783091853 0.1204086518 -0.0261251922 -0.0736561237 0.0351034209 -0.1615074629 -0.0155434515 0.0449118725 0.0647403343 0.0527752844 -0.0479731671 0.0780317730 0.1708832836 0.0025104886 0.0998371756 0.0096771974 0.0853662050 -0.0227002793 0.0348248004 0.0352826178 -0.0154511572 0.0072279991 -0.1490229289 -0.0678388274 0.1535164095 -0.0877987296 -0.0341559731 -0.0676588609 -0.0351014395 -0.0535878989 -0.0430606934 -0.0607908817 -0.0221872951 0.0642845027 0.2165372151 -0.0087153525 0.0559818243 0.0343191130 -0.0893139890 -0.0042824659 -0.2294143022 0.0791976358 -0.1067420010 -0.0152413994 0.0025792791 -0.0738882897 -0.0844244685 0.0864144442 0.1596752038 0.1321748851 -0.0841710491 -0.1137837118 0.2153102694 -0.1326374933 0.1088149808 0.0628807597 0.0356200001 -0.0249901764 0.0567926300 0.1216728655 -0.1359408109 -0.0015788057 0.0375813815 0.0356490966 -0.1682156518 -0.0386899901 0.0215153748 0.0599384794 -0.0759250059 -0.1082060037 0.0697800849 -0.0391746121 0.1766699283 -0.0225530093 -0.1058064477 -0.1147847991 -0.0444024457 -0.1035187529 -0.0679680986 0.0038259767 0.2297194897 -0.0640655316 -0.0553536958 -0.0135029520 0.1495359839 -0.1196792579 0.0387245722 -0.0789228308 -0.1724166215 -0.1554877903 0.1756178535 0.0201343048 0.0033101370 -0.1266865182 
0.1007051198 -0.0640854631 -0.0939822804 0.0173174916 -0.0785863695 -0.0901821242 0.0248985349 -0.0414164906 0.0059086901 0.2331903265 0.0538230599 0.0304537999 0.0499716502 0.0280975629 -0.0702905861 -0.2454131504 -0.0344914009 0.0767720559 -0.0246161712 -0.0651322962 0.0004855996 0.1467479522 -0.0157002389 -0.0236708051 0.0715398072 -0.1611846014 0.0642623358 0.0728880491 -0.1182686293 0.0078830019 0.0832411011 -0.1392418980 0.1046375174 0.0804850183 0.1870775361 0.0855177340 -0.0003907280 -0.1144552546 0.0012688544 0.1122803910 0.1702115629 0.1254032793 0.1155422282 0.1015956668 0.0242116747 0.1359026753 0.0339276986 -0.0466893753 -0.0472692966 -0.1252186218 0.0732108715 0.0572783931 -0.1225232553 -0.0477870289 0.2055026416 -0.0457026230 -0.1701644010 -0.2205447405 -0.0024527362 -0.0098938001 0.1103417217 0.0097149923 0.1390086193 -0.0206678069 -0.0336348275 -0.0045611075 0.1143511933 0.1622581656 -0.1412170474 -0.0863160816 0.0415714081 0.1305959854 -0.0484215264 0.0160052382 -0.0800270505 -0.0500699223 -0.0608379118 0.0757195629 0.0369902950 -0.0383824124 0.1223086887 -0.0937878204 0.0425540963 0.1493315057 0.1067762942 0.0207470699 -0.1116445648 0.1408046539 0.0556565934 -0.1906652967 0.0474048944 -0.0373516448 -0.0990308297 0.0397038441 -0.0605945360 0.1769884856 -0.0866607576 0.1317310767 -0.0222802672 0.0101409601 
0.0991376796 0.1535825567 0.0564440586 -0.0988607931 0.0030182874 -0.1489481163 -0.2362153903 0.0339887284 -0.0860636183 0.0129315936 -0.0105516331 0.0731800622 0.0880742251 0.1159664762 0.0253800337 0.0599638694 -0.1095553485 0.1875374454 0.0937464759 -0.0081569492 0.0787883496 0.0109488885 0.1204935687 -0.0322910898 0.0130420754 0.1344436397 -0.0592931944 0.1194027492 -0.0415563885 -0.1231293356 -0.1251424192 0.0385707521 0.0850821661 0.0668714870 -0.0828966358 -0.0096847669 0.0357253184 -0.1619008125 0.0307209235 -0.0337334056 -0.1070273623 0.0834014029 -0.1090645865 -0.1113793036 0.1108240344 -0.0120473077 0.0021605945 0.1037123409 -0.0059297548 -0.1319348252 0.0415553678 -0.0057406102 0.0915758325 0.1199776533 0.0772051841 -0.0599650488 0.0271214821 -0.0184844910 0.1966577467 0.0337683003 0.0249288206 0.2529087838 0.0214396174 -0.1613076750 0.0321234688 0.0164195377 0.0336466252 0.0009437149 0.1532575619 -0.1085623057 0.2346320366 -0.0322721557 0.0051837210 -0.0285358063 -0.1997920863 0.0908905378 0.0282460299 0.0002247016 -0.0549038857 -0.0953881149 -0.0966891494 0.0744091190 0.0136336555 -0.0496723557 0.0485225422 -0.0570127603 -0.1375484910 0.0751072336 0.2265458557 0.0264841753 -0.1313474750 0.1284155700 0.0968836704 -0.0908052776 -0.0002051041 0.0949186788 -0.0984631223 -0.1624647463 0.1721189303 0.0152710702 
0.0969290819 -0.1276378042 -0.0892033723 -0.1134803250 0.1257407335 -0.0815511941 -0.0710789002 -0.0957491870 -0.0028744384 0.0522541417 -0.1711949083 -0.1156859041 0.0129112522 -0.0356916672 0.1440222939 0.0719459300 -0.0927535870 -0.1042585701 -0.1241783052 0.1578696292 -0.1093961801 -0.0774066079 0.0505046302 -0.1291645329 -0.0610948248 -0.0713538541 -0.1461935963 0.0140618997 0.0394164109 0.0884512856 0.0373669227 0.0741880824 0.0727273125 0.0923908911 0.0069234417 0.0905822598 0.0400733745 -0.1144614144 0.0469218475 0.2304169924 0.1449256074 0.1059006671 -0.0672278947 0.0103433800 -0.1135271573 0.0421838174 -0.0789282074 0.0697736557 0.0918031336 0.0521753536 0.0208093716 0.0704468981 0.0672739544 -0.0607607228 0.0202307141 -0.1280485500 0.0042640069 -0.0141556237 0.0934524854 -0.0683726012 -0.1600659112 0.0408055726 -0.0468024640 0.0346879159 -0.0420925488 0.0996851820 -0.0332707435 0.0625519004 -0.2510760292 -0.0717374580 -0.0379108169 -0.0212822297 -0.2379303177 -0.0471247812 0.0204847175 0.0191395224 0.1339316066 -0.0612747844 -0.0785714964 -0.0214729320 0.0874408562 -0.1595430020 0.1043402501 -0.0742061351 -0.1928489980 -0.0545603898 -0.0229166994 -0.0704191738 0.1052787563 0.1034065147 -0.1988781504 -0.0872961940 0.0091582416 0.0087500513 0.1127431702 -0.0936268584 0.1738470927 0.1000106128 0.2093210395 0.0977611015 
0.1110663521 -0.0673551282 -0.1386875094 0.0722779397 -0.0283569338 -0.0196494811 0.0845704857 0.0856671969 -0.1216173083 -0.0835657008 0.1804437106 0.0985743546 -0.1601682205 0.0573376190 0.0006199841 0.1751637584 0.0759134355 -0.0662584488 -0.0369891351 0.0476238717 -0.2285046370 0.0470384451 -0.1793437593 0.0159948147 0.0881103028 -0.0198657205 0.0665536673 -0.0593491977 0.0044104727 0.0379674929 -0.0797560910 0.2099393595 -0.0387396281 -0.0498307177 -0.0950872805 -0.0814796192 0.0988707922 -0.1105371934 0.1595964986 -0.1457249374 -0.1413171713 -0.0313113976 -0.0415276781 -0.0342063530 -0.0948971711 -0.1402799146 0.0906227925 -0.0410545733 -0.0821514016 -0.0992535244 -0.1025400141 0.0243440859 0.0978198497 -0.0032580392 0.0309952645 0.0768565571 -0.2677263442 0.0291787842 0.1231355646 -0.0213403401 -0.0928782166 0.1406835680 0.0572095278 -0.1761655930 0.0787639822 0.1100101632 -0.0549713152 0.0630339217 -0.1160753679 -0.1564598069 0.0042047350 0.0710212683 0.0065934754 0.1899173614 0.0136779590 0.0723861358 0.0425323288 -0.0310830811 -0.1623687073 -0.0614596062 0.0845611905 -0.0340752668 0.0772656050 0.0204639977 0.1108727224 -0.0716501858 0.1820747596 -0.0107855404 -0.0025891663 -0.1554650785 0.0105597275 0.0043118933 -0.0208168051 0.0184582507 -0.1011954004 0.0072870037 0.0197588985 0.1828474009 -0.0606843727 0.0601204167 
0.0918119677 -0.1698174779 0.0198501581 0.0295156296 -0.1547115278 -0.0360456209 0.2112476315 0.0290762306 -0.1002983320 0.0236331513 -0.0460632900 -0.1056213184 -0.1999307417 -0.0043462052 -0.0866098790 0.0550381880 -0.0658720502 -0.1589289738 -0.0165646706 0.0249537482 -0.0070227999 0.0507587344 -0.0151195086 0.1392830531 0.0835548840 0.0688378646 0.0450090762 0.2915604609 0.0405238996 0.0036714583 -0.1129126762 -0.0137607832 -0.0378688190 -0.0642487872 -0.0750869837 0.1157581538 0.0337592480 0.0575521574 -0.0441615905 0.0551873432 0.0938666216 0.0242591242 0.1204892962 -0.0240974470 -0.0765091609 0.0526601989 -0.0725774020 -0.0166505136 0.0571799872 -0.0148530928 0.0384240159 0.1244612554 0.0341940973 -0.1490699982 0.0232133859 0.0890183963 0.1579532434 -0.0230399213 0.0801295559 -0.0477261864 -0.0390531896 0.1198108011 0.0503961440 0.1857602504 0.0102940491 -0.0981013716 -0.0787746478 -0.1498585628 0.0493549361 -0.0368544178 0.1441989384 -0.1135653379 -0.0230744818 0.1486242756 -0.0998664880 0.0461235498 0.1210702218 0.1509048186 0.0080420835 -0.0607305463 0.0358907352 0.1505801192 -0.0445203480 -0.0230954364 0.0552834034 0.0794049243 -0.0293766763 0.1242725545 -0.1673259490 -0.1647101160 -0.1039429713 -0.0010240473 0.0277626099 -0.1270601927 0.0222735995 -0.2641711064 0.0331704293 -0.0813975153 0.0721532256 -0.0337996604 
0.0945343694 -0.0303289748 -0.0043491908 0.0937137005 -0.0050214311 -0.0769156566 0.0431742373 -0.2250919353 0.2507326120 -0.1064757764 -0.0278530526 -0.0823254252 0.0645776176 0.0671672193 0.0607637964 -0.0616468871 -0.1416715958 0.1370195937 -0.1984097936 0.0938785879 -0.0465122427 -0.0152908598 0.0861868252 -0.1275880933 0.1436368876 -0.0360260339 0.0213251053 0.1053201519 0.0422655294 0.2067564461 0.0110473318 0.0437252065 0.0251872505 -0.0951416332 -0.0876547655 -0.0938824935 0.0772104779 0.0394937443 0.0037712931 -0.0023249482 -0.0111123312 -0.2172301349 0.0172324888 -0.0034207075 0.1252798627 -0.0043623250 -0.0072538611 0.1438420003 -0.0199042995 0.0107648300 -0.0454890610 0.0061421823 -0.0443706439 -0.0551593486 -0.0237340124 -0.0779562371 -0.1310379738 0.0058091067 0.0693044119 -0.0091127644 -0.1889850546 0.0511841173 0.1832042879 -0.0040382411 0.0557473027 -0.1547109346 0.0092648857 0.1085583202 -0.0007325219 -0.1263262391 0.1087220909 0.1077810697 0.1954195094 0.0151532231 -0.0275899955 -0.1136192274 0.0038538672 0.0027044250 -0.0208330131 -0.0590558584 -0.0715596292 -0.0618553985 -0.3162114964 -0.1217284195 -0.1074867792 -0.0038111270 0.0817979045 0.0680061871 0.0001179942 0.0150700444 0.0648016524 0.0302228870 -0.0471756668 0.0735355632 0.1053621369 -0.0105491099 0.0299054851 -0.0870547461 -0.1781469850 -0.0970481607 
0.0969460561 -0.0062938873 -0.1125851041 0.0680280935 0.1624189833 -0.0070065311 -0.1163374818 0.0286450401 0.0150359579 -0.0607244805 0.0258735187 -0.0099082712 0.0549674088 0.0701550264 -0.1245957267 0.0786396317 -0.0609703358 0.0218221861 -0.0709900346 -0.0211262740 0.2128460995 0.0239445928 -0.0691408431 0.1243398160 -0.0004104757 -0.0899029077 0.0165062840 -0.0027869456 0.1894844516 0.0968052591 0.0638767750 0.1027877392 0.1847190289 -0.2142712975 0.0371063582 0.0290058380 -0.1049504349 0.0387348244 0.1776448339 -0.0401633268 -0.0420908199 0.1250434127 -0.0591911212 0.0999421583 0.0444988965 0.0648675936 0.1767333231 0.0553816438 0.1121230784 -0.0572089136 -0.0228705105 -0.0559767674 0.1480153934 -0.2075077589 0.0875959485 -0.0724886072 -0.0379954141 0.0751149930 0.0645929884 -0.0163255754 0.1276021026 -0.0020036267 0.0745551408 0.2148140980 0.1003265161 0.0522064589 -0.0266567677 0.1542248630 0.0700954564 0.0688611692 -0.2302742014 -0.1843852318 -0.0406687669 -0.1475973088 -0.1349233164 -0.0198330999 0.1083164630 -0.1706398881 -0.1394873197 0.0279508574 0.0756001083 0.0494487135 0.0270990520 -0.0161252060 -0.0403763634 0.1261637898 0.0256500361 0.1094751946 -0.0424118846 0.0219385096 0.1208761780 0.0674277381 -0.0817467952 -0.1199496490 0.0492720279 -0.0238217458 -0.1141543525 -0.0403628478 -0.0130837933 -0.1626260680 
0.0977527544 -0.0823844587 0.0450680800 -0.0931299794 -0.0286808024 -0.0315707346 0.0165300896 0.0628695880 -0.0629523540 0.0404861191 -0.1079456527 -0.1798543930 0.1086784487 -0.0559100512 0.0339945132 -0.1497672594 0.0616020860 -0.0649990845 -0.1302950658 0.1950808112 -0.1036903707 -0.0157121828 -0.1672071938 0.0745987604 0.0120683320 0.0311788710 0.3146194519 0.0333137928 -0.1374601654 0.0353757532 0.0074748947 0.0597064471 -0.0199534481 -0.0526149281 -0.2335035595 0.0022338540 0.0004045689 -0.0701239660 0.0862304568 -0.0954508837 -0.0650516041 -0.0534415659 -0.0005995379 0.1003343468 -0.0191883142 -0.0406615893 -0.0950636674 -0.1217996494 -0.0322804525 -0.0191985940 -0.1206270883 -0.0313764634 0.0754613987 -0.0168360549 -0.0135014473 -0.0440123358 0.1551147327 -0.0673383582 0.0626889580 -0.0149347589 0.2359644325 -0.0235677764 -0.0627954048 0.1379294876 -0.0376497463 -0.0349105312 0.0751172290 0.1400511927 0.0488920650 0.0888017408 0.1556302239 0.1496505229 0.1510786232 -0.0663451138 0.0680746971 -0.0371010279 -0.0502147701 -0.0959528856 0.1124401491 0.0231447689 0.0558398158 0.0284158941 0.0578341426 0.1385386433 -0.1964226067 -0.1324897226 0.0840863536 0.0682308597 0.1092231216 0.0536385894 0.0136829917 0.0622718639 0.1103041254 0.0027129526 -0.0248019407 0.1194858272 0.1369054301 -0.0490104034 0.1546931994 -0.1945769796 
0.1032082464 0.0178549044 0.0983481951 -0.0788955764 -0.1527188711 0.0599889744 0.0248813126 0.0701602309 0.0535747443 0.1178059710 0.0341502697 -0.1150895259 0.0763875004 -0.1662409776 0.1854544398 0.1671157825 -0.0985624534 -0.1523754097 0.0402224361 0.0894771414 -0.0239830420 -0.0689361413 0.1624721216 0.0690868732 0.0702400212 -0.1630611365 -0.0729025447 0.0646444164 -0.0347893100 0.0177495491 0.0955542085 0.0821054891 -0.0052574573 -0.0865211388 0.0485534634 -0.0482778474 -0.1024492275 -0.1510292275 0.0202236140 -0.1511450591 -0.1204145727 0.1217976676 0.1208365417 -0.0528404578 0.0930879425 0.0705595833 -0.0927665837 -0.1294935375 0.0110075188 -0.0724700825 -0.0994122708 0.0617588505 0.0902057870 -0.0644868398 0.0102563525 -0.1236300054 -0.0519426690 0.0335962826 -0.1361219437 -0.0458026046 0.0498156474 -0.0219013607 0.0575415231 -0.2785927560 0.1872004046 0.1694711981 0.0741663706 -0.0615862650 0.1670996640 0.0721656491 0.1638190937 -0.1625904815 -0.0157797101 -0.0758777378 0.0449118856 0.0075896276 0.0763333348 0.0245947661 0.0465648405 0.0776649531 0.0808832721 -0.0448927211 -0.0351333759 0.1004586830 -0.0221233720 0.1571360966 0.0352797655 -0.0962042254 0.0026449924 -0.0266988274 0.1413154988 -0.1467363402 -0.0057708622 0.0601418783 0.1638581348 0.0377337053 0.0313451256 0.0335737928 -0.0464766238 0.0227047599 
0.1006264490 0.1434871777 0.1074149601 0.0346913498 0.0078908696 -0.0791833157 0.0497421401 0.1209614674 0.0223593201 0.0240608462 -0.0021589073 -0.0260084435 -0.0467526224 -0.0639079186 -0.0711755577 -0.0383665976 -0.0889286213 0.1051702533 0.1430511560 -0.0050609233 -0.1410704025 -0.2586035302 0.0031305036 -0.1523727161 -0.0164064017 -0.0083133258 0.1011978426 -0.0906256438 -0.0430500539 -0.0553751632 -0.1626480420 0.0609605271 -0.0762574503 0.0827561740 -0.1373565633 0.1683719300 0.2093532892 0.1449235810 -0.0898151143 0.0603964099 0.0343989164 0.0622737414 -0.0026091081 0.0322690312 -0.0643940850 0.1215759674 0.0360870455 -0.1766871348 -0.0520512547 -0.0220691783 0.0838987820 0.1693887658 -0.1040363641 -0.1240466967 0.0314851472 -0.1289967659 -0.1749197631 0.1457741791 0.1165271437 -0.0229781632 0.0184933391 -0.0188921061 -0.0193566531 0.0275613993 0.0495042880 -0.1898990718 0.0829008477 -0.0802466408 -0.0004992800 -0.0047699816 -0.1110784009 -0.1524802823 0.1495833656 -0.1146481508 -0.0678441036 0.1130750340 -0.1041299344 -0.0202481352 -0.0100667332 0.0676835001 0.0841321632 -0.0551569807 0.1417363230 -0.0724644710 -0.1019658063 0.2519831652 0.2221441010 0.0139087540 0.1055550086 0.0562833109 0.0111356854 0.0815048411 -0.0729487359 0.1088950302 -0.0577763813 -0.0010474181 -0.0732761323 -0.0086423641 0.0190520230 0.0421094187 
0.1065843059 0.0078485870 -0.0556403744 -0.1718011254 -0.0466429280 0.1734707644 -0.1910658693 -0.1904983790 -0.1171779766 -0.0341964281 -0.0026184640 0.0618548064 -0.0081273538 -0.0623084833 0.0242042355 -0.0733509915 0.0273060576 0.1271240066 0.1021105525 -0.1796575266 -0.0620070183 0.1484676300 -0.0914156003 0.0272600539 0.0248375370 -0.0318863008 -0.1010477089 -0.0015996813 0.0385577207 -0.0437332516 0.0854940160 0.1621649011 -0.0525205082 -0.0484883319 -0.1058414914 -0.0931703315 -0.0323926898 0.2566964090 -0.0317590568 0.0528262528 0.0613352078 0.0704518826 0.0409567060 0.0350774246 -0.1132612679 0.0434161714 -0.0743682542 -0.0461987128 -0.0641077633 0.0740730391 -0.0360116628 -0.0675922971 0.0860922624 -0.0248808182 0.1071625745 -0.1848930566 -0.1280383528 0.0129616956 -0.0031422422 0.1154646373 -0.1431929292 -0.0425575950 0.0622531379 0.1948242620 0.0827524581 -0.0726561720 0.0027998432 -0.1749512651 0.0232842880 -0.0579950632 0.0615130327 0.0634422983 0.0991132844 0.1245287558 -0.0162092067 0.1978299949 0.0517400421 0.0014123543 0.0566822907 -0.0771048008 0.0421440085 0.0629189694 -0.0479100926 0.1743518419 0.0993493438 -0.0647369765 -0.0826783442 -0.1737899217 0.1374239907 0.1237324784 0.1338063878 -0.0230691106 -0.1141994464 -0.0031786295 0.1479528309 0.0127366516 0.1913891863 -0.0081239745 0.0323021549 -0.0543866931 
0.0927203504 -0.0196174810 0.0364356949 0.2618978454 -0.1994206589 -0.0461790311 -0.1042937076 0.1403925199 0.0399289794 0.0739829663 0.0239036016 -0.0811027635 -0.0202929847 -0.1625813546 -0.0556928972 -0.0837052292 0.0210409683 0.0208912035 -0.1430678519 0.0276682926 0.0932740383 0.0166910731 0.0095787474 -0.1127318904 -0.1284869147 0.0486850972 -0.0243545675 -0.0799482196 0.1115421958 -0.0821176106 -0.0002672905 0.1182733366 -0.0592030224 -0.0747424844 -0.0145133357 -0.1416883297 -0.0227292097 -0.0827490969 0.0584929525 0.0776505127 0.0487415246 0.0650695709 0.0849677673 -0.1344836665 0.0452036686 0.1447278721 -0.0491900574 -0.0390538888 -0.0098818219 0.0921957878 -0.2421657847 -0.0373998422 0.0088877292 0.1306772259 -0.0120308441 -0.0154518841 0.0518431260 0.0501144229 0.0020136803 0.1546069588 -0.0947664023 0.0514706805 0.1516548463 0.0773070416 -0.2238854250 0.0899379718 -0.2356902354 0.0471112536 0.0380666043 -0.0466097085 -0.0965215946 -0.0396059857 -0.0025107642 -0.0507427439 0.1414042282 0.1343659991 -0.0560347838 -0.0884660565 0.1609652879 -0.1811387622 0.1566844275 -0.0323818202 -0.0187891171 0.0201469165 0.0561511463 0.1749741065 -0.0273213377 -0.0433901734 -0.0151899207 -0.0009114774 -0.1083679894 0.2202070205 0.0583224676 -0.0564569281 -0.0858851984 0.1357892251 0.0430852631 0.0177766778 -0.0456303895 0.0609308111 
0.1016030168 0.0270907753 0.0290529944 0.0443849564 0.1276325259 -0.0751296571 0.1025785698 0.0817750392 0.0442880460 -0.1042675201 0.1000308224 -0.0714233367 0.0357818385 -0.0326547114 0.1145009850 0.0823584073 -0.0235800874 -0.0368849422 -0.1513011682 -0.2437976692 -0.1648722571 0.0290365021 -0.0874926296 -0.0417751255 -0.0172324769 0.0625764098 0.0835931122 -0.0558775632 -0.0085105367 0.0354819598 0.1397026527 0.2442228099 -0.0062456121 0.0639319086 -0.0581483486 0.1662665530 -0.0281700063 0.1495223954 0.0772981616 0.0806181552 0.0332557811 0.0237003110 0.1473584610 -0.0206776167 0.0607935692 0.1069785725 -0.0975221227 0.1959890345 -0.1463062672 -0.0251573615 -0.0237782985 0.0624054928 0.0656255523 0.0035611564 0.0015855470 0.1598359309 0.0043045602 -0.2239157496 -0.0328121483 0.0210129053 0.0443411405 -0.0312755122 -0.0217523683 -0.0426734903 0.0774206859 -0.0763303658 -0.1953061674 0.0322507460 0.0328084479 -0.0257052094 -0.0403425377 -0.0134928628 -0.0634605245 -0.0735815546 0.0413025060 -0.0457574052 0.0864577107 0.2095707610 0.0498835180 -0.0365128063 -0.2687615910 0.0002375951 0.2131608058 -0.0765065001 -0.0215291143 -0.0246124489 -0.0907240728 -0.0907025495 -0.0606463696 0.0447904934 0.0512534224 0.0717309439 0.0499129468 0.0146761497 0.0961776054 0.2072801712 -0.1814424950 -0.0275679720 0.0776075219 -0.0305406603 
0.0967264628 0.1214757472 -0.0105531593 -0.0674473238 -0.0338225196 -0.0989812138 -0.0076640271 0.1275583160 -0.0227441184 0.1500031683 -0.1155472973 0.0507357837 0.0381451813 -0.1646817949 -0.0382476749 0.0049113740 0.0022500869 -0.0486847963 0.0171667943 0.0231182780 -0.0292128392 0.0657754350 0.1223694014 0.1397455786 0.1838563620 -0.0161881400 -0.1609189467 0.0797719777 -0.1324536387 0.0353668125 0.0508115769 0.1271703816 -0.0532581057 -0.0840978547 -0.0281797855 -0.0702445379 0.0735957221 0.0611825604 0.0766461334 -0.0514055683 0.0210312933 -0.0567658806 0.0252633662 -0.0472584053 0.1159370462 -0.0473737943 -0.0058998597 -0.0855965113 -0.1533769442 -0.0975375399 0.0125216577 -0.1658419087 -0.0637190691 -0.0989678997 -0.1139018113 -0.0909288961 -0.0989463434 0.0073921001 -0.1624142978 -0.0471106758 -0.1925084022 0.0376895720 -0.1044467864 0.1461845665 -0.0226210961 -0.0194006008 -0.0255002030 -0.0434639502 -0.0107864112 0.1339863920 -0.0824149827 0.2213523180 -0.1086712020 -0.0561223756 0.0668312142 -0.1719227037 0.1410361057 -0.0683789333 0.0030557838 0.1171341259 -0.0248556240 -0.0070451019 0.0327355481 -0.1423030953 -0.0160989853 -0.0893794963 0.0104416613 0.0675480705 -0.0342299389 0.0769361262 -0.1159997310 0.0957947968 -0.0728946249 -0.0266416652 -0.1828967251 0.0105115004 -0.1592915795 -0.1159334684 -0.0575896264 0.2080523816 
0.1041279407 -0.1543817320 0.0217481862 0.1110724296 -0.0367515620 -0.0083938715 -0.0698645189 -0.1442117091 -0.0247286228 0.0075001726 -0.1886087553 0.0211446369 -0.1519126955 0.1084596393 -0.0117712767 -0.0006127290 0.0406836600 0.1134244682 0.1574668644 0.0886363660 -0.1029582716 0.0500023669 -0.0069932875 -0.0590112419 -0.0128073181 -0.0189635321 0.0265575331 -0.0932930273 -0.0940956447 0.1561897447 0.1007542325 -0.0115142033 -0.0363250457 0.0400702540 0.0071100077 0.0494396216 0.0307707748 0.0879915299 0.0323589961 -0.0487452798 -0.0604126156 -0.0464230575 0.0605930566 0.0755338597 0.0233913817 0.1116457745 -0.1490865144 0.1173142929 0.1712032306 -0.0246793854 -0.0817558670 -0.0691877998 -0.1157928180 0.1285936019 0.0233667865 -0.0276951013 0.0858988794 0.2140962588 -0.0392727635 0.0117230811 -0.0123091688 0.0547024619 0.0882188637 0.0523767895 0.2303616596 0.0811185642 0.0444911113 -0.0032563369 -0.1382243421 0.1450084484 0.2293378148 -0.2276720861 0.0255789826 -0.0466208202 -0.0009432508 -0.0506141624 -0.0237441897 -0.0464594682 0.0971243318 0.0586034585 -0.1107179412 -0.1765558034 0.1783583739 0.1221894197 0.1517428413 -0.0946958350 0.0893994930 -0.0206250438 -0.1530820104 0.0262273888 -0.0384222667 0.1088678888 -0.0549495327 -0.2365130862 -0.0296351623 0.0518829900 -0.1868663152 0.0299236187 -0.0253425469 0.0762196975 
0.0947296880 0.1983189605 -0.1484800409 0.0108802329 -0.0232026801 -0.0078329004 0.0952208391 -0.0787231949 0.0832807570 -0.2286481084 -0.1257090285 0.0960556320 0.0109672392 -0.1564227452 -0.0757926113 0.0012067658 0.0471109996 -0.0086608812 -0.0553732316 0.0159068109 0.0636227076 -0.0898812890 -0.0351960483 -0.0323768218 -0.0208578084 -0.0620226852 -0.1221746321 0.0557076774 -0.0479015374 -0.0134134686 0.0517114280 0.0450932028 0.1196843767 0.0644995658 -0.0506851117 -0.0953314847 0.0797301398 0.0022644110 -0.0834713264 0.1749265983 0.0523239768 -0.1554331761 -0.0262942950 0.1925273166 0.0169373671 -0.1442197685 -0.0551433824 -0.2406357373 0.0813904256 -0.0864661322 0.0033376568 -0.0135403843 0.1412668220 0.0273974045 0.0864937763 0.1725270855 0.0607837525 0.1628287698 -0.0669800544 -0.1154562606 0.0641434426 0.1555188647 -0.0549380866 -0.1470816235 0.0280925983 -0.0336521735 0.0631805540 -0.0087628760 -0.0618210527 0.2082025064 0.0044998684 0.0835986431 -0.0460081051 0.0918361040 -0.0191681464 0.1172625998 -0.0171578800 -0.0060655892 0.0489445878 -0.1067133242 0.0357834854 -0.0118915000 0.0142804184 -0.0929145414 -0.0679034333 0.0833525404 -0.1661942662 0.0127504235 -0.1498916316 -0.1508464073 0.1349758525 0.1963398969 -0.1540756678 -0.0945222241 0.0948277752 0.1893415734 0.0602036676 0.0082913402 0.1361494443 0.0133039120 
0.0911271051 -0.0999247636 -0.0554422542 0.0537598716 0.0821499961 0.1968119334 -0.0284185520 0.0893591375 0.0014036587 -0.0604251280 -0.0830169522 0.0002494291 -0.0522323893 0.0457175746 -0.1008117542 0.0711910934 0.1405651311 -0.0975871509 0.1812807359 -0.0220648079 0.0603106846 0.2162105048 0.0118984355 0.0241829153 -0.0252112076 -0.0137471886 -0.0359365605 0.0069795186 -0.0077232325 -0.1514966008 0.1381345071 0.0541712739 -0.0370804803 -0.0554796388 -0.1376993441 0.1285217468 -0.0921880076 -0.0157816112 0.0786574032 0.1006621755 -0.0575100707 -0.0555885494 0.1429043493 0.0566539107 -0.0180883381 -0.0270253905 -0.0543404446 -0.0069918583 -0.0936508908 0.0940942759 0.0261182774 -0.0110881399 -0.0623259603 0.0783941243 0.2063344459 -0.2979115801 0.0551700917 0.0139634951 0.0236879738 -0.0354952179 0.0293146905 0.0472119896 -0.1198492162 -0.0839698928 0.0358231380 -0.1508471355 0.0464376836 0.2172127185 -0.0550583920 -0.0307209465 0.1381179609 0.1325226875 0.0455325380 0.0054968131 0.0558599215 -0.0898011709 0.0278143627 0.0369184788 -0.1474476081 0.1845851852 0.0629267510 0.0344483114 -0.0410259100 -0.1987230271 0.0140008339 0.2523434660 -0.1108878510 -0.0426780273 0.0199002730 0.0424980966 -0.0525241143 0.1485082155 0.1513674069 0.0775193371 -0.0398802453 -0.0633213990 -0.0131477186 0.0446297547 -0.0806126970 0.0408228066 
0.0908879512 -0.0415465097 -0.0616743901 -0.0853862328 0.0931759440 -0.2027225409 0.0176604213 0.0157354446 -0.0824374241 -0.0156382789 -0.2229052543 0.0828730870 0.0153158284 -0.0061572787 -0.0236683786 0.0282187704 -0.2092257010 -0.0083741256 0.0950375063 -0.0876805712 -0.0724586930 0.0716029401 0.0742914825 0.0274198641 0.1113851468 -0.0721002841 -0.0573713858 -0.0126894294 -0.1025998981 0.1068005029 0.0610783400 0.0237983960 -0.0055566510 -0.0444805105 0.0227828317 -0.0118458314 -0.1140372938 -0.1096076338 -0.1038384392 0.0754450757 0.1644916284 -0.0968428212 -0.2114877124 -0.1023182225 -0.0624134736 0.0957588632 0.0942268957 0.0008927481 -0.0250217508 -0.0191487559 -0.2140064599 -0.0352678878 -0.0675163184 -0.1660539493 -0.0496391096 0.1747039833 0.1790099101 0.0384805337 -0.0192089757 0.0737920582 0.1502936034 0.0758852981 -0.0761979203 0.0010790942 0.0003348311 0.0191850938 -0.0235584967 0.0050920409 0.0311102024 -0.2076290870 -0.0450181234 -0.0878176295 0.1725306509 0.1410830361 0.1635666787 0.0547019532 -0.0961408089 0.0751696178 -0.0521955240 0.0645449332 0.0129823040 -0.1853608645 -0.0875474706 0.0438630275 0.0120924037 0.0942106872 -0.0395731320 -0.0489023260 0.0479211478 0.1025410453 0.1139083962 0.0647246041 0.0822527699 0.0051886845 -0.1087136661 -0.0168510286 0.0108554100 -0.0774785343 -0.1300823108 0.0732106203 
0.0996302386 -0.0802232924 0.0755394871 -0.1402429708 -0.0266604313 0.0703905658 0.0417477268 0.0856623129 0.1093797999 -0.0309297408 0.0447615513 -0.0170751347 0.0906760231 0.1489916228 0.1898358421 -0.0145229306 0.0612684611 0.0686593882 -0.1690179226 0.0340819915 0.0699311311 -0.0042692548 0.0856459135 0.1102314003 0.1366827641 -0.0251982116 0.0357729169 -0.1266728360 0.0997860303 0.0122428243 -0.0129057108 0.0748339486 -0.0133551392 -0.0837030206 0.0492212179 0.0758729817 0.0224393371 0.0186274950 -0.0725514512 0.0419394525 0.0375394265 -0.0917726588 -0.1795521225 -0.0575535791 0.1576640008 0.2590559020 0.2318755088 -0.0040031456 0.0457515853 0.0974006945 -0.0204311924 0.0373588725 0.0074806165 0.1473037243 0.1167616690 -0.0578427633 -0.0173440532 0.0308365288 0.2090350099 -0.1733022040 0.0728597155 -0.0772754120 -0.2376730899 0.0104727825 -0.0091291271 0.0667628609 0.0203681136 -0.1208924858 -0.1146631143 0.2193170791 0.0163583726 0.0191536562 0.0880877321 0.1345606233 -0.0210302703 0.0026567224 0.0942455701 0.1533262552 -0.0296442639 -0.0291522969 0.0424041383 0.0276255720 -0.0245231098 0.0977882889 0.0449856114 -0.0032014914 -0.0231675419 -0.2710124977 -0.0594798766 -0.1165083212 -0.1328719456 0.0898509238 -0.0987407989 0.0375641298 -0.1928934036 0.0512696133 0.0244362238 -0.0396084350 -0.0093198555 -0.0108929584 
0.0948057971 0.2113017739 0.0147429669 -0.0840637940 -0.0384902169 0.1679406130 0.1458205861 -0.0133245050 -0.0851660321 0.0182613856 0.0535064023 0.0849240164 0.0975443772 -0.0353384765 -0.0913542985 0.0532386541 -0.0083684453 0.1441789462 0.0365575040 0.0702422173 0.0087867358 0.0277973560 -0.1594452890 -0.0804296693 0.0511315296 -0.0765833690 0.1297583980 -0.0553843401 -0.2225590028 0.1359977274 0.0901068228 -0.0170322001 0.1198133261 0.0652716768 -0.1074839651 -0.0017850008 -0.0323144389 0.0383462559 -0.0773149096 -0.1655391789 0.0107060707 0.0646329156 -0.1808878540 0.0324134516 0.0035221121 -0.0120058675 0.0401247396 0.0725268033 0.0098808204 -0.0426877404 -0.0284363893 -0.0604750575 0.2418104628 0.1023901560 0.1165981757 0.0032292167 0.1769434781 0.0586204197 -0.0718126962 -0.0488042192 -0.1326171600 -0.2134865925 0.0811476507 0.0293108181 -0.1170820831 0.0553233864 0.0035021460 0.0467936570 -0.0088839895 -0.1417917423 -0.1222533999 0.0016399328 0.1133831171 -0.0990132205 0.0723190368 -0.0317479524 -0.0255731060 0.2253955956 -0.0914180013 0.0165024617 0.0439389604 -0.0915703229 0.0132330901 -0.0396938510 0.0157884514 0.1198922718 -0.0405408421 -0.0252684748 -0.0547495427 -0.0505145647 -0.1823736089 -0.0739880369 0.1255376273 -0.0656511115 0.1832489289 -0.0955201114 -0.0358830427 0.0231350145 0.0080053595 0.1015077722 
0.0922251059 -0.0618258698 0.0692467315 -0.1518042325 -0.0669073667 -0.0453164122 -0.1935882307 0.0107736787 0.0766127224 0.0928799040 0.0704677099 0.0607949932 -0.1018522793 -0.0864591775 0.0558274342 0.0606587378 0.0060172797 -0.0365506672 -0.0784630024 -0.0893871607 0.0031896094 -0.0220780493 -0.0893119757 -0.0265399278 0.0873922382 0.0326703039 0.0900263339 0.0898971634 0.0220638759 -0.0522413906 -0.0299950602 -0.1399249577 0.0648568673 0.2269387230 0.0490032520 0.1076735879 -0.2510704627 0.1451542031 -0.0967225446 -0.1363640747 0.0500547546 -0.0285161683 0.0261983706 0.2034520978 0.1654931084 -0.0046221149 0.0235581970 -0.0419618639 0.1573052403 0.0185338735 -0.0234113551 -0.1610696973 -0.0719207832 -0.1247138662 -0.0468888407 0.0109388836 -0.1771920607 0.1207787249 0.1363517915 -0.1585531953 0.0008303127 0.1453166205 0.1185124967 -0.0934461977 -0.0279823938 0.0173890359 -0.2379603719 0.0694353498 -0.0647459599 0.0761839683 -0.0082955916 0.1059199780 -0.0643751447 -0.1048439364 0.1354073940 0.0651126829 -0.1275597583 0.0812231987 0.0799430697 0.0737362340 0.0127802401 0.0349736973 -0.0263057226 -0.0922957685 0.0899989166 -0.0066877233 0.0999290383 -0.0769694044 -0.0025888152 -0.0347108446 -0.0543269158 0.1213579757 0.1452975184 0.0724330780 0.1619478083 -0.1167880537 0.0590300695 -0.1167021473 -0.0293750108 -0.0017456510 
0.1001301363 -0.0294621881 0.0511956422 -0.0477928739 -0.0963074571 0.0480879085 0.0914415369 0.1254113924 -0.2509081055 -0.1858399213 -0.0118958801 -0.0209460933 0.0556628420 0.1499877742 0.0177884309 0.0387722229 0.1277077179 -0.0756955897 0.0144853239 -0.0609576579 0.1274399599 -0.0461342971 -0.0837017387 -0.1323321448 0.0592549805 -0.1193912932 -0.0965956757 0.1551210251 -0.0837407380 -0.1655439493 -0.0815469599 0.1200395045 0.1462992126 0.0952692389 0.0441088507 0.0607506460 -0.1405893941 -0.0040985885 -0.0283334148 0.0266795096 0.0035696119 0.0110259257 0.0228390341 0.0659907636 -0.0311347967 -0.0047644910 0.0439383725 0.1562233075 0.0704432542 -0.0343218101 -0.1063007234 0.0379351706 -0.1879782855 0.0416456733 -0.1735434926 0.0409209260 -0.0321844322 -0.0446288459 -0.1527334188 -0.0370462716 -0.0102824803 -0.0446344737 -0.0309715572 0.0947104364 -0.1068156975 -0.0148656354 0.1987806536 -0.0019143934 0.0231193285 0.0035606657 0.0167410973 0.0425910576 -0.0631413676 -0.0534836794 -0.1156742285 0.1211464588 0.1815775965 -0.0753200094 0.0441037495 -0.0703392942 -0.1749987856 -0.0952934509 -0.0661418382 0.1224021573 -0.1565994790 0.0445511336 0.2204645044 -0.0143255537 0.1048995740 -0.0386812015 -0.1036030557 0.1379399503 -0.0810402207 0.0033355941 0.1247358213 0.0908836326 0.0484688763 0.0125129239 -0.2714071381 0.0254221720 
0.0988973140 0.1322693348 0.0744155230 0.0684104237 -0.1087318100 -0.0355736086 -0.1939479394 -0.1039544371 -0.2297584088 -0.0740444882 0.0667273756 -0.0496986477 -0.1469626695 -0.0442240011 0.0840120777 0.0625040006 -0.0733860518 0.1415555107 0.0289172377 0.0861615846 -0.0714991921 -0.0872824104 -0.0161981286 0.0301842095 -0.0875702615 -0.2160559847 0.0422025070 -0.0238653668 -0.0365693133 0.1259733673 0.0562463943 0.0644265888 -0.0413014779 0.0773914385 0.1060157072 -0.0419261190 -0.0091062387 -0.0203272437 0.0998928748 -0.0616601099 0.1485129867 -0.0721113265 -0.0412384550 0.0473449470 0.1594470155 -0.0115244237 0.0962517676 0.0497680499 -0.2405975183 -0.0436755639 0.1059945748 0.0717304829 -0.0004037743 -0.0441181740 -0.0828526130 0.0435198956 0.0279193221 -0.0451986356 0.0603807695 0.0239526417 -0.0044820055 -0.2051058811 -0.1385611420 -0.0303700919 0.0193945810 -0.2277669045 -0.0699556343 0.0525810977 0.0073850096 0.0751434941 0.1360303186 -0.0930422310 -0.1803226232 0.0520432392 0.1169525725 -0.0389723140 -0.0062070206 -0.0808865316 0.1171874713 0.0270859164 0.0544997464 0.2289605060 -0.1230495986 0.0012657975 -0.0022964153 0.0774580831 -0.0890717221 0.0329001965 0.0005181059 0.0147013942 -0.0959821520 -0.0329526733 -0.1358897917 -0.0633404749 -0.0058435163 -0.0407419371 -0.0235140052 0.1096915795 0.0065106734 -0.0533172828 
0.1012320007 -0.0598336738 -0.0751416618 -0.1880297819 0.0081462917 -0.0615353510 0.0562259152 0.0947724360 0.0036916092 0.0622287928 0.0177159641 0.0048156005 -0.2624449842 -0.0583396508 -0.3652342814 0.0819352729 0.1052972766 0.0908075999 -0.1208372704 -0.1001519618 0.0384599388 -0.1901623425 0.0686059962 -0.1015828782 -0.0715121282 0.0663176145 -0.1246825910 -0.0530966350 -0.0531940703 0.0647455149 0.0746091922 0.0415695203 -0.0974183547 -0.1008942927 0.0901160439 0.0177668798 -0.0863731987 -0.0631638975 0.1302559684 -0.1370016714 0.1154861467 -0.1556974484 -0.0190512892 -0.1407922189 -0.1336231829 0.0536227709 0.1102417302 -0.0146697461 0.1346773897 0.1078910504 0.1236633778 0.0077974786 0.1101888851 -0.0414048732 0.2195371331 0.0347158336 -0.0560955061 -0.0704830800 -0.0116352391 0.1781744912 0.0937013138 0.0721260336 -0.0407833155 0.0152370713 0.0387112149 0.0876288837 0.0408966734 -0.1106442631 -0.0336172252 0.0743995174 0.1225883158 0.0712336766 0.0319180325 -0.0873667785 -0.0520389042 -0.1113180242 -0.1228707343 0.0498312615 0.1264853128 0.0251881291 -0.0794771753 0.1014318441 -0.0901549457 -0.0484679239 -0.1336273899 -0.0740998138 0.0905050537 -0.0200390774 0.0536933433 0.0910560235 -0.0548465653 -0.0534185839 0.0270686368 0.0180700584 0.1482523150 0.1190399028 0.0119301847 0.0750364170 -0.0635913907 0.0388791032 
0.1006905658 -0.1079484313 -0.0814866760 0.0591757612 0.1137157103 -0.1416236653 -0.0815431603 0.0855430031 -0.0449014626 0.0330923516 0.0373320575 -0.1582107454 -0.0702790543 -0.0476691511 -0.0287014887 -0.2625673890 0.0665453034 0.1292061431 0.0983943068 0.0072265596 -0.0063759541 -0.0498893361 -0.2185157924 0.1742777349 0.0365328595 -0.1595810592 -0.1726219021 -0.0868601952 0.1167344812 -0.0506984218 -0.1188179870 -0.0629488950 -0.0626649069 0.1026962730 0.0565161550 -0.1727304661 -0.0184051660 -0.0477583877 0.0393400196 -0.0151066402 0.0187942563 0.1006267108 0.1086290946 -0.0030981598 0.0607034316 0.0125488733 -0.0012422008 -0.1349651847 -0.0903444934 0.0098509371 0.0318167178 0.0808440325 0.0797858291 0.1680799303 -0.1680699705 0.0442455989 0.0901911242 -0.0609619861 0.0738711719 -0.2490738881 -0.0244452184 0.0670699363 0.0600447013 0.0681642460 0.0887644911 0.1570756143 0.1085937237 -0.0046752565 0.0341227056 -0.0711219383 -0.0005907576 0.0223020860 0.1718393801 -0.0941265685 0.0072970463 -0.0185957930 -0.0033154175 0.2047759779 -0.0688115034 0.0234118150 -0.1334198114 0.0192900392 -0.1827586033 -0.0954663425 -0.1476485641 0.0088376417 -0.0119507673 -0.1120669394 -0.0647903632 0.0805244950 -0.0081933858 0.0862817494 -0.0427515285 -0.0631806108 0.0972008497 -0.1151410558 -0.1051687189 0.1550787609 0.0377083590 0.0611008577 
0.0918264315 0.1008213451 0.0129437633 0.0122034816 0.0314820696 0.0877597355 0.0736721456 -0.0022882874 -0.0116777100 -0.0958309355 -0.0283295719 0.0375312329 0.0415896326 -0.2588136002 0.1237823922 -0.1071421320 0.1366210548 -0.1188562428 -0.1501357049 -0.0182328467 -0.1978539265 0.0082067245 0.0308262134 -0.0907343232 -0.0244026524 -0.0829896084 -0.2425423314 -0.1917889348 -0.0017373209 -0.0466283129 -0.0270875685 -0.0870502651 0.1032106531 -0.0939458477 -0.1227244405 -0.0779825947 -0.1517440886 -0.0189860957 -0.1196295181 0.0412711855 0.0364969355 0.0054568679 -0.0198981052 -0.1225440111 0.0172906053 0.0656863359 0.1248146534 -0.0883543664 0.1056596277 -0.1023291335 0.0565357733 0.1153053620 -0.0569061815 -0.0141500764 -0.1183825733 -0.0641704274 0.0450113799 -0.0702264095 0.0789437881 -0.0414469757 0.0982054729 -0.0675574355 0.0431638643 0.0456361962 0.1416312950 0.0001067913 0.0142457344 0.0913004782 -0.0350125621 -0.1577783135 0.0093203107 -0.0143394385 -0.0434383218 0.2158637205 -0.1957128864 -0.1674563488 -0.0810013939 -0.0533705439 0.1091938109 0.0695679145 -0.0049184198 0.1650367649 0.1216476270 -0.0096382816 0.2307742183 0.0244442628 0.0769252115 0.0881300719 0.0453813914 0.0419016280 -0.0606305422 0.0510811001 0.1521876204 -0.1254129909 0.1103203445 -0.0252991896 -0.0290871830 -0.1140040563 -0.0836429079 -0.0697946506 
0.0869739659 -0.0961757593 0.0274359040 0.0653109419 -0.0909375545 -0.0640617406 -0.1095382480 -0.0626759117 0.0117234572 -0.1023587709 0.0176909478 -0.1645741743 0.0206586715 -0.0034052213 -0.1470464911 -0.0022842085 0.1802615571 0.1882785623 -0.1651830953 -0.1007824340 0.1092766715 0.0207744936 0.0359534037 0.1546980452 0.1906078007 -0.0210846132 -0.0099469549 0.0795336067 0.0242253743 0.0071566182 0.0743514018 0.0269717893 0.0312951529 0.0787772796 -0.0639221611 -0.0818916340 -0.0220736187 0.0134162325 -0.0924337262 -0.0473096065 0.0228457191 0.1245062914 -0.1808305442 0.0009745769 -0.0105435008 -0.0919814875 -0.1093137751 -0.1396919327 0.0715030362 -0.0221271321 0.0905044151 -0.0118412587 -0.0157994238 0.0767329427 -0.2039240002 -0.0050813357 -0.0808921323 -0.1525727160 -0.1201312367 0.2301664221 -0.0285036997 0.0003264370 -0.1011006466 0.0462244177 0.2049963333 -0.1039178943 0.0690470832 -0.0717785665 -0.0524977785 -0.0430880037 -0.0085400471 -0.2144270485 -0.1079635591 -0.0231603744 0.0855420454 -0.0943168746 -0.1020615109 0.0284851204 -0.1449261083 0.0318120249 0.0152086262 -0.1590756811 0.1287416680 -0.1509708055 0.0111366959 0.0489011890 0.0391898429 -0.1078008057 0.0683642172 -0.2343263033 -0.0025988216 -0.0263888322 0.1733859548 0.0793228839 -0.1185221886 0.0428428692 0.1271666695 -0.0466707048 0.0616873305 -0.0934229707 
0.0945118965 0.0029943849 -0.0635166610 0.1327557425 0.1063648712 -0.1257608880 -0.2177249842 0.0541561245 0.0468638440 -0.0529130829 -0.1638501687 0.1619138674 -0.0406055717 0.1323425995 -0.1553767376 -0.0016694279 -0.0514491579 -0.0356703871 -0.1502623930 0.0169208787 0.0116742115 0.0679473668 -0.0385395594 0.0729667019 -0.0982787018 -0.0194852551 0.0710622981 0.0369372921 -0.0449959216 -0.1479318777 0.0743259452 0.0310189845 0.0838106679 -0.1238805036 -0.0684024485 0.0695742709 0.0607230019 -0.0524942916 -0.1727344529 0.0402209762 0.0209068130 0.1802607036 0.1136546869 -0.0547236140 0.0994525874 -0.0760265693 0.0072153607 0.0168363034 -0.0774593782 0.0430027163 0.0768280914 0.0577142086 -0.0426129230 -0.0416783001 0.0333434674 0.1537587034 0.0510896008 0.0589947692 -0.1597293523 -0.1132585327 -0.0840553702 -0.0252893573 -0.0002089235 -0.2040004653 0.0335605700 0.0572910168 -0.0179695829 -0.0861812351 0.0259577214 -0.0452279393 -0.0467552742 0.0154071298 0.1434727531 0.0792838137 0.0853724617 -0.1032125876 -0.1003094626 -0.1307372628 0.0160239996 0.1777263747 -0.0487460461 0.0653535231 0.0339434914 0.1401548100 0.0660556068 -0.0317498486 0.1245672051 -0.1120061072 -0.0336850783 0.0565515947 -0.3054216615 -0.0451214849 -0.1848784418 0.1331711387 0.1162169966 -0.0002843575 0.1110512496 0.0076335891 0.0281693916 -0.2196987315 
0.0994061222 -0.0402954190 -0.0018192475 0.0511274961 0.0838444822 0.0719600745 0.1076770041 -0.1073417425 -0.1549476670 -0.0028993576 0.0959569659 -0.1832575082 -0.0954656337 0.1395526853 0.0547510800 -0.0100865018 -0.0437191909 -0.1125140252 0.0922915944 0.0531451573 0.0219870843 -0.0616434070 0.0379478678 0.0267731251 0.1410036703 -0.1116643495 0.0180483695 0.0269003168 -0.0865619677 -0.1833865909 -0.0203224586 0.1354652299 -0.0605483418 -0.0195206801 -0.1389103336 -0.1426470413 0.0572815470 -0.0672201429 -0.1141332607 -0.0739229196 0.0644322675 -0.0033550861 -0.0422409558 0.0463614554 -0.0585555919 0.1303008623 0.1519802642 -0.0830067095 0.2385737137 0.0330743938 0.1513204216 -0.1916112319 -0.1050512371 0.0163882385 0.0033122536 -0.0217816664 -0.0067395704 -0.1158432801 -0.0666752875 0.0818384219 0.1381500983 0.0186415724 0.0168278277 -0.1601997963 -0.0687934740 -0.0911172761 -0.1420240976 0.1466289646 -0.0694489810 -0.0519792960 -0.0963678473 0.0006010098 0.1281915276 -0.1369751919 0.1227091837 0.0030065739 -0.0686833059 -0.2098712535 0.0363844193 -0.1459112735 -0.0222948240 0.0701126756 0.0359334568 -0.1017042228 0.0624903591 -0.1576827261 -0.1412116340 -0.1110675694 -0.0010045865 0.0370307980 -0.0389741294 -0.0570432300 -0.1729231633 -0.1107736446 0.0604733215 -0.1022008359 -0.1051699713 -0.0768235016 0.0396558083 0.0620690609 
0.0992007115 -0.1252801676 0.0168151652 0.0049260941 -0.1174817155 -0.1330630150 -0.0002381410 0.0346475134 -0.1087442653 0.0232307328 0.0286139256 -0.0917854842 0.1404323191 -0.1449342339 0.0598186049 0.1028086407 0.2373455492 0.0350250962 -0.0234603156 -0.0951805099 0.0195022857 -0.0014096136 0.1326530285 -0.0662317550 -0.0281186517 -0.0381700810 0.1358524249 -0.1230714333 -0.0991921461 0.0362391474 -0.1031867593 -0.0716777344 -0.0041185716 -0.0505377820 0.1439200058 0.1715582799 0.0016314918 -0.0948528578 -0.1379714471 0.0939721257 -0.0632170161 -0.0268690319 -0.0311297363 0.0753161381 -0.0867725674 -0.2504172772 -0.0243534822 0.0234430413 -0.1103802324 0.1188318691 -0.1738743406 -0.1256237620 0.1164155199 -0.1214813000 0.0818107996 0.0200872207 0.0287052046 0.0470149084 -0.1609694987 -0.2228424164 -0.0149544790 0.0889263483 -0.0074046022 0.1270329932 0.0539424748 -0.0819648658 -0.0624235091 0.1124416710 -0.0107220225 -0.0225905365 0.0027711205 -0.1345570581 -0.0168877143 0.0027660400 -0.1485840832 0.0332819164 -0.1679477815 -0.0048457542 -0.0654766597 -0.0783613739 -0.0140725571 0.1244375928 -0.1040817555 -0.1121336081 0.1073800023 -0.1099574459 -0.0230940583 -0.1761602837 0.1716243558 0.1027118305 0.0224300200 -0.0692985303 -0.1414598548 -0.0570545412 -0.0923302901 -0.0269922070 -0.1067820148 0.0611469663 -0.0289582915 -0.0349848600 
0.0952938319 0.0156450845 -0.0846220548 0.0491677756 -0.0825313566 0.0759311949 0.0866112277 0.0288284646 -0.1429602862 -0.1118619518 0.0516948497 0.0313878965 0.0338611420 -0.1006617788 0.0174552855 -0.0864655535 -0.0724685519 -0.0420083266 -0.0670047442 0.1014103233 -0.0213923102 0.1461716375 0.1410372494 -0.0043562044 0.1103248030 0.0596410081 -0.0066678573 0.1430342374 0.0601062691 0.1692635717 0.0585733905 -0.1805269056 -0.0370953104 -0.0334137553 -0.0440036337 -0.2927185310 0.0952033599 0.0068926557 -0.0298224395 0.0537670459 -0.1960109592 0.1351267298 0.0524258056 0.0645748165 0.1226260157 0.1166064034 -0.0909934799 0.1249713122 -0.0273934160 0.1790506071 0.0573165905 -0.0363664206 0.0275340220 -0.0909739634 0.0940510449 0.0342372486 0.0528135280 0.1044168056 0.1407061318 0.0303615958 0.1285696469 0.1263308291 -0.1719139683 0.0174055683 -0.0836765297 -0.0171988744 0.0737480173 -0.1159516351 -0.0251793161 -0.1051116773 -0.0749959882 0.0005481321 -0.1316920901 -0.1963416390 -0.0060894740 0.0194047911 -0.2080478901 0.1036010663 -0.0417998611 0.0252746533 -0.1445367357 0.1304568927 0.2269814324 0.0202630580 -0.0181420016 -0.0343689450 0.0449236529 -0.0369399024 0.0789850920 0.0286807593 0.0162663754 0.0480093000 -0.1461475571 0.1330858351 0.0694039074 -0.0220194971 0.0234638582 0.1118868097 -0.1714337514 0.0629406180 
0.0904427333 0.1839910191 0.0146758776 -0.1082442585 -0.0183663044 -0.0873899687 -0.0202677652 0.0463245467 0.0269253875 0.0797733218 0.1422582648 -0.0897994347 -0.0379082440 0.2491880486 0.1322588075 0.1042658637 0.0855087179 -0.0698824340 -0.0890285248 -0.1846043680 0.1002636171 0.1643741551 -0.0209675733 0.0689479870 -0.0670797611 0.0292390579 -0.0781208719 0.1184379684 -0.0828777585 0.2047993936 -0.1006889842 -0.0655405519 0.0711433384 0.0451811260 -0.1045305509 -0.1322841001 -0.0489301250 -0.0862941104 0.1165637127 0.0137158383 -0.0324655025 0.0281937558 0.0280631208 0.0081119623 -0.0706797425 -0.0501030392 0.0386942522 -0.1784012933 -0.1741863927 0.0742030287 0.0835146109 0.1743516906 -0.1795330987 -0.0612762347 0.0616344837 0.0264837456 0.0852479613 0.1549930902 0.0442541419 0.1187940441 -0.0595617911 0.0227480033 -0.0296918269 0.2028447862 -0.0320571869 0.0490258591 -0.0416035326 0.1428332566 -0.0125020602 0.1315690404 0.0068293960 -0.0143576014 0.0619543891 0.1789819285 0.0707363909 0.0411933263 -0.1356597027 -0.0459980983 0.0574794273 0.0073355679 0.0118634650 -0.1403290278 0.0325776994 0.0782204437 -0.0240869398 0.0321522879 0.0327284550 -0.0788383711 -0.0192179628 -0.0060435114 -0.0117266233 -0.0661074128 -0.0296577241 0.0580273646 0.1934942821 -0.0082896645 -0.2014420233 -0.1027258511 0.0924502173 0.0900323109 
0.0971428138 -0.0519841443 0.0529484714 0.0915660836 -0.0212188322 0.1271982396 -0.0316563292 0.0467710160 0.0575507298 -0.0070169523 -0.0415503015 -0.2057327249 0.0240665612 -0.0790516349 -0.1213136995 0.0272884829 -0.0887259605 0.2018446407 0.0279644990 -0.1664290804 -0.1057465446 -0.1105582683 -0.1924388632 0.0635157121 0.0149146710 -0.0350347052 0.0032873382 0.2111601183 -0.0805596489 -0.0948849747 0.1230146845 -0.0474862726 -0.0407989828 0.0142538538 0.0965218053 -0.0263860926 -0.0064797596 -0.0096128905 0.0834128200 -0.0002434115 0.0323606028 -0.0796995371 -0.1057573194 -0.1811329855 0.0987596867 -0.2060958162 -0.0104712649 0.0556959549 0.2097017729 0.0067359217 -0.0359640618 0.2642863837 0.0639340726 -0.0969905187 0.0328149236 -0.1275205054 0.0118225685 0.0673758441 0.0048751592 -0.0405500831 -0.0600606130 0.0116729740 -0.1467837370 -0.0857910908 -0.3072260811 0.0523104260 0.0415702882 0.1311861847 0.0002579306 -0.0873927767 -0.0263447364 -0.0126480211 -0.0584220851 0.0382802993 0.0092157098 0.0278979827 0.0785070184 0.0640384259 0.0726418878 0.1263146717 -0.0048649834 0.0186440413 0.1090032151 0.1201015041 0.1411797211 -0.1221063443 0.0195708400 -0.0359447837 -0.0273062825 0.0645729831 0.1736075138 0.0704608562 -0.1398618703 0.0291000145 -0.0939597404 -0.0836469560 -0.0455507447 -0.1234979027 0.0189145945 -0.0261420442 
0.0914747944 0.0563264020 -0.0339033279 0.0922752818 0.0348621324 0.0553217549 0.0479878268 -0.2315663143 0.1339917899 0.1063433588 -0.0497549317 -0.1255262019 -0.0823354490 -0.1337093109 -0.0256507234 0.1204863568 0.1183500549 -0.0348068544 -0.0630178006 0.1478850097 0.0565988210 0.1172481920 -0.0377971424 0.1002084845 -0.1376901650 0.0401382034 0.0015506284 -0.1247837693 -0.2332041176 -0.1012499665 -0.2260665473 0.0841821588 0.1417237261 0.0195630244 0.0601599386 0.1662067255 0.0143747070 -0.0612688038 -0.0464076819 -0.0330919587 -0.2085818814 0.0661482511 -0.0302650676 0.0297584541 0.0076496508 0.0573166997 0.0154179839 0.0642068164 -0.0689858782 0.0200079952 0.2630129896 0.0552777128 0.0029620672 0.0581553013 -0.0120065666 -0.0590983231 -0.0613961859 0.0196123616 -0.0007546365 0.0436821711 -0.0206956708 0.0410338735 -0.0852067996 0.0834890152 -0.1046355718 0.1471911888 -0.1157936864 -0.0854671147 0.0791570095 -0.0894686511 0.0132096422 -0.0555312661 0.0432944751 0.0261278093 0.0250478874 -0.1788191664 0.0090609194 0.1365632429 0.1052654611 -0.0702897243 -0.0239737134 -0.1600505815 -0.0209243102 -0.0526175792 -0.0186551990 -0.0218120576 -0.0383918167 0.0217219232 0.0880188935 -0.0107601175 0.1715797730 0.1027969026 -0.2172111744 -0.0291231224 0.0116576562 -0.0289439468 0.1112363593 -0.1285937495 -0.1248178836 0.0075716431 
0.0988428417 0.0040177197 -0.0652998048 0.0428143147 -0.1529170763 0.0676391333 -0.0425026937 0.1274200620 -0.0962657089 0.1920120811 -0.0323328942 0.0370102226 -0.0905478766 0.0061556751 -0.0227017822 0.0515598586 0.0953842099 -0.0213666741 -0.1104583162 0.0254742476 0.1365084040 -0.0994299423 -0.0756695275 -0.1692696783 0.0414387534 0.0453675606 -0.1016172878 -0.0530000736 0.1446682835 0.0484174080 -0.0874422420 -0.0308790945 -0.0262070570 -0.0711395039 -0.0418876543 -0.0166227364 0.1632209463 -0.0134998087 -0.1474681886 0.1631647747 0.0787053885 -0.0471961742 0.0408349221 0.0266922742 0.2091948413 -0.1348538360 -0.1248842889 0.1137437251 0.0747112517 -0.2367249897 0.0731082043 -0.0155585351 0.0810793080 -0.0319788843 0.1403626046 0.0472830488 -0.0028525012 -0.0483715873 0.0130340164 -0.0544516946 0.0423224556 -0.1578802627 -0.0377475060 0.1161673534 0.0942143498 -0.0195569477 0.0113083813 -0.0839319655 0.0587194691 -0.1044904657 0.0678866020 0.1706290314 0.1126779606 -0.1337067170 0.1470392374 -0.0840909576 0.1024547883 -0.0710910138 -0.1116419461 -0.0956608471 0.0354398178 -0.0646273244 0.0286492655 0.1323280944 0.0899568099 0.0431056797 0.0610495451 -0.0942157326 0.0208259400 -0.0241693664 0.0445959515 -0.1731187690 0.0197643421 -0.0375616132 -0.0194768676 -0.0208714732 -0.1250696645 -0.2151918744 0.0434572987 0.0672413405 
